2026-08-27T01:06:09.0980570Z Current runner version: '2.336.0'
2026-08-27T01:06:09.0994250Z ##[group]Runner Image Provisioner
2026-08-27T01:06:09.0994770Z Hosted Compute Agent
2026-08-27T01:06:09.0995130Z Version: 20260707.563
2026-08-27T01:06:09.0995530Z Commit: 02667638d2b423fbc733a8e32a88b44996a3ba6e
2026-08-27T01:06:09.0995990Z Build Date: 2026-07-07T19:33:50Z
2026-08-27T01:06:09.0996420Z Worker ID: {007a709e-24ce-4077-8253-d290d6ccf843}
2026-08-27T01:06:09.0996870Z Azure Region: westus
2026-08-27T01:06:09.0997230Z ##[endgroup]
2026-08-27T01:06:09.0998060Z ##[group]Operating System
2026-08-27T01:06:09.0998440Z macOS
2026-08-27T01:06:09.0998760Z 15.7.7
2026-08-27T01:06:09.0999080Z 24G720
2026-08-27T01:06:09.0999410Z ##[endgroup]
2026-08-27T01:06:09.0999780Z ##[group]Runner Image
2026-08-27T01:06:09.1000170Z Image: macos-15-arm64
2026-08-27T01:06:09.1000550Z Version: 20260727.0256.1
2026-08-27T01:06:09.1001410Z Included Software: https://github.com/actions/runner-images/blob/macos-15-arm64/20260727.0256/images/macos/macos-15-arm64-Readme.md
2026-08-27T01:06:09.1002450Z Image Release: https://github.com/actions/runner-images/releases/tag/macos-15-arm64%2F20260727.0256
2026-08-27T01:06:09.1003120Z ##[endgroup]
2026-08-27T01:06:09.1003890Z ##[group]GITHUB_TOKEN Permissions
2026-08-27T01:06:09.1004890Z Actions: write
2026-08-27T01:06:09.1005350Z Contents: read
2026-08-27T01:06:09.1005720Z Metadata: read
2026-08-27T01:06:09.1006080Z ##[endgroup]
2026-08-27T01:06:09.1007400Z Secret source: Actions
2026-08-27T01:06:09.1008040Z Prepare workflow directory
2026-08-27T01:06:09.1221580Z Prepare all required actions
2026-08-27T01:06:09.1255250Z Getting action download info
2026-08-27T01:06:09.5017960Z Download action repository 'actions/checkout@v4' (SHA:11d5960a326750d5838078e36cf38b85af677262)
2026-08-27T01:06:09.6690670Z Download action repository 'actions/upload-artifact@v4' (SHA:ea165f8d65b6e75b540449e92b4886f43607fa02)
2026-08-27T01:06:09.8367880Z Complete job name: build-and-package
2026-08-27T01:06:09.8934090Z Node 20 is being deprecated. This workflow is running with Node 24 by default. If you need to temporarily use Node 20, you can set the ACTIONS_ALLOW_USE_UNSECURE_NODE_VERSION=true environment variable. For more information see: https://github.blog/changelog/2025-09-19-deprecation-of-node-20-on-github-actions-runners/
2026-08-27T01:06:09.8940570Z ##[group]Run actions/checkout@v4
2026-08-27T01:06:09.8941050Z with:
2026-08-27T01:06:09.8941380Z   repository: rahart1362/Tally
2026-08-27T01:06:09.8944180Z   token: ***
2026-08-27T01:06:09.8944500Z   ssh-strict: true
2026-08-27T01:06:09.8944820Z   ssh-user: git
2026-08-27T01:06:09.8945150Z   persist-credentials: true
2026-08-27T01:06:09.8945510Z   clean: true
2026-08-27T01:06:09.8945840Z   sparse-checkout-cone-mode: true
2026-08-27T01:06:09.8946220Z   fetch-depth: 1
2026-08-27T01:06:09.8946530Z   fetch-tags: false
2026-08-27T01:06:09.8946860Z   show-progress: true
2026-08-27T01:06:09.8947180Z   lfs: false
2026-08-27T01:06:09.8947520Z   submodules: false
2026-08-27T01:06:09.8947850Z   set-safe-directory: true
2026-08-27T01:06:09.8948230Z   allow-unsafe-pr-checkout: false
2026-08-27T01:06:09.8948710Z ##[endgroup]
2026-08-27T01:06:10.2466790Z Syncing repository: rahart1362/Tally
2026-08-27T01:06:10.2468410Z ##[group]Getting Git version info
2026-08-27T01:06:10.2468930Z Working directory is '/Users/runner/work/Tally/Tally'
2026-08-27T01:06:10.2469710Z [command]/opt/homebrew/bin/git version
2026-08-27T01:06:10.3019860Z git version 2.55.0
2026-08-27T01:06:10.3043180Z ##[endgroup]
2026-08-27T01:06:10.3060500Z Copying '/Users/runner/.gitconfig' to '/Users/runner/work/_temp/55cfef3d-2f79-435a-8eba-4a5ed8f1465f/.gitconfig'
2026-08-27T01:06:10.3073110Z Temporarily overriding HOME='/Users/runner/work/_temp/55cfef3d-2f79-435a-8eba-4a5ed8f1465f' before making global git config changes
2026-08-27T01:06:10.3074410Z Adding repository directory to the temporary git global config as a safe directory
2026-08-27T01:06:10.3076810Z [command]/opt/homebrew/bin/git config --global --add safe.directory /Users/runner/work/Tally/Tally
2026-08-27T01:06:10.3215740Z Deleting the contents of '/Users/runner/work/Tally/Tally'
2026-08-27T01:06:10.3220900Z ##[group]Initializing the repository
2026-08-27T01:06:10.3226170Z [command]/opt/homebrew/bin/git init /Users/runner/work/Tally/Tally
2026-08-27T01:06:10.3526740Z hint: Using 'master' as the name for the initial branch. This default branch name
2026-08-27T01:06:10.3536470Z hint: will change to "main" in Git 3.0. To configure the initial branch name
2026-08-27T01:06:10.3539010Z hint: to use in all of your new repositories, which will suppress this warning,
2026-08-27T01:06:10.3539770Z hint: call:
2026-08-27T01:06:10.3540240Z hint:
2026-08-27T01:06:10.3543100Z hint: 	git config --global init.defaultBranch <name>
2026-08-27T01:06:10.3544390Z hint:
2026-08-27T01:06:10.3545040Z hint: Names commonly chosen instead of 'master' are 'main', 'trunk' and
2026-08-27T01:06:10.3546060Z hint: 'development'. The just-created branch can be renamed via this command:
2026-08-27T01:06:10.3546770Z hint:
2026-08-27T01:06:10.3547310Z hint: 	git branch -m <name>
2026-08-27T01:06:10.3547760Z hint:
2026-08-27T01:06:10.3570180Z hint: Disable this message with "git config set advice.defaultBranchName false"
2026-08-27T01:06:10.3572960Z Initialized empty Git repository in /Users/runner/work/Tally/Tally/.git/
2026-08-27T01:06:10.3575150Z [command]/opt/homebrew/bin/git remote add origin https://github.com/rahart1362/Tally
2026-08-27T01:06:10.3635640Z ##[endgroup]
2026-08-27T01:06:10.3636940Z ##[group]Disabling automatic garbage collection
2026-08-27T01:06:10.3638700Z [command]/opt/homebrew/bin/git config --local gc.auto 0
2026-08-27T01:06:10.3718250Z ##[endgroup]
2026-08-27T01:06:10.3718910Z ##[group]Setting up auth
2026-08-27T01:06:10.3723640Z [command]/opt/homebrew/bin/git config --local --name-only --get-regexp core\.sshCommand
2026-08-27T01:06:10.3797780Z [command]/opt/homebrew/bin/git submodule foreach --recursive sh -c "git config --local --name-only --get-regexp 'core\.sshCommand' && git config --local --unset-all 'core.sshCommand' || :"
2026-08-27T01:06:10.4869910Z [command]/opt/homebrew/bin/git config --local --name-only --get-regexp http\.https\:\/\/github\.com\/\.extraheader
2026-08-27T01:06:10.5100170Z [command]/opt/homebrew/bin/git submodule foreach --recursive sh -c "git config --local --name-only --get-regexp 'http\.https\:\/\/github\.com\/\.extraheader' && git config --local --unset-all 'http.https://github.com/.extraheader' || :"
2026-08-27T01:06:10.6002080Z [command]/opt/homebrew/bin/git config --local --name-only --get-regexp ^includeIf\.gitdir:
2026-08-27T01:06:10.6071370Z [command]/opt/homebrew/bin/git submodule foreach --recursive git config --local --show-origin --name-only --get-regexp remote.origin.url
2026-08-27T01:06:10.7455020Z [command]/opt/homebrew/bin/git config --local http.https://github.com/.extraheader AUTHORIZATION: basic ***
2026-08-27T01:06:10.7577270Z ##[endgroup]
2026-08-27T01:06:10.7681800Z ##[group]Fetching the repository
2026-08-27T01:06:10.7771710Z [command]/opt/homebrew/bin/git -c protocol.version=2 fetch --no-tags --prune --no-recurse-submodules --depth=1 origin +dfd134dc95950af580edda95aad14d5f3e743965:refs/remotes/origin/main
2026-08-27T01:06:11.4463280Z From https://github.com/rahart1362/Tally
2026-08-27T01:06:11.4464570Z  * [new ref]         dfd134dc95950af580edda95aad14d5f3e743965 -> origin/main
2026-08-27T01:06:11.4467220Z ##[endgroup]
2026-08-27T01:06:11.4468120Z ##[group]Determining the checkout info
2026-08-27T01:06:11.4469090Z ##[endgroup]
2026-08-27T01:06:11.4471500Z [command]/opt/homebrew/bin/git sparse-checkout disable
2026-08-27T01:06:11.4540010Z [command]/opt/homebrew/bin/git config --local --unset-all extensions.worktreeConfig
2026-08-27T01:06:11.4598210Z ##[group]Checking out the ref
2026-08-27T01:06:11.4600790Z [command]/opt/homebrew/bin/git checkout --progress --force -B main refs/remotes/origin/main
2026-08-27T01:06:11.5141590Z Switched to a new branch 'main'
2026-08-27T01:06:11.5147190Z branch 'main' set up to track 'origin/main'.
2026-08-27T01:06:11.5154970Z ##[endgroup]
2026-08-27T01:06:11.5229530Z [command]/opt/homebrew/bin/git log -1 --format=%H
2026-08-27T01:06:11.5286470Z dfd134dc95950af580edda95aad14d5f3e743965
2026-08-27T01:06:11.5500240Z ##[group]Run brew install xcodegen
2026-08-27T01:06:11.5501310Z [36;1mbrew install xcodegen[0m
2026-08-27T01:06:11.5541840Z shell: /bin/bash -e {0}
2026-08-27T01:06:11.5542710Z ##[endgroup]
2026-08-27T01:06:14.4946930Z ##[warning]The following taps are not trusted:
  aws/tap

Homebrew is currently ignoring formulae, casks and commands from these taps because tap trust is required.
Untap them with:
  brew untap aws/tap
Trust specific formulae, casks and commands with:
  brew trust --formula <user>/<tap>/<formula>
  brew trust --cask <user>/<tap>/<cask>
  brew trust --command <user>/<tap>/<command>
Whole-tap trust is broader and includes all current and future formulae,
casks and commands from the listed taps. Trust whole taps with:
  brew trust aws/tap
To disable trust checks:
  export HOMEBREW_NO_REQUIRE_TAP_TRUST=1
This is not recommended and will be removed in a later release.
For more information, see:
  https://docs.brew.sh/Tap-Trust

2026-08-27T01:06:15.0419510Z [34m==>[0m [1mWould install 1 formula:[0m
2026-08-27T01:06:15.0521650Z xcodegen
2026-08-27T01:06:15.0531540Z [34m==>[0m [1mDownloading https://ghcr.io/v2/homebrew/core/xcodegen/manifests/2.46.0-1[0m
2026-08-27T01:06:15.2507150Z [32m==>[0m [1mFetching downloads for: [32mxcodegen[39m[0m
2026-08-27T01:06:15.5912220Z ✔︎ Bottle xcodegen (2.46.0)
2026-08-27T01:06:15.6185660Z [34m==>[0m [1mPouring xcodegen--2.46.0.arm64_sequoia.bottle.1.tar.gz[0m
2026-08-27T01:06:15.6847490Z 🍺  /opt/homebrew/Cellar/xcodegen/2.46.0: 38 files, 7.5MB
2026-08-27T01:06:15.7011840Z ##[group]Run xcodegen -s apps/TallyiOS/project.yml
2026-08-27T01:06:15.7012290Z [36;1mxcodegen -s apps/TallyiOS/project.yml[0m
2026-08-27T01:06:15.7044380Z shell: /bin/bash -e {0}
2026-08-27T01:06:15.7044640Z ##[endgroup]
2026-08-27T01:06:15.7594010Z ⚙️  Generating plists...
2026-08-27T01:06:15.7594630Z ⚙️  Generating project...
2026-08-27T01:06:15.7661730Z ⚙️  Writing project...
2026-08-27T01:06:15.7714320Z Created project at /Users/runner/work/Tally/Tally/apps/TallyiOS/TallyApp.xcodeproj
2026-08-27T01:06:15.7764720Z ##[group]Run xcodebuild clean build \
2026-08-27T01:06:15.7765000Z [36;1mxcodebuild clean build \[0m
2026-08-27T01:06:15.7765340Z [36;1m  -project apps/TallyiOS/TallyApp.xcodeproj \[0m
2026-08-27T01:06:15.7765600Z [36;1m  -scheme TallyApp \[0m
2026-08-27T01:06:15.7765790Z [36;1m  -sdk iphoneos \[0m
2026-08-27T01:06:15.7766010Z [36;1m  -configuration Debug \[0m
2026-08-27T01:06:15.7766230Z [36;1m  -derivedDataPath build \[0m
2026-08-27T01:06:15.7766460Z [36;1m  CODE_SIGN_IDENTITY="" \[0m
2026-08-27T01:06:15.7766680Z [36;1m  CODE_SIGNING_REQUIRED=NO \[0m
2026-08-27T01:06:15.7766920Z [36;1m  CODE_SIGNING_ALLOWED=NO[0m
2026-08-27T01:06:15.7800430Z shell: /bin/bash -e {0}
2026-08-27T01:06:15.7800680Z ##[endgroup]
2026-08-27T01:06:16.8794320Z Command line invocation:
2026-08-27T01:06:16.8797330Z     /Applications/Xcode_16.4.app/Contents/Developer/usr/bin/xcodebuild clean build -project apps/TallyiOS/TallyApp.xcodeproj -scheme TallyApp -sdk iphoneos -configuration Debug -derivedDataPath build CODE_SIGN_IDENTITY= CODE_SIGNING_REQUIRED=NO CODE_SIGNING_ALLOWED=NO
2026-08-27T01:06:16.8800280Z 
2026-08-27T01:06:16.8801870Z Build settings from command line:
2026-08-27T01:06:16.8802660Z     CODE_SIGN_IDENTITY = 
2026-08-27T01:06:16.8804430Z     CODE_SIGNING_ALLOWED = NO
2026-08-27T01:06:16.8805430Z     CODE_SIGNING_REQUIRED = NO
2026-08-27T01:06:16.8806260Z     SDKROOT = iphoneos18.5
2026-08-27T01:06:16.8808770Z 
2026-08-27T01:06:18.7808380Z Resolve Package Graph
2026-08-27T01:06:30.3488910Z 
2026-08-27T01:06:30.3596030Z Resolve Package Graph
2026-08-27T01:06:30.5031550Z 
2026-08-27T01:06:30.5185550Z 
2026-08-27T01:06:30.5302900Z Resolved source packages:
2026-08-27T01:06:30.5472330Z   TallyPackages: /Users/runner/work/Tally/Tally
2026-08-27T01:06:30.5623050Z 
2026-08-27T01:06:30.6209160Z --- xcodebuild: WARNING: Using the first of multiple matching destinations:
2026-08-27T01:06:30.6312110Z { platform:iOS, id:dvtdevice-DVTiPhonePlaceholder-iphoneos:placeholder, name:Any iOS Device }
2026-08-27T01:06:30.6509570Z { platform:macOS, arch:arm64, variant:Designed for [iPad,iPhone], id:9dd3ca90ca5a7b8b254121de998068a1815041d9, name:My Mac }
2026-08-27T01:06:30.6613010Z { platform:iOS Simulator, id:dvtdevice-DVTiOSDeviceSimulatorPlaceholder-iphonesimulator:placeholder, name:Any iOS Simulator Device }
2026-08-27T01:06:30.6613740Z note: Using codesigning identity override: 
2026-08-27T01:06:31.2369760Z ComputePackagePrebuildTargetDependencyGraph
2026-08-27T01:06:31.5360580Z 
2026-08-27T01:06:31.5461340Z CreateBuildRequest
2026-08-27T01:06:31.5561350Z 
2026-08-27T01:06:31.5662110Z SendProjectDescription
2026-08-27T01:06:31.5762290Z 
2026-08-27T01:06:31.5862930Z CreateBuildOperation
2026-08-27T01:06:31.5962980Z 
2026-08-27T01:06:31.6587070Z ** CLEAN SUCCEEDED **
2026-08-27T01:06:31.6688250Z 
2026-08-27T01:06:31.6795560Z --- xcodebuild: WARNING: Using the first of multiple matching destinations:
2026-08-27T01:06:31.6896990Z { platform:iOS, id:dvtdevice-DVTiPhonePlaceholder-iphoneos:placeholder, name:Any iOS Device }
2026-08-27T01:06:31.6897600Z note: Using codesigning identity override: 
2026-08-27T01:06:31.6999350Z { platform:macOS, arch:arm64, variant:Designed for [iPad,iPhone], id:9dd3ca90ca5a7b8b254121de998068a1815041d9, name:My Mac }
2026-08-27T01:06:31.6999990Z ComputePackagePrebuildTargetDependencyGraph
2026-08-27T01:06:31.7100240Z { platform:iOS Simulator, id:dvtdevice-DVTiOSDeviceSimulatorPlaceholder-iphonesimulator:placeholder, name:Any iOS Simulator Device }
2026-08-27T01:06:31.7200610Z { platform:visionOS Simulator, arch:arm64, variant:Designed for [iPad,iPhone], id:6FA89B0A-8E11-400F-AA9E-6E4A46FF1DCD, OS:2.3, name:Apple Vision Pro }
2026-08-27T01:06:31.7302210Z { platform:visionOS Simulator, arch:arm64, variant:Designed for [iPad,iPhone], id:DAB4F4BD-EA77-4C53-9CAE-D57670A0290C, OS:2.4, name:Apple Vision Pro }
2026-08-27T01:06:31.7404700Z { platform:visionOS Simulator, arch:arm64, variant:Designed for [iPad,iPhone], id:61D473AD-16FE-404B-A55D-EED2211C9351, OS:2.5, name:Apple Vision Pro }
2026-08-27T01:06:31.7504300Z { platform:visionOS Simulator, arch:arm64, variant:Designed for [iPad,iPhone], id:CA194594-4EA3-4A9D-A8E2-1B283839C1C3, OS:26.1, name:Apple Vision Pro }
2026-08-27T01:06:31.7605820Z { platform:visionOS Simulator, arch:arm64, variant:Designed for [iPad,iPhone], id:F0F04569-6429-4334-862F-1FB7B26FEB1E, OS:26.2, name:Apple Vision Pro }
2026-08-27T01:06:31.7622380Z 
2026-08-27T01:06:31.7707520Z { platform:iOS Simulator, arch:arm64, id:AAE7FB86-0109-4C63-8150-E51BAD69451F, OS:18.5, name:iPad (10th generation) }
2026-08-27T01:06:31.7722670Z Prepare packages
2026-08-27T01:06:31.7807880Z { platform:iOS Simulator, arch:x86_64, id:AAE7FB86-0109-4C63-8150-E51BAD69451F, OS:18.5, name:iPad (10th generation) }
2026-08-27T01:06:31.7823020Z 
2026-08-27T01:06:31.7924300Z { platform:iOS Simulator, arch:arm64, id:A2413B70-D3AD-4314-8974-F6179EAA514B, OS:18.6, name:iPad (10th generation) }
2026-08-27T01:06:31.7925200Z CreateBuildRequest
2026-08-27T01:06:31.8012530Z { platform:iOS Simulator, arch:x86_64, id:A2413B70-D3AD-4314-8974-F6179EAA514B, OS:18.6, name:iPad (10th generation) }
2026-08-27T01:06:31.8027300Z 
2026-08-27T01:06:31.8128180Z { platform:iOS Simulator, arch:arm64, id:44195790-7DCD-4077-973B-3E23001A9121, OS:26.0.1, name:iPad (10th generation) }
2026-08-27T01:06:31.8128700Z SendProjectDescription
2026-08-27T01:06:31.8231750Z { platform:iOS Simulator, arch:x86_64, id:44195790-7DCD-4077-973B-3E23001A9121, OS:26.0.1, name:iPad (10th generation) }
2026-08-27T01:06:31.8333080Z { platform:iOS Simulator, arch:arm64, id:A42484BF-D08B-4F07-9C4E-4461F4AF5C9A, OS:26.1, name:iPad (10th generation) }
2026-08-27T01:06:31.8435090Z { platform:iOS Simulator, arch:x86_64, id:A42484BF-D08B-4F07-9C4E-4461F4AF5C9A, OS:26.1, name:iPad (10th generation) }
2026-08-27T01:06:31.8536700Z { platform:iOS Simulator, arch:arm64, id:69EDE708-A876-4FA8-BFB3-594019152508, OS:26.2, name:iPad (10th generation) }
2026-08-27T01:06:31.8638520Z { platform:iOS Simulator, arch:x86_64, id:69EDE708-A876-4FA8-BFB3-594019152508, OS:26.2, name:iPad (10th generation) }
2026-08-27T01:06:31.8739950Z { platform:iOS Simulator, arch:arm64, id:D4EA1095-702D-4901-9FBD-A459F3C44C04, OS:18.5, name:iPad (A16) }
2026-08-27T01:06:31.8841330Z { platform:iOS Simulator, arch:x86_64, id:D4EA1095-702D-4901-9FBD-A459F3C44C04, OS:18.5, name:iPad (A16) }
2026-08-27T01:06:31.8942700Z { platform:iOS Simulator, arch:arm64, id:CB13FB5D-F69B-4822-8E30-DD8E69D395FC, OS:18.6, name:iPad (A16) }
2026-08-27T01:06:31.9045200Z { platform:iOS Simulator, arch:x86_64, id:CB13FB5D-F69B-4822-8E30-DD8E69D395FC, OS:18.6, name:iPad (A16) }
2026-08-27T01:06:31.9147460Z { platform:iOS Simulator, arch:arm64, id:7B812B40-761D-43B5-82A8-BE34EC8FF087, OS:26.0.1, name:iPad (A16) }
2026-08-27T01:06:31.9147820Z 
2026-08-27T01:06:31.9249170Z { platform:iOS Simulator, arch:x86_64, id:7B812B40-761D-43B5-82A8-BE34EC8FF087, OS:26.0.1, name:iPad (A16) }
2026-08-27T01:06:31.9249810Z CreateBuildOperation
2026-08-27T01:06:31.9351320Z { platform:iOS Simulator, arch:arm64, id:5E6809DC-5E98-4CC8-99AC-9B3A4545CBD6, OS:26.1, name:iPad (A16) }
2026-08-27T01:06:31.9351820Z 
2026-08-27T01:06:31.9452970Z { platform:iOS Simulator, arch:x86_64, id:5E6809DC-5E98-4CC8-99AC-9B3A4545CBD6, OS:26.1, name:iPad (A16) }
2026-08-27T01:06:31.9453600Z ComputeTargetDependencyGraph
2026-08-27T01:06:31.9555980Z { platform:iOS Simulator, arch:arm64, id:6BFCFA36-7108-4FFB-B46E-C8297FA4867B, OS:26.2, name:iPad (A16) }
2026-08-27T01:06:31.9658780Z { platform:iOS Simulator, arch:x86_64, id:6BFCFA36-7108-4FFB-B46E-C8297FA4867B, OS:26.2, name:iPad (A16) }
2026-08-27T01:06:31.9765160Z { platform:iOS Simulator, arch:arm64, id:C3206911-2A7E-408E-AFFF-997B93254185, OS:18.5, name:iPad Air 11-inch (M2) }
2026-08-27T01:06:31.9882170Z { platform:iOS Simulator, arch:x86_64, id:C3206911-2A7E-408E-AFFF-997B93254185, OS:18.5, name:iPad Air 11-inch (M2) }
2026-08-27T01:06:31.9924550Z { platform:iOS Simulator, arch:arm64, id:E3CBA744-4864-4809-9F39-A4EE0BB32F3D, OS:18.6, name:iPad Air 11-inch (M2) }
2026-08-27T01:06:32.0028860Z { platform:iOS Simulator, arch:x86_64, id:E3CBA744-4864-4809-9F39-A4EE0BB32F3D, OS:18.6, name:iPad Air 11-inch (M2) }
2026-08-27T01:06:32.0130840Z { platform:iOS Simulator, arch:arm64, id:B7D3E92B-D3CE-46EF-A972-418815AB19FF, OS:26.0.1, name:iPad Air 11-inch (M2) }
2026-08-27T01:06:32.0228860Z { platform:iOS Simulator, arch:x86_64, id:B7D3E92B-D3CE-46EF-A972-418815AB19FF, OS:26.0.1, name:iPad Air 11-inch (M2) }
2026-08-27T01:06:32.0300060Z { platform:iOS Simulator, arch:arm64, id:C613C31C-ED3A-4A0C-91A5-A897C9E65A78, OS:26.1, name:iPad Air 11-inch (M2) }
2026-08-27T01:06:32.0403150Z { platform:iOS Simulator, arch:x86_64, id:C613C31C-ED3A-4A0C-91A5-A897C9E65A78, OS:26.1, name:iPad Air 11-inch (M2) }
2026-08-27T01:06:32.0504720Z { platform:iOS Simulator, arch:arm64, id:B29E7874-A946-42BE-9EA2-9C837C1F9098, OS:26.2, name:iPad Air 11-inch (M2) }
2026-08-27T01:06:32.0857510Z { platform:iOS Simulator, arch:x86_64, id:B29E7874-A946-42BE-9EA2-9C837C1F9098, OS:26.2, name:iPad Air 11-inch (M2) }
2026-08-27T01:06:32.0960630Z { platform:iOS Simulator, arch:arm64, id:ECD789BB-C955-4299-9BC0-17750A0B75D0, OS:18.5, name:iPad Air 11-inch (M3) }
2026-08-27T01:06:32.1119540Z { platform:iOS Simulator, arch:x86_64, id:ECD789BB-C955-4299-9BC0-17750A0B75D0, OS:18.5, name:iPad Air 11-inch (M3) }
2026-08-27T01:06:32.1208220Z note: Building targets in dependency order
2026-08-27T01:06:32.1222610Z { platform:iOS Simulator, arch:arm64, id:C48B34E5-8277-4F6A-AB66-B519AA5F1167, OS:18.6, name:iPad Air 11-inch (M3) }
2026-08-27T01:06:32.1456670Z note: Target dependency graph (12 targets)
2026-08-27T01:06:32.1459810Z { platform:iOS Simulator, arch:x86_64, id:C48B34E5-8277-4F6A-AB66-B519AA5F1167, OS:18.6, name:iPad Air 11-inch (M3) }
2026-08-27T01:06:32.1560600Z     Target 'TallyApp' in project 'TallyApp'
2026-08-27T01:06:32.1564610Z { platform:iOS Simulator, arch:arm64, id:93D73896-32C9-4B38-85D4-092C85F003E9, OS:26.0.1, name:iPad Air 11-inch (M3) }
2026-08-27T01:06:32.1568570Z         ➜ Explicit dependency on target 'TallyAppFeature' in project 'TallyPackages'
2026-08-27T01:06:32.1569700Z     Target 'TallyAppFeature' in project 'TallyPackages'
2026-08-27T01:06:32.1570330Z         ➜ Explicit dependency on target 'TallyAppFeature' in project 'TallyPackages'
2026-08-27T01:06:32.1571570Z         ➜ Explicit dependency on target 'TallyDesignSystem' in project 'TallyPackages'
2026-08-27T01:06:32.1572190Z         ➜ Explicit dependency on target 'TallyDomain' in project 'TallyPackages'
2026-08-27T01:06:32.1572850Z         ➜ Explicit dependency on target 'TallySecurity' in project 'TallyPackages'
2026-08-27T01:06:32.1573550Z         ➜ Explicit dependency on target 'TallyObservability' in project 'TallyPackages'
2026-08-27T01:06:32.1574080Z         ➜ Explicit dependency on target 'TallyCache' in project 'TallyPackages'
2026-08-27T01:06:32.1575050Z         ➜ Explicit dependency on target 'TallyCanvasKit' in project 'TallyPackages'
2026-08-27T01:06:32.1575630Z         ➜ Explicit dependency on target 'TallyData' in project 'TallyPackages'
2026-08-27T01:06:32.1576240Z         ➜ Explicit dependency on target 'TallyCalendarSync' in project 'TallyPackages'
2026-08-27T01:06:32.1576780Z         ➜ Explicit dependency on target 'TallyNotifications' in project 'TallyPackages'
2026-08-27T01:06:32.1577280Z     Target 'TallyAppFeature' in project 'TallyPackages'
2026-08-27T01:06:32.1577810Z         ➜ Explicit dependency on target 'TallyDesignSystem' in project 'TallyPackages'
2026-08-27T01:06:32.1578470Z         ➜ Explicit dependency on target 'TallyDomain' in project 'TallyPackages'
2026-08-27T01:06:32.1579140Z         ➜ Explicit dependency on target 'TallySecurity' in project 'TallyPackages'
2026-08-27T01:06:32.1579710Z         ➜ Explicit dependency on target 'TallyObservability' in project 'TallyPackages'
2026-08-27T01:06:32.1580740Z         ➜ Explicit dependency on target 'TallyCache' in project 'TallyPackages'
2026-08-27T01:06:32.1581270Z         ➜ Explicit dependency on target 'TallyCanvasKit' in project 'TallyPackages'
2026-08-27T01:06:32.1582300Z         ➜ Explicit dependency on target 'TallyData' in project 'TallyPackages'
2026-08-27T01:06:32.1583580Z         ➜ Explicit dependency on target 'TallyCalendarSync' in project 'TallyPackages'
2026-08-27T01:06:32.1584200Z         ➜ Explicit dependency on target 'TallyNotifications' in project 'TallyPackages'
2026-08-27T01:06:32.1584750Z     Target 'TallyNotifications' in project 'TallyPackages'
2026-08-27T01:06:32.1585290Z         ➜ Explicit dependency on target 'TallyDomain' in project 'TallyPackages'
2026-08-27T01:06:32.1585870Z         ➜ Explicit dependency on target 'TallyObservability' in project 'TallyPackages'
2026-08-27T01:06:32.1586310Z     Target 'TallyCalendarSync' in project 'TallyPackages'
2026-08-27T01:06:32.1586830Z         ➜ Explicit dependency on target 'TallyDomain' in project 'TallyPackages'
2026-08-27T01:06:32.1587340Z         ➜ Explicit dependency on target 'TallyObservability' in project 'TallyPackages'
2026-08-27T01:06:32.1587870Z     Target 'TallyData' in project 'TallyPackages'
2026-08-27T01:06:32.1588450Z         ➜ Explicit dependency on target 'TallyDomain' in project 'TallyPackages'
2026-08-27T01:06:32.1588970Z         ➜ Explicit dependency on target 'TallySecurity' in project 'TallyPackages'
2026-08-27T01:06:32.1590030Z         ➜ Explicit dependency on target 'TallyObservability' in project 'TallyPackages'
2026-08-27T01:06:32.1590580Z         ➜ Explicit dependency on target 'TallyCache' in project 'TallyPackages'
2026-08-27T01:06:32.1591360Z         ➜ Explicit dependency on target 'TallyCanvasKit' in project 'TallyPackages'
2026-08-27T01:06:32.1591880Z     Target 'TallyCanvasKit' in project 'TallyPackages'
2026-08-27T01:06:32.1592500Z         ➜ Explicit dependency on target 'TallyDomain' in project 'TallyPackages'
2026-08-27T01:06:32.1594950Z         ➜ Explicit dependency on target 'TallySecurity' in project 'TallyPackages'
2026-08-27T01:06:32.1596060Z         ➜ Explicit dependency on target 'TallyObservability' in project 'TallyPackages'
2026-08-27T01:06:32.1596640Z     Target 'TallyCache' in project 'TallyPackages'
2026-08-27T01:06:32.1597170Z         ➜ Explicit dependency on target 'TallySecurity' in project 'TallyPackages'
2026-08-27T01:06:32.1597940Z         ➜ Explicit dependency on target 'TallyObservability' in project 'TallyPackages'
2026-08-27T01:06:32.1598570Z     Target 'TallyObservability' in project 'TallyPackages' (no dependencies)
2026-08-27T01:06:32.1599180Z     Target 'TallySecurity' in project 'TallyPackages' (no dependencies)
2026-08-27T01:06:32.1600450Z     Target 'TallyDomain' in project 'TallyPackages' (no dependencies)
2026-08-27T01:06:32.1601130Z     Target 'TallyDesignSystem' in project 'TallyPackages' (no dependencies)
2026-08-27T01:06:32.1601460Z 
2026-08-27T01:06:32.1601690Z GatherProvisioningInputs
2026-08-27T01:06:32.1601850Z 
2026-08-27T01:06:32.1602170Z CreateBuildDescription
2026-08-27T01:06:32.1704000Z { platform:iOS Simulator, arch:x86_64, id:93D73896-32C9-4B38-85D4-092C85F003E9, OS:26.0.1, name:iPad Air 11-inch (M3) }
2026-08-27T01:06:32.1805890Z { platform:iOS Simulator, arch:arm64, id:678F7E17-2ED1-4932-8DDC-EE2000A827C8, OS:26.1, name:iPad Air 11-inch (M3) }
2026-08-27T01:06:32.1908180Z { platform:iOS Simulator, arch:x86_64, id:678F7E17-2ED1-4932-8DDC-EE2000A827C8, OS:26.1, name:iPad Air 11-inch (M3) }
2026-08-27T01:06:32.2009900Z { platform:iOS Simulator, arch:arm64, id:DDF60647-2080-4A4A-923D-99D1728E9305, OS:26.2, name:iPad Air 11-inch (M3) }
2026-08-27T01:06:32.2111400Z { platform:iOS Simulator, arch:x86_64, id:DDF60647-2080-4A4A-923D-99D1728E9305, OS:26.2, name:iPad Air 11-inch (M3) }
2026-08-27T01:06:32.2213260Z { platform:iOS Simulator, arch:arm64, id:5C8A9921-2784-4A41-9C8D-776F9EC0C479, OS:18.5, name:iPad Air 13-inch (M2) }
2026-08-27T01:06:32.2298080Z { platform:iOS Simulator, arch:x86_64, id:5C8A9921-2784-4A41-9C8D-776F9EC0C479, OS:18.5, name:iPad Air 13-inch (M2) }
2026-08-27T01:06:32.2406730Z { platform:iOS Simulator, arch:arm64, id:650CC10A-E63A-42A0-8060-577FD74DE0C6, OS:18.6, name:iPad Air 13-inch (M2) }
2026-08-27T01:06:32.2512790Z { platform:iOS Simulator, arch:x86_64, id:650CC10A-E63A-42A0-8060-577FD74DE0C6, OS:18.6, name:iPad Air 13-inch (M2) }
2026-08-27T01:06:32.2615720Z { platform:iOS Simulator, arch:arm64, id:7CBFFB1E-313C-4982-9B33-408B078F557F, OS:26.0.1, name:iPad Air 13-inch (M2) }
2026-08-27T01:06:32.2718030Z { platform:iOS Simulator, arch:x86_64, id:7CBFFB1E-313C-4982-9B33-408B078F557F, OS:26.0.1, name:iPad Air 13-inch (M2) }
2026-08-27T01:06:32.2820690Z { platform:iOS Simulator, arch:arm64, id:0D52299B-3FCC-4E0E-99E1-EFE17A3E3043, OS:26.1, name:iPad Air 13-inch (M2) }
2026-08-27T01:06:32.2921450Z { platform:iOS Simulator, arch:x86_64, id:0D52299B-3FCC-4E0E-99E1-EFE17A3E3043, OS:26.1, name:iPad Air 13-inch (M2) }
2026-08-27T01:06:32.2922430Z 
2026-08-27T01:06:32.3025690Z { platform:iOS Simulator, arch:arm64, id:6656403F-92FF-4C0E-AA30-70377F932D9F, OS:26.2, name:iPad Air 13-inch (M2) }
2026-08-27T01:06:32.3026700Z ExecuteExternalTool /Applications/Xcode_16.4.app/Contents/Developer/Toolchains/XcodeDefault.xctoolchain/usr/bin/swiftc --version
2026-08-27T01:06:32.3124480Z { platform:iOS Simulator, arch:x86_64, id:6656403F-92FF-4C0E-AA30-70377F932D9F, OS:26.2, name:iPad Air 13-inch (M2) }
2026-08-27T01:06:32.3243380Z { platform:iOS Simulator, arch:arm64, id:BCBB53D3-525D-4809-B856-2D697A2443F3, OS:18.5, name:iPad Air 13-inch (M3) }
2026-08-27T01:06:32.3374340Z { platform:iOS Simulator, arch:x86_64, id:BCBB53D3-525D-4809-B856-2D697A2443F3, OS:18.5, name:iPad Air 13-inch (M3) }
2026-08-27T01:06:32.3478850Z { platform:iOS Simulator, arch:arm64, id:8E5049B6-24D7-47A2-B01E-970B8005F13B, OS:18.6, name:iPad Air 13-inch (M3) }
2026-08-27T01:06:32.3481650Z { platform:iOS Simulator, arch:x86_64, id:8E5049B6-24D7-47A2-B01E-970B8005F13B, OS:18.6, name:iPad Air 13-inch (M3) }
2026-08-27T01:06:32.3586470Z { platform:iOS Simulator, arch:arm64, id:C8DA253A-43C1-4FB1-963A-B10E4E9FE714, OS:26.0.1, name:iPad Air 13-inch (M3) }
2026-08-27T01:06:32.3693610Z { platform:iOS Simulator, arch:x86_64, id:C8DA253A-43C1-4FB1-963A-B10E4E9FE714, OS:26.0.1, name:iPad Air 13-inch (M3) }
2026-08-27T01:06:32.3810060Z { platform:iOS Simulator, arch:arm64, id:8AE6D3E7-8652-43CB-B587-1419B1D2A232, OS:26.1, name:iPad Air 13-inch (M3) }
2026-08-27T01:06:32.3915480Z { platform:iOS Simulator, arch:x86_64, id:8AE6D3E7-8652-43CB-B587-1419B1D2A232, OS:26.1, name:iPad Air 13-inch (M3) }
2026-08-27T01:06:32.4033940Z { platform:iOS Simulator, arch:arm64, id:E7C1EE1A-47F3-41A8-9A43-3840D46E79F4, OS:26.2, name:iPad Air 13-inch (M3) }
2026-08-27T01:06:32.4147290Z { platform:iOS Simulator, arch:x86_64, id:E7C1EE1A-47F3-41A8-9A43-3840D46E79F4, OS:26.2, name:iPad Air 13-inch (M3) }
2026-08-27T01:06:32.4253680Z { platform:iOS Simulator, arch:arm64, id:9E6F0965-2FAB-4329-9B80-2BBC076536A0, OS:18.5, name:iPad Pro 11-inch (M4) }
2026-08-27T01:06:32.4361390Z { platform:iOS Simulator, arch:x86_64, id:9E6F0965-2FAB-4329-9B80-2BBC076536A0, OS:18.5, name:iPad Pro 11-inch (M4) }
2026-08-27T01:06:32.4486350Z { platform:iOS Simulator, arch:arm64, id:11B4A2CE-614D-4CA2-91CC-F3D95296CD41, OS:18.6, name:iPad Pro 11-inch (M4) }
2026-08-27T01:06:32.4605210Z { platform:iOS Simulator, arch:x86_64, id:11B4A2CE-614D-4CA2-91CC-F3D95296CD41, OS:18.6, name:iPad Pro 11-inch (M4) }
2026-08-27T01:06:32.4708350Z { platform:iOS Simulator, arch:arm64, id:0630A378-82FC-46BC-B1A4-AD1F824B713C, OS:26.0.1, name:iPad Pro 11-inch (M4) }
2026-08-27T01:06:32.4824120Z { platform:iOS Simulator, arch:x86_64, id:0630A378-82FC-46BC-B1A4-AD1F824B713C, OS:26.0.1, name:iPad Pro 11-inch (M4) }
2026-08-27T01:06:32.4931440Z { platform:iOS Simulator, arch:arm64, id:E3AA3A6F-5814-4A1D-847A-E122B6D1D446, OS:26.1, name:iPad Pro 11-inch (M4) }
2026-08-27T01:06:32.5063890Z { platform:iOS Simulator, arch:x86_64, id:E3AA3A6F-5814-4A1D-847A-E122B6D1D446, OS:26.1, name:iPad Pro 11-inch (M4) }
2026-08-27T01:06:32.5065810Z { platform:iOS Simulator, arch:arm64, id:F7ACAD41-20B0-4A32-8E9A-5DD37D3323D4, OS:26.2, name:iPad Pro 11-inch (M4) }
2026-08-27T01:06:32.5174340Z { platform:iOS Simulator, arch:x86_64, id:F7ACAD41-20B0-4A32-8E9A-5DD37D3323D4, OS:26.2, name:iPad Pro 11-inch (M4) }
2026-08-27T01:06:32.5292790Z { platform:iOS Simulator, arch:arm64, id:B12580E9-A386-4821-8E24-B376E4637971, OS:26.0.1, name:iPad Pro 11-inch (M5) }
2026-08-27T01:06:32.5399620Z { platform:iOS Simulator, arch:x86_64, id:B12580E9-A386-4821-8E24-B376E4637971, OS:26.0.1, name:iPad Pro 11-inch (M5) }
2026-08-27T01:06:32.5494990Z { platform:iOS Simulator, arch:arm64, id:1119E4D8-E404-4A28-98BA-D9004F6E36B5, OS:26.1, name:iPad Pro 11-inch (M5) }
2026-08-27T01:06:32.5604340Z { platform:iOS Simulator, arch:x86_64, id:1119E4D8-E404-4A28-98BA-D9004F6E36B5, OS:26.1, name:iPad Pro 11-inch (M5) }
2026-08-27T01:06:32.5723510Z { platform:iOS Simulator, arch:arm64, id:BC5D5B88-953E-4BAD-92F6-1B4C05C1B0C6, OS:26.2, name:iPad Pro 11-inch (M5) }
2026-08-27T01:06:32.5828100Z { platform:iOS Simulator, arch:x86_64, id:BC5D5B88-953E-4BAD-92F6-1B4C05C1B0C6, OS:26.2, name:iPad Pro 11-inch (M5) }
2026-08-27T01:06:32.5950100Z { platform:iOS Simulator, arch:arm64, id:A9A8E656-05B3-4418-9927-8F4E348E33C6, OS:18.5, name:iPad Pro 13-inch (M4) }
2026-08-27T01:06:32.6057790Z { platform:iOS Simulator, arch:x86_64, id:A9A8E656-05B3-4418-9927-8F4E348E33C6, OS:18.5, name:iPad Pro 13-inch (M4) }
2026-08-27T01:06:32.6173520Z { platform:iOS Simulator, arch:arm64, id:011B0139-78F7-4F87-B1CE-200595758972, OS:18.6, name:iPad Pro 13-inch (M4) }
2026-08-27T01:06:32.6280490Z { platform:iOS Simulator, arch:x86_64, id:011B0139-78F7-4F87-B1CE-200595758972, OS:18.6, name:iPad Pro 13-inch (M4) }
2026-08-27T01:06:32.6385650Z { platform:iOS Simulator, arch:arm64, id:5DDBAA4B-859E-42D5-857C-ED59BDC7AFE1, OS:26.0.1, name:iPad Pro 13-inch (M4) }
2026-08-27T01:06:32.6523030Z { platform:iOS Simulator, arch:x86_64, id:5DDBAA4B-859E-42D5-857C-ED59BDC7AFE1, OS:26.0.1, name:iPad Pro 13-inch (M4) }
2026-08-27T01:06:32.6626090Z { platform:iOS Simulator, arch:arm64, id:84F73D67-9953-4225-9753-97E6D1B500B9, OS:26.1, name:iPad Pro 13-inch (M4) }
2026-08-27T01:06:32.6729740Z { platform:iOS Simulator, arch:x86_64, id:84F73D67-9953-4225-9753-97E6D1B500B9, OS:26.1, name:iPad Pro 13-inch (M4) }
2026-08-27T01:06:32.6837330Z { platform:iOS Simulator, arch:arm64, id:A412A92F-48AB-4743-8289-E3600FF9FC1D, OS:26.2, name:iPad Pro 13-inch (M4) }
2026-08-27T01:06:32.6938760Z { platform:iOS Simulator, arch:x86_64, id:A412A92F-48AB-4743-8289-E3600FF9FC1D, OS:26.2, name:iPad Pro 13-inch (M4) }
2026-08-27T01:06:32.7045090Z { platform:iOS Simulator, arch:arm64, id:33C6EA07-ECED-4189-9C01-35E66B5D4B09, OS:26.0.1, name:iPad Pro 13-inch (M5) }
2026-08-27T01:06:32.7146900Z { platform:iOS Simulator, arch:x86_64, id:33C6EA07-ECED-4189-9C01-35E66B5D4B09, OS:26.0.1, name:iPad Pro 13-inch (M5) }
2026-08-27T01:06:32.7248510Z { platform:iOS Simulator, arch:arm64, id:49519724-5CC1-4085-B838-3047E3BEEDB4, OS:26.1, name:iPad Pro 13-inch (M5) }
2026-08-27T01:06:32.7350760Z { platform:iOS Simulator, arch:x86_64, id:49519724-5CC1-4085-B838-3047E3BEEDB4, OS:26.1, name:iPad Pro 13-inch (M5) }
2026-08-27T01:06:32.7467500Z { platform:iOS Simulator, arch:arm64, id:8DA445FD-B2E3-40C5-97F6-E2D2AFF0C466, OS:26.2, name:iPad Pro 13-inch (M5) }
2026-08-27T01:06:32.7591040Z { platform:iOS Simulator, arch:x86_64, id:8DA445FD-B2E3-40C5-97F6-E2D2AFF0C466, OS:26.2, name:iPad Pro 13-inch (M5) }
2026-08-27T01:06:32.7698370Z { platform:iOS Simulator, arch:arm64, id:5DD13B99-79F0-4B42-9876-7A6C2586BE3F, OS:18.5, name:iPad mini (A17 Pro) }
2026-08-27T01:06:32.7807580Z { platform:iOS Simulator, arch:x86_64, id:5DD13B99-79F0-4B42-9876-7A6C2586BE3F, OS:18.5, name:iPad mini (A17 Pro) }
2026-08-27T01:06:32.7924560Z { platform:iOS Simulator, arch:arm64, id:7E4C5753-ACBD-4F7C-B82D-71ACE5637419, OS:18.6, name:iPad mini (A17 Pro) }
2026-08-27T01:06:32.8053790Z { platform:iOS Simulator, arch:x86_64, id:7E4C5753-ACBD-4F7C-B82D-71ACE5637419, OS:18.6, name:iPad mini (A17 Pro) }
2026-08-27T01:06:32.8166260Z { platform:iOS Simulator, arch:arm64, id:F83C018A-51B6-4906-84EA-1B6EC3A5FA0C, OS:26.0.1, name:iPad mini (A17 Pro) }
2026-08-27T01:06:32.8271950Z { platform:iOS Simulator, arch:x86_64, id:F83C018A-51B6-4906-84EA-1B6EC3A5FA0C, OS:26.0.1, name:iPad mini (A17 Pro) }
2026-08-27T01:06:32.8376730Z { platform:iOS Simulator, arch:arm64, id:F9B69A1C-7013-4747-AA2C-B88A32054DC7, OS:26.1, name:iPad mini (A17 Pro) }
2026-08-27T01:06:32.8480050Z { platform:iOS Simulator, arch:x86_64, id:F9B69A1C-7013-4747-AA2C-B88A32054DC7, OS:26.1, name:iPad mini (A17 Pro) }
2026-08-27T01:06:32.8582380Z { platform:iOS Simulator, arch:arm64, id:31AB487A-4C9A-4C15-BB71-B05A9E8AF667, OS:26.2, name:iPad mini (A17 Pro) }
2026-08-27T01:06:32.8687480Z { platform:iOS Simulator, arch:x86_64, id:31AB487A-4C9A-4C15-BB71-B05A9E8AF667, OS:26.2, name:iPad mini (A17 Pro) }
2026-08-27T01:06:32.8789810Z { platform:iOS Simulator, arch:arm64, id:E514A76C-D366-4B28-A6F6-E62A57B237C3, OS:18.5, name:iPhone 16 }
2026-08-27T01:06:32.8920230Z { platform:iOS Simulator, arch:x86_64, id:E514A76C-D366-4B28-A6F6-E62A57B237C3, OS:18.5, name:iPhone 16 }
2026-08-27T01:06:32.9025020Z { platform:iOS Simulator, arch:arm64, id:EFDB8D60-FD80-4050-8565-E5B549A72580, OS:18.6, name:iPhone 16 }
2026-08-27T01:06:32.9026820Z { platform:iOS Simulator, arch:x86_64, id:EFDB8D60-FD80-4050-8565-E5B549A72580, OS:18.6, name:iPhone 16 }
2026-08-27T01:06:32.9131350Z { platform:iOS Simulator, arch:arm64, id:D6B3CF20-342F-4AB2-85F5-6D37E0E41DBC, OS:26.0.1, name:iPhone 16 }
2026-08-27T01:06:32.9233370Z { platform:iOS Simulator, arch:x86_64, id:D6B3CF20-342F-4AB2-85F5-6D37E0E41DBC, OS:26.0.1, name:iPhone 16 }
2026-08-27T01:06:32.9338120Z { platform:iOS Simulator, arch:arm64, id:1F9BBFF1-748D-401C-873B-C847555D1BF7, OS:26.1, name:iPhone 16 }
2026-08-27T01:06:32.9440780Z { platform:iOS Simulator, arch:x86_64, id:1F9BBFF1-748D-401C-873B-C847555D1BF7, OS:26.1, name:iPhone 16 }
2026-08-27T01:06:32.9555220Z { platform:iOS Simulator, arch:arm64, id:1556EED5-50E7-4F02-96D3-13F8A52A4EE5, OS:26.2, name:iPhone 16 }
2026-08-27T01:06:32.9685400Z { platform:iOS Simulator, arch:x86_64, id:1556EED5-50E7-4F02-96D3-13F8A52A4EE5, OS:26.2, name:iPhone 16 }
2026-08-27T01:06:32.9792160Z { platform:iOS Simulator, arch:arm64, id:3B55A099-0695-4544-8EE4-D6500755CECA, OS:18.5, name:iPhone 16 Plus }
2026-08-27T01:06:32.9893630Z { platform:iOS Simulator, arch:x86_64, id:3B55A099-0695-4544-8EE4-D6500755CECA, OS:18.5, name:iPhone 16 Plus }
2026-08-27T01:06:32.9994360Z { platform:iOS Simulator, arch:arm64, id:1B851B9B-F6EF-4F36-AA7E-FB65067D5D38, OS:18.6, name:iPhone 16 Plus }
2026-08-27T01:06:33.0095780Z { platform:iOS Simulator, arch:x86_64, id:1B851B9B-F6EF-4F36-AA7E-FB65067D5D38, OS:18.6, name:iPhone 16 Plus }
2026-08-27T01:06:33.0199240Z { platform:iOS Simulator, arch:arm64, id:A6D4A039-FF6E-44EC-B088-5CF82397FE95, OS:26.0.1, name:iPhone 16 Plus }
2026-08-27T01:06:33.0303340Z { platform:iOS Simulator, arch:x86_64, id:A6D4A039-FF6E-44EC-B088-5CF82397FE95, OS:26.0.1, name:iPhone 16 Plus }
2026-08-27T01:06:33.0404990Z { platform:iOS Simulator, arch:arm64, id:06F63BF2-4981-400F-BF45-A0B89C1B4F17, OS:26.1, name:iPhone 16 Plus }
2026-08-27T01:06:33.0509100Z { platform:iOS Simulator, arch:x86_64, id:06F63BF2-4981-400F-BF45-A0B89C1B4F17, OS:26.1, name:iPhone 16 Plus }
2026-08-27T01:06:33.0610760Z { platform:iOS Simulator, arch:arm64, id:6D633C01-3489-4B03-8644-D07201BE7E32, OS:26.2, name:iPhone 16 Plus }
2026-08-27T01:06:33.0711850Z { platform:iOS Simulator, arch:x86_64, id:6D633C01-3489-4B03-8644-D07201BE7E32, OS:26.2, name:iPhone 16 Plus }
2026-08-27T01:06:33.0816080Z { platform:iOS Simulator, arch:arm64, id:9E2C2CF0-7DD4-4B9D-B6CE-63C9E42B95A7, OS:18.5, name:iPhone 16 Pro }
2026-08-27T01:06:33.0927870Z { platform:iOS Simulator, arch:x86_64, id:9E2C2CF0-7DD4-4B9D-B6CE-63C9E42B95A7, OS:18.5, name:iPhone 16 Pro }
2026-08-27T01:06:33.1030180Z { platform:iOS Simulator, arch:arm64, id:34CC95B7-C29A-4B8E-BBF3-F98D76D567D1, OS:18.6, name:iPhone 16 Pro }
2026-08-27T01:06:33.1131710Z { platform:iOS Simulator, arch:x86_64, id:34CC95B7-C29A-4B8E-BBF3-F98D76D567D1, OS:18.6, name:iPhone 16 Pro }
2026-08-27T01:06:33.1232960Z { platform:iOS Simulator, arch:arm64, id:2E6C3419-8FC3-44C1-849F-B310701E2001, OS:26.0.1, name:iPhone 16 Pro }
2026-08-27T01:06:33.1298550Z { platform:iOS Simulator, arch:x86_64, id:2E6C3419-8FC3-44C1-849F-B310701E2001, OS:26.0.1, name:iPhone 16 Pro }
2026-08-27T01:06:33.1413170Z { platform:iOS Simulator, arch:arm64, id:ED3FEDCC-14ED-44C9-848E-4F8961FA1C14, OS:26.1, name:iPhone 16 Pro }
2026-08-27T01:06:33.1516250Z { platform:iOS Simulator, arch:x86_64, id:ED3FEDCC-14ED-44C9-848E-4F8961FA1C14, OS:26.1, name:iPhone 16 Pro }
2026-08-27T01:06:33.1622540Z 
2026-08-27T01:06:33.1629790Z { platform:iOS Simulator, arch:arm64, id:DB7A4F45-473E-4AFF-B207-43FBCE9682DE, OS:26.2, name:iPhone 16 Pro }
2026-08-27T01:06:33.1732490Z ExecuteExternalTool /Applications/Xcode_16.4.app/Contents/Developer/usr/bin/actool --print-asset-tag-combinations --output-format xml1 /Users/runner/work/Tally/Tally/apps/TallyiOS/TallyApp/Assets.xcassets
2026-08-27T01:06:33.1750890Z { platform:iOS Simulator, arch:x86_64, id:DB7A4F45-473E-4AFF-B207-43FBCE9682DE, OS:26.2, name:iPhone 16 Pro }
2026-08-27T01:06:33.1871600Z { platform:iOS Simulator, arch:arm64, id:8CC7D605-111A-4CF2-A950-2DD27575FA27, OS:18.5, name:iPhone 16 Pro Max }
2026-08-27T01:06:33.1992860Z { platform:iOS Simulator, arch:x86_64, id:8CC7D605-111A-4CF2-A950-2DD27575FA27, OS:18.5, name:iPhone 16 Pro Max }
2026-08-27T01:06:33.2095380Z { platform:iOS Simulator, arch:arm64, id:702203A1-30CD-4646-AB47-0B8AF33E7664, OS:18.6, name:iPhone 16 Pro Max }
2026-08-27T01:06:33.2198020Z { platform:iOS Simulator, arch:x86_64, id:702203A1-30CD-4646-AB47-0B8AF33E7664, OS:18.6, name:iPhone 16 Pro Max }
2026-08-27T01:06:33.2305000Z { platform:iOS Simulator, arch:arm64, id:97D13DAE-05D3-471A-B6E9-763C858F587A, OS:26.0.1, name:iPhone 16 Pro Max }
2026-08-27T01:06:33.2407550Z { platform:iOS Simulator, arch:x86_64, id:97D13DAE-05D3-471A-B6E9-763C858F587A, OS:26.0.1, name:iPhone 16 Pro Max }
2026-08-27T01:06:33.2452900Z { platform:iOS Simulator, arch:arm64, id:AD03FCD5-3905-4B5F-94E5-9F6E4B4F1233, OS:26.1, name:iPhone 16 Pro Max }
2026-08-27T01:06:33.2554860Z { platform:iOS Simulator, arch:x86_64, id:AD03FCD5-3905-4B5F-94E5-9F6E4B4F1233, OS:26.1, name:iPhone 16 Pro Max }
2026-08-27T01:06:33.2656100Z { platform:iOS Simulator, arch:arm64, id:7CAF8108-1F43-4791-AAC7-0E4C2D7DE7AA, OS:26.2, name:iPhone 16 Pro Max }
2026-08-27T01:06:33.2757470Z { platform:iOS Simulator, arch:x86_64, id:7CAF8108-1F43-4791-AAC7-0E4C2D7DE7AA, OS:26.2, name:iPhone 16 Pro Max }
2026-08-27T01:06:33.2858800Z { platform:iOS Simulator, arch:arm64, id:2A1430C3-DBB1-474C-8BE3-44E4D92E02EC, OS:18.5, name:iPhone 16e }
2026-08-27T01:06:33.2960000Z { platform:iOS Simulator, arch:x86_64, id:2A1430C3-DBB1-474C-8BE3-44E4D92E02EC, OS:18.5, name:iPhone 16e }
2026-08-27T01:06:33.3061180Z { platform:iOS Simulator, arch:arm64, id:91A54674-B234-449B-9CA1-1052C49FB238, OS:18.6, name:iPhone 16e }
2026-08-27T01:06:33.3162700Z { platform:iOS Simulator, arch:x86_64, id:91A54674-B234-449B-9CA1-1052C49FB238, OS:18.6, name:iPhone 16e }
2026-08-27T01:06:33.3264170Z { platform:iOS Simulator, arch:arm64, id:C896B3A4-D29C-4A91-8EF9-8AE4A3A4F7A5, OS:26.0.1, name:iPhone 16e }
2026-08-27T01:06:33.3366800Z { platform:iOS Simulator, arch:x86_64, id:C896B3A4-D29C-4A91-8EF9-8AE4A3A4F7A5, OS:26.0.1, name:iPhone 16e }
2026-08-27T01:06:33.3468270Z { platform:iOS Simulator, arch:arm64, id:692F8722-B696-418E-9B2F-292DEAC6BC21, OS:26.1, name:iPhone 16e }
2026-08-27T01:06:33.3570600Z { platform:iOS Simulator, arch:x86_64, id:692F8722-B696-418E-9B2F-292DEAC6BC21, OS:26.1, name:iPhone 16e }
2026-08-27T01:06:33.3671980Z { platform:iOS Simulator, arch:arm64, id:6DF900AD-4782-4503-A163-A126BAB6B5ED, OS:26.2, name:iPhone 16e }
2026-08-27T01:06:33.3773760Z { platform:iOS Simulator, arch:x86_64, id:6DF900AD-4782-4503-A163-A126BAB6B5ED, OS:26.2, name:iPhone 16e }
2026-08-27T01:06:33.3875020Z { platform:iOS Simulator, arch:arm64, id:AA5759B6-0EA8-474B-885C-49F2808E2454, OS:26.0.1, name:iPhone 17 }
2026-08-27T01:06:33.3976470Z { platform:iOS Simulator, arch:x86_64, id:AA5759B6-0EA8-474B-885C-49F2808E2454, OS:26.0.1, name:iPhone 17 }
2026-08-27T01:06:33.4078130Z { platform:iOS Simulator, arch:arm64, id:AB03B032-684A-4C68-A74B-455CF53EA6FD, OS:26.1, name:iPhone 17 }
2026-08-27T01:06:33.4180780Z { platform:iOS Simulator, arch:x86_64, id:AB03B032-684A-4C68-A74B-455CF53EA6FD, OS:26.1, name:iPhone 17 }
2026-08-27T01:06:33.4282200Z { platform:iOS Simulator, arch:arm64, id:53655DF7-60CE-4B04-8067-8FEE9042E8C5, OS:26.2, name:iPhone 17 }
2026-08-27T01:06:33.4383530Z { platform:iOS Simulator, arch:x86_64, id:53655DF7-60CE-4B04-8067-8FEE9042E8C5, OS:26.2, name:iPhone 17 }
2026-08-27T01:06:33.4484840Z { platform:iOS Simulator, arch:arm64, id:7BA9DA3A-D0F8-4573-A8E6-19B993D2F6D1, OS:26.0.1, name:iPhone 17 Pro }
2026-08-27T01:06:33.4586030Z { platform:iOS Simulator, arch:x86_64, id:7BA9DA3A-D0F8-4573-A8E6-19B993D2F6D1, OS:26.0.1, name:iPhone 17 Pro }
2026-08-27T01:06:33.4687270Z { platform:iOS Simulator, arch:arm64, id:B5E0ABE5-9D98-4ECB-8BEA-7D301EADC3B7, OS:26.1, name:iPhone 17 Pro }
2026-08-27T01:06:33.4788580Z { platform:iOS Simulator, arch:x86_64, id:B5E0ABE5-9D98-4ECB-8BEA-7D301EADC3B7, OS:26.1, name:iPhone 17 Pro }
2026-08-27T01:06:33.4890300Z { platform:iOS Simulator, arch:arm64, id:59CB1C13-DDB8-49AB-92B3-627735A34147, OS:26.2, name:iPhone 17 Pro }
2026-08-27T01:06:33.4991860Z { platform:iOS Simulator, arch:x86_64, id:59CB1C13-DDB8-49AB-92B3-627735A34147, OS:26.2, name:iPhone 17 Pro }
2026-08-27T01:06:33.5093730Z { platform:iOS Simulator, arch:arm64, id:EE9DDE3A-8BE7-4175-82A7-4732B62FED3D, OS:26.0.1, name:iPhone 17 Pro Max }
2026-08-27T01:06:33.5195380Z { platform:iOS Simulator, arch:x86_64, id:EE9DDE3A-8BE7-4175-82A7-4732B62FED3D, OS:26.0.1, name:iPhone 17 Pro Max }
2026-08-27T01:06:33.5296700Z { platform:iOS Simulator, arch:arm64, id:5FA10054-F3DD-4EB6-83F8-E072542A6207, OS:26.1, name:iPhone 17 Pro Max }
2026-08-27T01:06:33.5398050Z { platform:iOS Simulator, arch:x86_64, id:5FA10054-F3DD-4EB6-83F8-E072542A6207, OS:26.1, name:iPhone 17 Pro Max }
2026-08-27T01:06:33.5499450Z { platform:iOS Simulator, arch:arm64, id:67AEC0F8-57FC-4C98-A3F4-4E006E70E6D8, OS:26.2, name:iPhone 17 Pro Max }
2026-08-27T01:06:33.5603310Z { platform:iOS Simulator, arch:x86_64, id:67AEC0F8-57FC-4C98-A3F4-4E006E70E6D8, OS:26.2, name:iPhone 17 Pro Max }
2026-08-27T01:06:33.5704700Z { platform:iOS Simulator, arch:arm64, id:049E6C37-41F1-47EA-BE55-0346EAB3672C, OS:26.0.1, name:iPhone Air }
2026-08-27T01:06:33.5806090Z { platform:iOS Simulator, arch:x86_64, id:049E6C37-41F1-47EA-BE55-0346EAB3672C, OS:26.0.1, name:iPhone Air }
2026-08-27T01:06:33.5908060Z { platform:iOS Simulator, arch:arm64, id:61944154-2447-44F0-AC0A-6364EF46137E, OS:26.1, name:iPhone Air }
2026-08-27T01:06:33.6009510Z { platform:iOS Simulator, arch:x86_64, id:61944154-2447-44F0-AC0A-6364EF46137E, OS:26.1, name:iPhone Air }
2026-08-27T01:06:33.6110850Z { platform:iOS Simulator, arch:arm64, id:D128A907-2BE4-4028-81BC-C3858748B7AF, OS:26.2, name:iPhone Air }
2026-08-27T01:06:33.6212470Z { platform:iOS Simulator, arch:x86_64, id:D128A907-2BE4-4028-81BC-C3858748B7AF, OS:26.2, name:iPhone Air }
2026-08-27T01:06:33.6313970Z { platform:iOS Simulator, arch:arm64, id:DE0E946F-730D-4239-9715-B7B6C8ED2B3D, OS:18.5, name:iPhone SE (3rd generation) }
2026-08-27T01:06:33.6376660Z { platform:iOS Simulator, arch:x86_64, id:DE0E946F-730D-4239-9715-B7B6C8ED2B3D, OS:18.5, name:iPhone SE (3rd generation) }
2026-08-27T01:06:33.6479490Z { platform:iOS Simulator, arch:arm64, id:614C39B0-73F1-433E-A322-F0F60F28251D, OS:18.6, name:iPhone SE (3rd generation) }
2026-08-27T01:06:33.6581740Z { platform:iOS Simulator, arch:x86_64, id:614C39B0-73F1-433E-A322-F0F60F28251D, OS:18.6, name:iPhone SE (3rd generation) }
2026-08-27T01:06:33.6684610Z { platform:iOS Simulator, arch:arm64, id:1586264B-EB3A-4D06-9025-DD91228E4E7A, OS:26.0.1, name:iPhone SE (3rd generation) }
2026-08-27T01:06:33.6786170Z { platform:iOS Simulator, arch:x86_64, id:1586264B-EB3A-4D06-9025-DD91228E4E7A, OS:26.0.1, name:iPhone SE (3rd generation) }
2026-08-27T01:06:33.6888790Z { platform:iOS Simulator, arch:arm64, id:CDF7095F-E682-4A45-8D4E-593B7EB31EE2, OS:26.1, name:iPhone SE (3rd generation) }
2026-08-27T01:06:33.6991160Z { platform:iOS Simulator, arch:x86_64, id:CDF7095F-E682-4A45-8D4E-593B7EB31EE2, OS:26.1, name:iPhone SE (3rd generation) }
2026-08-27T01:06:33.7092670Z { platform:iOS Simulator, arch:arm64, id:24406CE5-A3B5-4B8A-893C-48CA2424C02B, OS:26.2, name:iPhone SE (3rd generation) }
2026-08-27T01:06:33.7194440Z { platform:iOS Simulator, arch:x86_64, id:24406CE5-A3B5-4B8A-893C-48CA2424C02B, OS:26.2, name:iPhone SE (3rd generation) }
2026-08-27T01:06:35.2037570Z 
2026-08-27T01:06:35.2139550Z ExecuteExternalTool /Applications/Xcode_16.4.app/Contents/Developer/Toolchains/XcodeDefault.xctoolchain/usr/bin/clang -v -E -dM -isysroot /Applications/Xcode_16.4.app/Contents/Developer/Platforms/iPhoneOS.platform/Developer/SDKs/iPhoneOS18.5.sdk -x c -c /dev/null
2026-08-27T01:06:35.2265900Z 
2026-08-27T01:06:35.2367180Z ExecuteExternalTool /Applications/Xcode_16.4.app/Contents/Developer/Toolchains/XcodeDefault.xctoolchain/usr/bin/ld -version_details
2026-08-27T01:06:35.2468620Z 
2026-08-27T01:06:35.2571310Z ExecuteExternalTool /Applications/Xcode_16.4.app/Contents/Developer/usr/bin/actool --version --output-format xml1
2026-08-27T01:06:35.2672200Z 
2026-08-27T01:06:35.2773250Z Build description signature: e0714b8a4460c6889f1aa79d2cc27043
2026-08-27T01:06:35.2875410Z Build description path: /Users/runner/work/Tally/Tally/build/Build/Intermediates.noindex/XCBuildData/e0714b8a4460c6889f1aa79d2cc27043.xcbuilddata
2026-08-27T01:06:35.3283870Z ClangStatCache /Applications/Xcode_16.4.app/Contents/Developer/Toolchains/XcodeDefault.xctoolchain/usr/bin/clang-stat-cache /Applications/Xcode_16.4.app/Contents/Developer/Platforms/iPhoneOS.platform/Developer/SDKs/iPhoneOS18.5.sdk /Users/runner/work/Tally/Tally/build/SDKStatCaches.noindex/iphoneos18.5-22F76-a529daf784b3616c7c04a36aeb7f5c05.sdkstatcache
2026-08-27T01:06:35.3397440Z     cd /Users/runner/work/Tally/Tally/apps/TallyiOS/TallyApp.xcodeproj
2026-08-27T01:06:35.3503350Z     /Applications/Xcode_16.4.app/Contents/Developer/Toolchains/XcodeDefault.xctoolchain/usr/bin/clang-stat-cache /Applications/Xcode_16.4.app/Contents/Developer/Platforms/iPhoneOS.platform/Developer/SDKs/iPhoneOS18.5.sdk -o /Users/runner/work/Tally/Tally/build/SDKStatCaches.noindex/iphoneos18.5-22F76-a529daf784b3616c7c04a36aeb7f5c05.sdkstatcache
2026-08-27T01:06:36.9766460Z 
2026-08-27T01:06:36.9869000Z CreateBuildDirectory /Users/runner/work/Tally/Tally/build/Build/Products
2026-08-27T01:06:36.9970090Z     cd /Users/runner/work/Tally/Tally/apps/TallyiOS/TallyApp.xcodeproj
2026-08-27T01:06:37.0069670Z     builtin-create-build-directory /Users/runner/work/Tally/Tally/build/Build/Products
2026-08-27T01:06:37.0173050Z 
2026-08-27T01:06:37.0273920Z CreateBuildDirectory /Users/runner/work/Tally/Tally/build/Build/Intermediates.noindex
2026-08-27T01:06:37.0375000Z     cd /Users/runner/work/Tally/Tally/apps/TallyiOS/TallyApp.xcodeproj
2026-08-27T01:06:37.0476230Z     builtin-create-build-directory /Users/runner/work/Tally/Tally/build/Build/Intermediates.noindex
2026-08-27T01:06:37.0577090Z 
2026-08-27T01:06:37.0678600Z CreateBuildDirectory /Users/runner/work/Tally/Tally/build/Build/Products/Debug-iphoneos
2026-08-27T01:06:37.0783480Z     cd /Users/runner/work/Tally/Tally/apps/TallyiOS/TallyApp.xcodeproj
2026-08-27T01:06:37.0896040Z     builtin-create-build-directory /Users/runner/work/Tally/Tally/build/Build/Products/Debug-iphoneos
2026-08-27T01:06:37.0997180Z 
2026-08-27T01:06:37.1160110Z WriteAuxiliaryFile /Users/runner/work/Tally/Tally/build/Build/Intermediates.noindex/TallyApp.build/Debug-iphoneos/TallyApp-8dc24c0c9eaac32836a69f2e9137e6e6-VFS-iphoneos/all-product-headers.yaml
2026-08-27T01:06:37.1292560Z     cd /Users/runner/work/Tally/Tally/apps/TallyiOS/TallyApp.xcodeproj
2026-08-27T01:06:37.1413940Z     write-file /Users/runner/work/Tally/Tally/build/Build/Intermediates.noindex/TallyApp.build/Debug-iphoneos/TallyApp-8dc24c0c9eaac32836a69f2e9137e6e6-VFS-iphoneos/all-product-headers.yaml
2026-08-27T01:06:37.1535400Z 
2026-08-27T01:06:37.1657170Z CreateBuildDirectory /Users/runner/work/Tally/Tally/build/Build/Intermediates.noindex/EagerLinkingTBDs/Debug-iphoneos
2026-08-27T01:06:37.1793720Z     cd /Users/runner/work/Tally/Tally/apps/TallyiOS/TallyApp.xcodeproj
2026-08-27T01:06:37.1794510Z     builtin-create-build-directory /Users/runner/work/Tally/Tally/build/Build/Intermediates.noindex/EagerLinkingTBDs/Debug-iphoneos
2026-08-27T01:06:37.1895500Z 
2026-08-27T01:06:37.2004780Z CreateBuildDirectory /Users/runner/work/Tally/Tally/build/Build/Products/Debug-iphoneos/PackageFrameworks
2026-08-27T01:06:37.2106050Z     cd /Users/runner/work/Tally/Tally/apps/TallyiOS/TallyApp.xcodeproj
2026-08-27T01:06:37.2207340Z     builtin-create-build-directory /Users/runner/work/Tally/Tally/build/Build/Products/Debug-iphoneos/PackageFrameworks
2026-08-27T01:06:37.2308480Z 
2026-08-27T01:06:37.2409990Z WriteAuxiliaryFile /Users/runner/work/Tally/Tally/build/Build/Intermediates.noindex/TallyPackages.build/Debug-iphoneos/TallySecurity.build/TallySecurity.modulemap (in target 'TallySecurity' from project 'TallyPackages')
2026-08-27T01:06:37.2511480Z     cd /Users/runner/work/Tally/Tally
2026-08-27T01:06:37.2617200Z     write-file /Users/runner/work/Tally/Tally/build/Build/Intermediates.noindex/TallyPackages.build/Debug-iphoneos/TallySecurity.build/TallySecurity.modulemap
2026-08-27T01:06:37.2718380Z 
2026-08-27T01:06:37.2820610Z WriteAuxiliaryFile /Users/runner/work/Tally/Tally/build/Build/Intermediates.noindex/TallyPackages.build/Debug-iphoneos/TallySecurity.build/TallySecurity.DependencyStaticMetadataFileList (in target 'TallySecurity' from project 'TallyPackages')
2026-08-27T01:06:37.2926690Z     cd /Users/runner/work/Tally/Tally
2026-08-27T01:06:37.3055380Z     write-file /Users/runner/work/Tally/Tally/build/Build/Intermediates.noindex/TallyPackages.build/Debug-iphoneos/TallySecurity.build/TallySecurity.DependencyStaticMetadataFileList
2026-08-27T01:06:37.3159400Z 
2026-08-27T01:06:37.3261640Z WriteAuxiliaryFile /Users/runner/work/Tally/Tally/build/Build/Intermediates.noindex/TallyPackages.build/Debug-iphoneos/TallySecurity.build/TallySecurity.DependencyMetadataFileList (in target 'TallySecurity' from project 'TallyPackages')
2026-08-27T01:06:37.3365950Z     cd /Users/runner/work/Tally/Tally
2026-08-27T01:06:37.3512280Z     write-file /Users/runner/work/Tally/Tally/build/Build/Intermediates.noindex/TallyPackages.build/Debug-iphoneos/TallySecurity.build/TallySecurity.DependencyMetadataFileList
2026-08-27T01:06:37.3633260Z 
2026-08-27T01:06:37.3770180Z WriteAuxiliaryFile /Users/runner/work/Tally/Tally/build/Build/Intermediates.noindex/TallyPackages.build/Debug-iphoneos/TallySecurity.build/Objects-normal/arm64/TallySecurity_const_extract_protocols.json (in target 'TallySecurity' from project 'TallyPackages')
2026-08-27T01:06:37.3900150Z     cd /Users/runner/work/Tally/Tally
2026-08-27T01:06:37.4001540Z     write-file /Users/runner/work/Tally/Tally/build/Build/Intermediates.noindex/TallyPackages.build/Debug-iphoneos/TallySecurity.build/Objects-normal/arm64/TallySecurity_const_extract_protocols.json
2026-08-27T01:06:37.4102650Z 
2026-08-27T01:06:37.4204150Z WriteAuxiliaryFile /Users/runner/work/Tally/Tally/build/Build/Intermediates.noindex/TallyPackages.build/Debug-iphoneos/TallySecurity.build/Objects-normal/arm64/TallySecurity.SwiftFileList (in target 'TallySecurity' from project 'TallyPackages')
2026-08-27T01:06:37.4307600Z     cd /Users/runner/work/Tally/Tally
2026-08-27T01:06:37.4409700Z     write-file /Users/runner/work/Tally/Tally/build/Build/Intermediates.noindex/TallyPackages.build/Debug-iphoneos/TallySecurity.build/Objects-normal/arm64/TallySecurity.SwiftFileList
2026-08-27T01:06:37.4510860Z 
2026-08-27T01:06:37.4612320Z WriteAuxiliaryFile /Users/runner/work/Tally/Tally/build/Build/Intermediates.noindex/TallyPackages.build/Debug-iphoneos/TallySecurity.build/Objects-normal/arm64/TallySecurity.SwiftConstValuesFileList (in target 'TallySecurity' from project 'TallyPackages')
2026-08-27T01:06:37.4718610Z     cd /Users/runner/work/Tally/Tally
2026-08-27T01:06:37.4823940Z     write-file /Users/runner/work/Tally/Tally/build/Build/Intermediates.noindex/TallyPackages.build/Debug-iphoneos/TallySecurity.build/Objects-normal/arm64/TallySecurity.SwiftConstValuesFileList
2026-08-27T01:06:37.4925530Z 
2026-08-27T01:06:37.5027080Z WriteAuxiliaryFile /Users/runner/work/Tally/Tally/build/Build/Intermediates.noindex/TallyPackages.build/Debug-iphoneos/TallySecurity.build/Objects-normal/arm64/TallySecurity.LinkFileList (in target 'TallySecurity' from project 'TallyPackages')
2026-08-27T01:06:37.5128880Z     cd /Users/runner/work/Tally/Tally
2026-08-27T01:06:37.5230320Z     write-file /Users/runner/work/Tally/Tally/build/Build/Intermediates.noindex/TallyPackages.build/Debug-iphoneos/TallySecurity.build/Objects-normal/arm64/TallySecurity.LinkFileList
2026-08-27T01:06:37.5331500Z 
2026-08-27T01:06:37.5435070Z WriteAuxiliaryFile /Users/runner/work/Tally/Tally/build/Build/Intermediates.noindex/TallyPackages.build/Debug-iphoneos/TallySecurity.build/Objects-normal/arm64/TallySecurity-OutputFileMap.json (in target 'TallySecurity' from project 'TallyPackages')
2026-08-27T01:06:37.5536990Z     cd /Users/runner/work/Tally/Tally
2026-08-27T01:06:37.5640660Z     write-file /Users/runner/work/Tally/Tally/build/Build/Intermediates.noindex/TallyPackages.build/Debug-iphoneos/TallySecurity.build/Objects-normal/arm64/TallySecurity-OutputFileMap.json
2026-08-27T01:06:37.5742640Z 
2026-08-27T01:06:37.5844490Z Copy /Users/runner/work/Tally/Tally/build/Build/Intermediates.noindex/GeneratedModuleMaps-iphoneos/TallySecurity.modulemap /Users/runner/work/Tally/Tally/build/Build/Intermediates.noindex/TallyPackages.build/Debug-iphoneos/TallySecurity.build/TallySecurity.modulemap (in target 'TallySecurity' from project 'TallyPackages')
2026-08-27T01:06:37.5983320Z     cd /Users/runner/work/Tally/Tally
2026-08-27T01:06:37.6118710Z     builtin-copy -exclude .DS_Store -exclude CVS -exclude .svn -exclude .git -exclude .hg -resolve-src-symlinks /Users/runner/work/Tally/Tally/build/Build/Intermediates.noindex/TallyPackages.build/Debug-iphoneos/TallySecurity.build/TallySecurity.modulemap /Users/runner/work/Tally/Tally/build/Build/Intermediates.noindex/GeneratedModuleMaps-iphoneos
2026-08-27T01:06:37.6224190Z 
2026-08-27T01:06:37.6325720Z WriteAuxiliaryFile /Users/runner/work/Tally/Tally/build/Build/Intermediates.noindex/TallyPackages.build/Debug-iphoneos/TallyObservability.build/TallyObservability.modulemap (in target 'TallyObservability' from project 'TallyPackages')
2026-08-27T01:06:37.6427930Z     cd /Users/runner/work/Tally/Tally
2026-08-27T01:06:37.6428860Z     write-file /Users/runner/work/Tally/Tally/build/Build/Intermediates.noindex/TallyPackages.build/Debug-iphoneos/TallyObservability.build/TallyObservability.modulemap
2026-08-27T01:06:37.6530120Z 
2026-08-27T01:06:37.6631390Z WriteAuxiliaryFile /Users/runner/work/Tally/Tally/build/Build/Intermediates.noindex/TallyPackages.build/Debug-iphoneos/TallyObservability.build/TallyObservability.DependencyStaticMetadataFileList (in target 'TallyObservability' from project 'TallyPackages')
2026-08-27T01:06:37.6733370Z     cd /Users/runner/work/Tally/Tally
2026-08-27T01:06:37.6835130Z     write-file /Users/runner/work/Tally/Tally/build/Build/Intermediates.noindex/TallyPackages.build/Debug-iphoneos/TallyObservability.build/TallyObservability.DependencyStaticMetadataFileList
2026-08-27T01:06:37.6936170Z 
2026-08-27T01:06:37.7037590Z WriteAuxiliaryFile /Users/runner/work/Tally/Tally/build/Build/Intermediates.noindex/TallyPackages.build/Debug-iphoneos/TallyObservability.build/TallyObservability.DependencyMetadataFileList (in target 'TallyObservability' from project 'TallyPackages')
2026-08-27T01:06:37.7140780Z     cd /Users/runner/work/Tally/Tally
2026-08-27T01:06:37.7242180Z     write-file /Users/runner/work/Tally/Tally/build/Build/Intermediates.noindex/TallyPackages.build/Debug-iphoneos/TallyObservability.build/TallyObservability.DependencyMetadataFileList
2026-08-27T01:06:37.7343170Z 
2026-08-27T01:06:37.7444500Z WriteAuxiliaryFile /Users/runner/work/Tally/Tally/build/Build/Intermediates.noindex/TallyPackages.build/Debug-iphoneos/TallyObservability.build/Objects-normal/arm64/TallyObservability_const_extract_protocols.json (in target 'TallyObservability' from project 'TallyPackages')
2026-08-27T01:06:37.7554200Z     cd /Users/runner/work/Tally/Tally
2026-08-27T01:06:37.7656380Z     write-file /Users/runner/work/Tally/Tally/build/Build/Intermediates.noindex/TallyPackages.build/Debug-iphoneos/TallyObservability.build/Objects-normal/arm64/TallyObservability_const_extract_protocols.json
2026-08-27T01:06:37.7763600Z 
2026-08-27T01:06:37.7875540Z WriteAuxiliaryFile /Users/runner/work/Tally/Tally/build/Build/Intermediates.noindex/TallyPackages.build/Debug-iphoneos/TallyObservability.build/Objects-normal/arm64/TallyObservability.SwiftFileList (in target 'TallyObservability' from project 'TallyPackages')
2026-08-27T01:06:37.7980470Z     cd /Users/runner/work/Tally/Tally
2026-08-27T01:06:37.8098890Z     write-file /Users/runner/work/Tally/Tally/build/Build/Intermediates.noindex/TallyPackages.build/Debug-iphoneos/TallyObservability.build/Objects-normal/arm64/TallyObservability.SwiftFileList
2026-08-27T01:06:37.8209350Z 
2026-08-27T01:06:37.8313680Z WriteAuxiliaryFile /Users/runner/work/Tally/Tally/build/Build/Intermediates.noindex/TallyPackages.build/Debug-iphoneos/TallyObservability.build/Objects-normal/arm64/TallyObservability.SwiftConstValuesFileList (in target 'TallyObservability' from project 'TallyPackages')
2026-08-27T01:06:37.8415660Z     cd /Users/runner/work/Tally/Tally
2026-08-27T01:06:37.8527760Z     write-file /Users/runner/work/Tally/Tally/build/Build/Intermediates.noindex/TallyPackages.build/Debug-iphoneos/TallyObservability.build/Objects-normal/arm64/TallyObservability.SwiftConstValuesFileList
2026-08-27T01:06:37.8629380Z 
2026-08-27T01:06:37.8734070Z WriteAuxiliaryFile /Users/runner/work/Tally/Tally/build/Build/Intermediates.noindex/TallyPackages.build/Debug-iphoneos/TallyObservability.build/Objects-normal/arm64/TallyObservability.LinkFileList (in target 'TallyObservability' from project 'TallyPackages')
2026-08-27T01:06:37.8836800Z     cd /Users/runner/work/Tally/Tally
2026-08-27T01:06:37.8938820Z     write-file /Users/runner/work/Tally/Tally/build/Build/Intermediates.noindex/TallyPackages.build/Debug-iphoneos/TallyObservability.build/Objects-normal/arm64/TallyObservability.LinkFileList
2026-08-27T01:06:37.9137190Z 
2026-08-27T01:06:37.9240550Z WriteAuxiliaryFile /Users/runner/work/Tally/Tally/build/Build/Intermediates.noindex/TallyPackages.build/Debug-iphoneos/TallyObservability.build/Objects-normal/arm64/TallyObservability-OutputFileMap.json (in target 'TallyObservability' from project 'TallyPackages')
2026-08-27T01:06:37.9348240Z     cd /Users/runner/work/Tally/Tally
2026-08-27T01:06:37.9449700Z     write-file /Users/runner/work/Tally/Tally/build/Build/Intermediates.noindex/TallyPackages.build/Debug-iphoneos/TallyObservability.build/Objects-normal/arm64/TallyObservability-OutputFileMap.json
2026-08-27T01:06:37.9550970Z 
2026-08-27T01:06:37.9652670Z Copy /Users/runner/work/Tally/Tally/build/Build/Intermediates.noindex/GeneratedModuleMaps-iphoneos/TallyObservability.modulemap /Users/runner/work/Tally/Tally/build/Build/Intermediates.noindex/TallyPackages.build/Debug-iphoneos/TallyObservability.build/TallyObservability.modulemap (in target 'TallyObservability' from project 'TallyPackages')
2026-08-27T01:06:37.9752230Z     cd /Users/runner/work/Tally/Tally
2026-08-27T01:06:37.9854280Z     builtin-copy -exclude .DS_Store -exclude CVS -exclude .svn -exclude .git -exclude .hg -resolve-src-symlinks /Users/runner/work/Tally/Tally/build/Build/Intermediates.noindex/TallyPackages.build/Debug-iphoneos/TallyObservability.build/TallyObservability.modulemap /Users/runner/work/Tally/Tally/build/Build/Intermediates.noindex/GeneratedModuleMaps-iphoneos
2026-08-27T01:06:37.9956030Z 
2026-08-27T01:06:38.0057310Z WriteAuxiliaryFile /Users/runner/work/Tally/Tally/build/Build/Intermediates.noindex/TallyPackages.build/Debug-iphoneos/TallyNotifications.build/TallyNotifications.modulemap (in target 'TallyNotifications' from project 'TallyPackages')
2026-08-27T01:06:38.0159060Z     cd /Users/runner/work/Tally/Tally
2026-08-27T01:06:38.0289280Z     write-file /Users/runner/work/Tally/Tally/build/Build/Intermediates.noindex/TallyPackages.build/Debug-iphoneos/TallyNotifications.build/TallyNotifications.modulemap
2026-08-27T01:06:38.0390440Z 
2026-08-27T01:06:38.0492580Z WriteAuxiliaryFile /Users/runner/work/Tally/Tally/build/Build/Intermediates.noindex/TallyPackages.build/Debug-iphoneos/TallyNotifications.build/TallyNotifications.DependencyStaticMetadataFileList (in target 'TallyNotifications' from project 'TallyPackages')
2026-08-27T01:06:38.0594260Z     cd /Users/runner/work/Tally/Tally
2026-08-27T01:06:38.0695700Z     write-file /Users/runner/work/Tally/Tally/build/Build/Intermediates.noindex/TallyPackages.build/Debug-iphoneos/TallyNotifications.build/TallyNotifications.DependencyStaticMetadataFileList
2026-08-27T01:06:38.0796870Z 
2026-08-27T01:06:38.0898470Z WriteAuxiliaryFile /Users/runner/work/Tally/Tally/build/Build/Intermediates.noindex/TallyPackages.build/Debug-iphoneos/TallyNotifications.build/TallyNotifications.DependencyMetadataFileList (in target 'TallyNotifications' from project 'TallyPackages')
2026-08-27T01:06:38.1000110Z     cd /Users/runner/work/Tally/Tally
2026-08-27T01:06:38.1101580Z     write-file /Users/runner/work/Tally/Tally/build/Build/Intermediates.noindex/TallyPackages.build/Debug-iphoneos/TallyNotifications.build/TallyNotifications.DependencyMetadataFileList
2026-08-27T01:06:38.1202780Z 
2026-08-27T01:06:38.1304250Z WriteAuxiliaryFile /Users/runner/work/Tally/Tally/build/Build/Intermediates.noindex/TallyPackages.build/Debug-iphoneos/TallyNotifications.build/Objects-normal/arm64/TallyNotifications_const_extract_protocols.json (in target 'TallyNotifications' from project 'TallyPackages')
2026-08-27T01:06:38.1406070Z     cd /Users/runner/work/Tally/Tally
2026-08-27T01:06:38.1507570Z     write-file /Users/runner/work/Tally/Tally/build/Build/Intermediates.noindex/TallyPackages.build/Debug-iphoneos/TallyNotifications.build/Objects-normal/arm64/TallyNotifications_const_extract_protocols.json
2026-08-27T01:06:38.1609460Z 
2026-08-27T01:06:38.1714900Z WriteAuxiliaryFile /Users/runner/work/Tally/Tally/build/Build/Intermediates.noindex/TallyPackages.build/Debug-iphoneos/TallyNotifications.build/Objects-normal/arm64/TallyNotifications.SwiftFileList (in target 'TallyNotifications' from project 'TallyPackages')
2026-08-27T01:06:38.1816930Z     cd /Users/runner/work/Tally/Tally
2026-08-27T01:06:38.1918270Z     write-file /Users/runner/work/Tally/Tally/build/Build/Intermediates.noindex/TallyPackages.build/Debug-iphoneos/TallyNotifications.build/Objects-normal/arm64/TallyNotifications.SwiftFileList
2026-08-27T01:06:38.2020200Z 
2026-08-27T01:06:38.2121630Z WriteAuxiliaryFile /Users/runner/work/Tally/Tally/build/Build/Intermediates.noindex/TallyPackages.build/Debug-iphoneos/TallyNotifications.build/Objects-normal/arm64/TallyNotifications.SwiftConstValuesFileList (in target 'TallyNotifications' from project 'TallyPackages')
2026-08-27T01:06:38.2244300Z     cd /Users/runner/work/Tally/Tally
2026-08-27T01:06:38.2345880Z     write-file /Users/runner/work/Tally/Tally/build/Build/Intermediates.noindex/TallyPackages.build/Debug-iphoneos/TallyNotifications.build/Objects-normal/arm64/TallyNotifications.SwiftConstValuesFileList
2026-08-27T01:06:38.2447530Z 
2026-08-27T01:06:38.2548880Z WriteAuxiliaryFile /Users/runner/work/Tally/Tally/build/Build/Intermediates.noindex/TallyPackages.build/Debug-iphoneos/TallyNotifications.build/Objects-normal/arm64/TallyNotifications.LinkFileList (in target 'TallyNotifications' from project 'TallyPackages')
2026-08-27T01:06:38.2650420Z     cd /Users/runner/work/Tally/Tally
2026-08-27T01:06:38.2751900Z     write-file /Users/runner/work/Tally/Tally/build/Build/Intermediates.noindex/TallyPackages.build/Debug-iphoneos/TallyNotifications.build/Objects-normal/arm64/TallyNotifications.LinkFileList
2026-08-27T01:06:38.2878760Z 
2026-08-27T01:06:38.2984850Z WriteAuxiliaryFile /Users/runner/work/Tally/Tally/build/Build/Intermediates.noindex/TallyPackages.build/Debug-iphoneos/TallyNotifications.build/Objects-normal/arm64/TallyNotifications-OutputFileMap.json (in target 'TallyNotifications' from project 'TallyPackages')
2026-08-27T01:06:38.3087890Z     cd /Users/runner/work/Tally/Tally
2026-08-27T01:06:38.3192040Z     write-file /Users/runner/work/Tally/Tally/build/Build/Intermediates.noindex/TallyPackages.build/Debug-iphoneos/TallyNotifications.build/Objects-normal/arm64/TallyNotifications-OutputFileMap.json
2026-08-27T01:06:38.3298980Z 
2026-08-27T01:06:38.3366280Z Copy /Users/runner/work/Tally/Tally/build/Build/Intermediates.noindex/GeneratedModuleMaps-iphoneos/TallyNotifications.modulemap /Users/runner/work/Tally/Tally/build/Build/Intermediates.noindex/TallyPackages.build/Debug-iphoneos/TallyNotifications.build/TallyNotifications.modulemap (in target 'TallyNotifications' from project 'TallyPackages')
2026-08-27T01:06:38.3468380Z     cd /Users/runner/work/Tally/Tally
2026-08-27T01:06:38.3570930Z     builtin-copy -exclude .DS_Store -exclude CVS -exclude .svn -exclude .git -exclude .hg -resolve-src-symlinks /Users/runner/work/Tally/Tally/build/Build/Intermediates.noindex/TallyPackages.build/Debug-iphoneos/TallyNotifications.build/TallyNotifications.modulemap /Users/runner/work/Tally/Tally/build/Build/Intermediates.noindex/GeneratedModuleMaps-iphoneos
2026-08-27T01:06:38.3670010Z 
2026-08-27T01:06:38.3771680Z WriteAuxiliaryFile /Users/runner/work/Tally/Tally/build/Build/Intermediates.noindex/TallyPackages.build/Debug-iphoneos/TallyDomain.build/TallyDomain.modulemap (in target 'TallyDomain' from project 'TallyPackages')
2026-08-27T01:06:38.3872130Z     cd /Users/runner/work/Tally/Tally
2026-08-27T01:06:38.3974030Z     write-file /Users/runner/work/Tally/Tally/build/Build/Intermediates.noindex/TallyPackages.build/Debug-iphoneos/TallyDomain.build/TallyDomain.modulemap
2026-08-27T01:06:38.4075150Z 
2026-08-27T01:06:38.4179860Z WriteAuxiliaryFile /Users/runner/work/Tally/Tally/build/Build/Intermediates.noindex/TallyPackages.build/Debug-iphoneos/TallyDomain.build/TallyDomain.DependencyStaticMetadataFileList (in target 'TallyDomain' from project 'TallyPackages')
2026-08-27T01:06:38.4283470Z     cd /Users/runner/work/Tally/Tally
2026-08-27T01:06:38.4383620Z     write-file /Users/runner/work/Tally/Tally/build/Build/Intermediates.noindex/TallyPackages.build/Debug-iphoneos/TallyDomain.build/TallyDomain.DependencyStaticMetadataFileList
2026-08-27T01:06:38.4485880Z 
2026-08-27T01:06:38.4587380Z WriteAuxiliaryFile /Users/runner/work/Tally/Tally/build/Build/Intermediates.noindex/TallyPackages.build/Debug-iphoneos/TallyDomain.build/TallyDomain.DependencyMetadataFileList (in target 'TallyDomain' from project 'TallyPackages')
2026-08-27T01:06:38.4689010Z     cd /Users/runner/work/Tally/Tally
2026-08-27T01:06:38.4791340Z     write-file /Users/runner/work/Tally/Tally/build/Build/Intermediates.noindex/TallyPackages.build/Debug-iphoneos/TallyDomain.build/TallyDomain.DependencyMetadataFileList
2026-08-27T01:06:38.4891740Z 
2026-08-27T01:06:38.4994200Z WriteAuxiliaryFile /Users/runner/work/Tally/Tally/build/Build/Intermediates.noindex/TallyPackages.build/Debug-iphoneos/TallyDomain.build/Objects-normal/arm64/TallyDomain_const_extract_protocols.json (in target 'TallyDomain' from project 'TallyPackages')
2026-08-27T01:06:38.5095110Z     cd /Users/runner/work/Tally/Tally
2026-08-27T01:06:38.5196900Z     write-file /Users/runner/work/Tally/Tally/build/Build/Intermediates.noindex/TallyPackages.build/Debug-iphoneos/TallyDomain.build/Objects-normal/arm64/TallyDomain_const_extract_protocols.json
2026-08-27T01:06:38.5298180Z 
2026-08-27T01:06:38.5400280Z WriteAuxiliaryFile /Users/runner/work/Tally/Tally/build/Build/Intermediates.noindex/TallyPackages.build/Debug-iphoneos/TallyDomain.build/Objects-normal/arm64/TallyDomain.SwiftFileList (in target 'TallyDomain' from project 'TallyPackages')
2026-08-27T01:06:38.5502040Z     cd /Users/runner/work/Tally/Tally
2026-08-27T01:06:38.5604020Z     write-file /Users/runner/work/Tally/Tally/build/Build/Intermediates.noindex/TallyPackages.build/Debug-iphoneos/TallyDomain.build/Objects-normal/arm64/TallyDomain.SwiftFileList
2026-08-27T01:06:38.5705670Z 
2026-08-27T01:06:38.5808100Z WriteAuxiliaryFile /Users/runner/work/Tally/Tally/build/Build/Intermediates.noindex/TallyPackages.build/Debug-iphoneos/TallyDomain.build/Objects-normal/arm64/TallyDomain.SwiftConstValuesFileList (in target 'TallyDomain' from project 'TallyPackages')
2026-08-27T01:06:38.5906850Z     cd /Users/runner/work/Tally/Tally
2026-08-27T01:06:38.6008210Z     write-file /Users/runner/work/Tally/Tally/build/Build/Intermediates.noindex/TallyPackages.build/Debug-iphoneos/TallyDomain.build/Objects-normal/arm64/TallyDomain.SwiftConstValuesFileList
2026-08-27T01:06:38.6109300Z 
2026-08-27T01:06:38.6210760Z WriteAuxiliaryFile /Users/runner/work/Tally/Tally/build/Build/Intermediates.noindex/TallyPackages.build/Debug-iphoneos/TallyDomain.build/Objects-normal/arm64/TallyDomain.LinkFileList (in target 'TallyDomain' from project 'TallyPackages')
2026-08-27T01:06:38.6312550Z     cd /Users/runner/work/Tally/Tally
2026-08-27T01:06:38.6414090Z     write-file /Users/runner/work/Tally/Tally/build/Build/Intermediates.noindex/TallyPackages.build/Debug-iphoneos/TallyDomain.build/Objects-normal/arm64/TallyDomain.LinkFileList
2026-08-27T01:06:38.6526370Z 
2026-08-27T01:06:38.6648180Z WriteAuxiliaryFile /Users/runner/work/Tally/Tally/build/Build/Intermediates.noindex/TallyPackages.build/Debug-iphoneos/TallyDomain.build/Objects-normal/arm64/TallyDomain-OutputFileMap.json (in target 'TallyDomain' from project 'TallyPackages')
2026-08-27T01:06:38.6750570Z     cd /Users/runner/work/Tally/Tally
2026-08-27T01:06:38.6862970Z     write-file /Users/runner/work/Tally/Tally/build/Build/Intermediates.noindex/TallyPackages.build/Debug-iphoneos/TallyDomain.build/Objects-normal/arm64/TallyDomain-OutputFileMap.json
2026-08-27T01:06:38.6969820Z 
2026-08-27T01:06:38.7071970Z Copy /Users/runner/work/Tally/Tally/build/Build/Intermediates.noindex/GeneratedModuleMaps-iphoneos/TallyDomain.modulemap /Users/runner/work/Tally/Tally/build/Build/Intermediates.noindex/TallyPackages.build/Debug-iphoneos/TallyDomain.build/TallyDomain.modulemap (in target 'TallyDomain' from project 'TallyPackages')
2026-08-27T01:06:38.7174260Z     cd /Users/runner/work/Tally/Tally
2026-08-27T01:06:38.7275970Z     builtin-copy -exclude .DS_Store -exclude CVS -exclude .svn -exclude .git -exclude .hg -resolve-src-symlinks /Users/runner/work/Tally/Tally/build/Build/Intermediates.noindex/TallyPackages.build/Debug-iphoneos/TallyDomain.build/TallyDomain.modulemap /Users/runner/work/Tally/Tally/build/Build/Intermediates.noindex/GeneratedModuleMaps-iphoneos
2026-08-27T01:06:38.7375120Z 
2026-08-27T01:06:38.7476350Z WriteAuxiliaryFile /Users/runner/work/Tally/Tally/build/Build/Intermediates.noindex/TallyPackages.build/Debug-iphoneos/TallyDesignSystem.build/TallyDesignSystem.modulemap (in target 'TallyDesignSystem' from project 'TallyPackages')
2026-08-27T01:06:38.7577900Z     cd /Users/runner/work/Tally/Tally
2026-08-27T01:06:38.7679070Z     write-file /Users/runner/work/Tally/Tally/build/Build/Intermediates.noindex/TallyPackages.build/Debug-iphoneos/TallyDesignSystem.build/TallyDesignSystem.modulemap
2026-08-27T01:06:38.7780290Z 
2026-08-27T01:06:38.7881990Z WriteAuxiliaryFile /Users/runner/work/Tally/Tally/build/Build/Intermediates.noindex/TallyPackages.build/Debug-iphoneos/TallyDesignSystem.build/TallyDesignSystem.DependencyStaticMetadataFileList (in target 'TallyDesignSystem' from project 'TallyPackages')
2026-08-27T01:06:38.7993940Z     cd /Users/runner/work/Tally/Tally
2026-08-27T01:06:38.8096090Z     write-file /Users/runner/work/Tally/Tally/build/Build/Intermediates.noindex/TallyPackages.build/Debug-iphoneos/TallyDesignSystem.build/TallyDesignSystem.DependencyStaticMetadataFileList
2026-08-27T01:06:38.8195760Z 
2026-08-27T01:06:38.8198470Z WriteAuxiliaryFile /Users/runner/work/Tally/Tally/build/Build/Intermediates.noindex/TallyPackages.build/Debug-iphoneos/TallyDesignSystem.build/TallyDesignSystem.DependencyMetadataFileList (in target 'TallyDesignSystem' from project 'TallyPackages')
2026-08-27T01:06:38.8299970Z     cd /Users/runner/work/Tally/Tally
2026-08-27T01:06:38.8402200Z     write-file /Users/runner/work/Tally/Tally/build/Build/Intermediates.noindex/TallyPackages.build/Debug-iphoneos/TallyDesignSystem.build/TallyDesignSystem.DependencyMetadataFileList
2026-08-27T01:06:38.8510800Z 
2026-08-27T01:06:38.8612770Z WriteAuxiliaryFile /Users/runner/work/Tally/Tally/build/Build/Intermediates.noindex/TallyPackages.build/Debug-iphoneos/TallyDesignSystem.build/Objects-normal/arm64/TallyDesignSystem_const_extract_protocols.json (in target 'TallyDesignSystem' from project 'TallyPackages')
2026-08-27T01:06:38.8714370Z     cd /Users/runner/work/Tally/Tally
2026-08-27T01:06:38.8816490Z     write-file /Users/runner/work/Tally/Tally/build/Build/Intermediates.noindex/TallyPackages.build/Debug-iphoneos/TallyDesignSystem.build/Objects-normal/arm64/TallyDesignSystem_const_extract_protocols.json
2026-08-27T01:06:38.8917630Z 
2026-08-27T01:06:38.9018980Z WriteAuxiliaryFile /Users/runner/work/Tally/Tally/build/Build/Intermediates.noindex/TallyPackages.build/Debug-iphoneos/TallyDesignSystem.build/Objects-normal/arm64/TallyDesignSystem.SwiftFileList (in target 'TallyDesignSystem' from project 'TallyPackages')
2026-08-27T01:06:38.9121990Z     cd /Users/runner/work/Tally/Tally
2026-08-27T01:06:38.9223370Z     write-file /Users/runner/work/Tally/Tally/build/Build/Intermediates.noindex/TallyPackages.build/Debug-iphoneos/TallyDesignSystem.build/Objects-normal/arm64/TallyDesignSystem.SwiftFileList
2026-08-27T01:06:38.9324600Z 
2026-08-27T01:06:38.9426830Z WriteAuxiliaryFile /Users/runner/work/Tally/Tally/build/Build/Intermediates.noindex/TallyPackages.build/Debug-iphoneos/TallyDesignSystem.build/Objects-normal/arm64/TallyDesignSystem.SwiftConstValuesFileList (in target 'TallyDesignSystem' from project 'TallyPackages')
2026-08-27T01:06:38.9528840Z     cd /Users/runner/work/Tally/Tally
2026-08-27T01:06:38.9632700Z     write-file /Users/runner/work/Tally/Tally/build/Build/Intermediates.noindex/TallyPackages.build/Debug-iphoneos/TallyDesignSystem.build/Objects-normal/arm64/TallyDesignSystem.SwiftConstValuesFileList
2026-08-27T01:06:38.9734080Z 
2026-08-27T01:06:38.9835960Z WriteAuxiliaryFile /Users/runner/work/Tally/Tally/build/Build/Intermediates.noindex/TallyPackages.build/Debug-iphoneos/TallyDesignSystem.build/Objects-normal/arm64/TallyDesignSystem.LinkFileList (in target 'TallyDesignSystem' from project 'TallyPackages')
2026-08-27T01:06:38.9937430Z     cd /Users/runner/work/Tally/Tally
2026-08-27T01:06:39.0038760Z     write-file /Users/runner/work/Tally/Tally/build/Build/Intermediates.noindex/TallyPackages.build/Debug-iphoneos/TallyDesignSystem.build/Objects-normal/arm64/TallyDesignSystem.LinkFileList
2026-08-27T01:06:39.0141190Z 
2026-08-27T01:06:39.0242610Z WriteAuxiliaryFile /Users/runner/work/Tally/Tally/build/Build/Intermediates.noindex/TallyPackages.build/Debug-iphoneos/TallyDesignSystem.build/Objects-normal/arm64/TallyDesignSystem-OutputFileMap.json (in target 'TallyDesignSystem' from project 'TallyPackages')
2026-08-27T01:06:39.0344270Z     cd /Users/runner/work/Tally/Tally
2026-08-27T01:06:39.0445760Z     write-file /Users/runner/work/Tally/Tally/build/Build/Intermediates.noindex/TallyPackages.build/Debug-iphoneos/TallyDesignSystem.build/Objects-normal/arm64/TallyDesignSystem-OutputFileMap.json
2026-08-27T01:06:39.0550720Z 
2026-08-27T01:06:39.0676720Z Copy /Users/runner/work/Tally/Tally/build/Build/Intermediates.noindex/GeneratedModuleMaps-iphoneos/TallyDesignSystem.modulemap /Users/runner/work/Tally/Tally/build/Build/Intermediates.noindex/TallyPackages.build/Debug-iphoneos/TallyDesignSystem.build/TallyDesignSystem.modulemap (in target 'TallyDesignSystem' from project 'TallyPackages')
2026-08-27T01:06:39.0782910Z     cd /Users/runner/work/Tally/Tally
2026-08-27T01:06:39.0884810Z     builtin-copy -exclude .DS_Store -exclude CVS -exclude .svn -exclude .git -exclude .hg -resolve-src-symlinks /Users/runner/work/Tally/Tally/build/Build/Intermediates.noindex/TallyPackages.build/Debug-iphoneos/TallyDesignSystem.build/TallyDesignSystem.modulemap /Users/runner/work/Tally/Tally/build/Build/Intermediates.noindex/GeneratedModuleMaps-iphoneos
2026-08-27T01:06:39.0986420Z 
2026-08-27T01:06:39.1088460Z WriteAuxiliaryFile /Users/runner/work/Tally/Tally/build/Build/Intermediates.noindex/TallyPackages.build/Debug-iphoneos/TallyData.build/TallyData.modulemap (in target 'TallyData' from project 'TallyPackages')
2026-08-27T01:06:39.1189860Z     cd /Users/runner/work/Tally/Tally
2026-08-27T01:06:39.1291170Z     write-file /Users/runner/work/Tally/Tally/build/Build/Intermediates.noindex/TallyPackages.build/Debug-iphoneos/TallyData.build/TallyData.modulemap
2026-08-27T01:06:39.1400250Z 
2026-08-27T01:06:39.1532270Z WriteAuxiliaryFile /Users/runner/work/Tally/Tally/build/Build/Intermediates.noindex/TallyPackages.build/Debug-iphoneos/TallyData.build/TallyData.DependencyStaticMetadataFileList (in target 'TallyData' from project 'TallyPackages')
2026-08-27T01:06:39.1634640Z     cd /Users/runner/work/Tally/Tally
2026-08-27T01:06:39.1748670Z     write-file /Users/runner/work/Tally/Tally/build/Build/Intermediates.noindex/TallyPackages.build/Debug-iphoneos/TallyData.build/TallyData.DependencyStaticMetadataFileList
2026-08-27T01:06:39.1850060Z 
2026-08-27T01:06:39.1951520Z WriteAuxiliaryFile /Users/runner/work/Tally/Tally/build/Build/Intermediates.noindex/TallyPackages.build/Debug-iphoneos/TallyData.build/TallyData.DependencyMetadataFileList (in target 'TallyData' from project 'TallyPackages')
2026-08-27T01:06:39.2053010Z     cd /Users/runner/work/Tally/Tally
2026-08-27T01:06:39.2156330Z     write-file /Users/runner/work/Tally/Tally/build/Build/Intermediates.noindex/TallyPackages.build/Debug-iphoneos/TallyData.build/TallyData.DependencyMetadataFileList
2026-08-27T01:06:39.2272550Z 
2026-08-27T01:06:39.2374400Z WriteAuxiliaryFile /Users/runner/work/Tally/Tally/build/Build/Intermediates.noindex/TallyPackages.build/Debug-iphoneos/TallyData.build/Objects-normal/arm64/TallyData_const_extract_protocols.json (in target 'TallyData' from project 'TallyPackages')
2026-08-27T01:06:39.2476300Z     cd /Users/runner/work/Tally/Tally
2026-08-27T01:06:39.2578710Z     write-file /Users/runner/work/Tally/Tally/build/Build/Intermediates.noindex/TallyPackages.build/Debug-iphoneos/TallyData.build/Objects-normal/arm64/TallyData_const_extract_protocols.json
2026-08-27T01:06:39.2680390Z 
2026-08-27T01:06:39.2783600Z WriteAuxiliaryFile /Users/runner/work/Tally/Tally/build/Build/Intermediates.noindex/TallyPackages.build/Debug-iphoneos/TallyData.build/Objects-normal/arm64/TallyData.SwiftFileList (in target 'TallyData' from project 'TallyPackages')
2026-08-27T01:06:39.2886670Z     cd /Users/runner/work/Tally/Tally
2026-08-27T01:06:39.2991490Z     write-file /Users/runner/work/Tally/Tally/build/Build/Intermediates.noindex/TallyPackages.build/Debug-iphoneos/TallyData.build/Objects-normal/arm64/TallyData.SwiftFileList
2026-08-27T01:06:39.3102120Z 
2026-08-27T01:06:39.3216390Z WriteAuxiliaryFile /Users/runner/work/Tally/Tally/build/Build/Intermediates.noindex/TallyPackages.build/Debug-iphoneos/TallyData.build/Objects-normal/arm64/TallyData.SwiftConstValuesFileList (in target 'TallyData' from project 'TallyPackages')
2026-08-27T01:06:39.3321420Z     cd /Users/runner/work/Tally/Tally
2026-08-27T01:06:39.3322120Z     write-file /Users/runner/work/Tally/Tally/build/Build/Intermediates.noindex/TallyPackages.build/Debug-iphoneos/TallyData.build/Objects-normal/arm64/TallyData.SwiftConstValuesFileList
2026-08-27T01:06:39.3322720Z 
2026-08-27T01:06:39.3323360Z WriteAuxiliaryFile /Users/runner/work/Tally/Tally/build/Build/Intermediates.noindex/TallyPackages.build/Debug-iphoneos/TallyData.build/Objects-normal/arm64/TallyData.LinkFileList (in target 'TallyData' from project 'TallyPackages')
2026-08-27T01:06:39.3324460Z     cd /Users/runner/work/Tally/Tally
2026-08-27T01:06:39.3325070Z     write-file /Users/runner/work/Tally/Tally/build/Build/Intermediates.noindex/TallyPackages.build/Debug-iphoneos/TallyData.build/Objects-normal/arm64/TallyData.LinkFileList
2026-08-27T01:06:39.3325590Z 
2026-08-27T01:06:39.3326520Z WriteAuxiliaryFile /Users/runner/work/Tally/Tally/build/Build/Intermediates.noindex/TallyPackages.build/Debug-iphoneos/TallyData.build/Objects-normal/arm64/TallyData-OutputFileMap.json (in target 'TallyData' from project 'TallyPackages')
2026-08-27T01:06:39.3327390Z     cd /Users/runner/work/Tally/Tally
2026-08-27T01:06:39.3328000Z     write-file /Users/runner/work/Tally/Tally/build/Build/Intermediates.noindex/TallyPackages.build/Debug-iphoneos/TallyData.build/Objects-normal/arm64/TallyData-OutputFileMap.json
2026-08-27T01:06:39.3328540Z 
2026-08-27T01:06:39.3329600Z Copy /Users/runner/work/Tally/Tally/build/Build/Intermediates.noindex/GeneratedModuleMaps-iphoneos/TallyData.modulemap /Users/runner/work/Tally/Tally/build/Build/Intermediates.noindex/TallyPackages.build/Debug-iphoneos/TallyData.build/TallyData.modulemap (in target 'TallyData' from project 'TallyPackages')
2026-08-27T01:06:39.3330640Z     cd /Users/runner/work/Tally/Tally
2026-08-27T01:06:39.3331740Z     builtin-copy -exclude .DS_Store -exclude CVS -exclude .svn -exclude .git -exclude .hg -resolve-src-symlinks /Users/runner/work/Tally/Tally/build/Build/Intermediates.noindex/TallyPackages.build/Debug-iphoneos/TallyData.build/TallyData.modulemap /Users/runner/work/Tally/Tally/build/Build/Intermediates.noindex/GeneratedModuleMaps-iphoneos
2026-08-27T01:06:39.3332780Z 
2026-08-27T01:06:39.3333440Z WriteAuxiliaryFile /Users/runner/work/Tally/Tally/build/Build/Intermediates.noindex/TallyPackages.build/Debug-iphoneos/TallyCanvasKit.build/TallyCanvasKit.modulemap (in target 'TallyCanvasKit' from project 'TallyPackages')
2026-08-27T01:06:39.3334250Z     cd /Users/runner/work/Tally/Tally
2026-08-27T01:06:39.3334850Z     write-file /Users/runner/work/Tally/Tally/build/Build/Intermediates.noindex/TallyPackages.build/Debug-iphoneos/TallyCanvasKit.build/TallyCanvasKit.modulemap
2026-08-27T01:06:39.3335800Z 
2026-08-27T01:06:39.3336680Z WriteAuxiliaryFile /Users/runner/work/Tally/Tally/build/Build/Intermediates.noindex/TallyPackages.build/Debug-iphoneos/TallyCanvasKit.build/TallyCanvasKit.DependencyStaticMetadataFileList (in target 'TallyCanvasKit' from project 'TallyPackages')
2026-08-27T01:06:39.3441130Z     cd /Users/runner/work/Tally/Tally
2026-08-27T01:06:39.3561330Z     write-file /Users/runner/work/Tally/Tally/build/Build/Intermediates.noindex/TallyPackages.build/Debug-iphoneos/TallyCanvasKit.build/TallyCanvasKit.DependencyStaticMetadataFileList
2026-08-27T01:06:39.3666450Z 
2026-08-27T01:06:39.3775320Z WriteAuxiliaryFile /Users/runner/work/Tally/Tally/build/Build/Intermediates.noindex/TallyPackages.build/Debug-iphoneos/TallyCanvasKit.build/TallyCanvasKit.DependencyMetadataFileList (in target 'TallyCanvasKit' from project 'TallyPackages')
2026-08-27T01:06:39.3877220Z     cd /Users/runner/work/Tally/Tally
2026-08-27T01:06:39.3992770Z     write-file /Users/runner/work/Tally/Tally/build/Build/Intermediates.noindex/TallyPackages.build/Debug-iphoneos/TallyCanvasKit.build/TallyCanvasKit.DependencyMetadataFileList
2026-08-27T01:06:39.5100540Z 
2026-08-27T01:06:39.5204780Z WriteAuxiliaryFile /Users/runner/work/Tally/Tally/build/Build/Intermediates.noindex/TallyPackages.build/Debug-iphoneos/TallyCanvasKit.build/Objects-normal/arm64/TallyCanvasKit_const_extract_protocols.json (in target 'TallyCanvasKit' from project 'TallyPackages')
2026-08-27T01:06:39.5310460Z     cd /Users/runner/work/Tally/Tally
2026-08-27T01:06:39.5412070Z     write-file /Users/runner/work/Tally/Tally/build/Build/Intermediates.noindex/TallyPackages.build/Debug-iphoneos/TallyCanvasKit.build/Objects-normal/arm64/TallyCanvasKit_const_extract_protocols.json
2026-08-27T01:06:39.5513580Z 
2026-08-27T01:06:39.5615690Z WriteAuxiliaryFile /Users/runner/work/Tally/Tally/build/Build/Intermediates.noindex/TallyPackages.build/Debug-iphoneos/TallyCanvasKit.build/Objects-normal/arm64/TallyCanvasKit.SwiftFileList (in target 'TallyCanvasKit' from project 'TallyPackages')
2026-08-27T01:06:39.5717400Z     cd /Users/runner/work/Tally/Tally
2026-08-27T01:06:39.5813370Z     write-file /Users/runner/work/Tally/Tally/build/Build/Intermediates.noindex/TallyPackages.build/Debug-iphoneos/TallyCanvasKit.build/Objects-normal/arm64/TallyCanvasKit.SwiftFileList
2026-08-27T01:06:39.5914620Z 
2026-08-27T01:06:39.6016330Z WriteAuxiliaryFile /Users/runner/work/Tally/Tally/build/Build/Intermediates.noindex/TallyPackages.build/Debug-iphoneos/TallyCanvasKit.build/Objects-normal/arm64/TallyCanvasKit.SwiftConstValuesFileList (in target 'TallyCanvasKit' from project 'TallyPackages')
2026-08-27T01:06:39.6118920Z     cd /Users/runner/work/Tally/Tally
2026-08-27T01:06:39.6220050Z     write-file /Users/runner/work/Tally/Tally/build/Build/Intermediates.noindex/TallyPackages.build/Debug-iphoneos/TallyCanvasKit.build/Objects-normal/arm64/TallyCanvasKit.SwiftConstValuesFileList
2026-08-27T01:06:39.6319630Z 
2026-08-27T01:06:39.6422080Z WriteAuxiliaryFile /Users/runner/work/Tally/Tally/build/Build/Intermediates.noindex/TallyPackages.build/Debug-iphoneos/TallyCanvasKit.build/Objects-normal/arm64/TallyCanvasKit.LinkFileList (in target 'TallyCanvasKit' from project 'TallyPackages')
2026-08-27T01:06:39.6523900Z     cd /Users/runner/work/Tally/Tally
2026-08-27T01:06:39.6625220Z     write-file /Users/runner/work/Tally/Tally/build/Build/Intermediates.noindex/TallyPackages.build/Debug-iphoneos/TallyCanvasKit.build/Objects-normal/arm64/TallyCanvasKit.LinkFileList
2026-08-27T01:06:39.6725160Z 
2026-08-27T01:06:39.6826920Z WriteAuxiliaryFile /Users/runner/work/Tally/Tally/build/Build/Intermediates.noindex/TallyPackages.build/Debug-iphoneos/TallyCanvasKit.build/Objects-normal/arm64/TallyCanvasKit-OutputFileMap.json (in target 'TallyCanvasKit' from project 'TallyPackages')
2026-08-27T01:06:39.6927480Z     cd /Users/runner/work/Tally/Tally
2026-08-27T01:06:39.7029100Z     write-file /Users/runner/work/Tally/Tally/build/Build/Intermediates.noindex/TallyPackages.build/Debug-iphoneos/TallyCanvasKit.build/Objects-normal/arm64/TallyCanvasKit-OutputFileMap.json
2026-08-27T01:06:39.7128720Z 
2026-08-27T01:06:39.7229960Z Copy /Users/runner/work/Tally/Tally/build/Build/Intermediates.noindex/GeneratedModuleMaps-iphoneos/TallyCanvasKit.modulemap /Users/runner/work/Tally/Tally/build/Build/Intermediates.noindex/TallyPackages.build/Debug-iphoneos/TallyCanvasKit.build/TallyCanvasKit.modulemap (in target 'TallyCanvasKit' from project 'TallyPackages')
2026-08-27T01:06:39.7329400Z     cd /Users/runner/work/Tally/Tally
2026-08-27T01:06:39.7431010Z     builtin-copy -exclude .DS_Store -exclude CVS -exclude .svn -exclude .git -exclude .hg -resolve-src-symlinks /Users/runner/work/Tally/Tally/build/Build/Intermediates.noindex/TallyPackages.build/Debug-iphoneos/TallyCanvasKit.build/TallyCanvasKit.modulemap /Users/runner/work/Tally/Tally/build/Build/Intermediates.noindex/GeneratedModuleMaps-iphoneos
2026-08-27T01:06:39.7530330Z 
2026-08-27T01:06:39.7631710Z WriteAuxiliaryFile /Users/runner/work/Tally/Tally/build/Build/Intermediates.noindex/TallyPackages.build/Debug-iphoneos/TallyCalendarSync.build/TallyCalendarSync.modulemap (in target 'TallyCalendarSync' from project 'TallyPackages')
2026-08-27T01:06:39.7731500Z     cd /Users/runner/work/Tally/Tally
2026-08-27T01:06:39.7833050Z     write-file /Users/runner/work/Tally/Tally/build/Build/Intermediates.noindex/TallyPackages.build/Debug-iphoneos/TallyCalendarSync.build/TallyCalendarSync.modulemap
2026-08-27T01:06:39.7932660Z 
2026-08-27T01:06:39.8033940Z WriteAuxiliaryFile /Users/runner/work/Tally/Tally/build/Build/Intermediates.noindex/TallyPackages.build/Debug-iphoneos/TallyCalendarSync.build/TallyCalendarSync.DependencyStaticMetadataFileList (in target 'TallyCalendarSync' from project 'TallyPackages')
2026-08-27T01:06:39.8133920Z     cd /Users/runner/work/Tally/Tally
2026-08-27T01:06:39.8235710Z     write-file /Users/runner/work/Tally/Tally/build/Build/Intermediates.noindex/TallyPackages.build/Debug-iphoneos/TallyCalendarSync.build/TallyCalendarSync.DependencyStaticMetadataFileList
2026-08-27T01:06:39.8336990Z 
2026-08-27T01:06:39.8438120Z WriteAuxiliaryFile /Users/runner/work/Tally/Tally/build/Build/Intermediates.noindex/TallyPackages.build/Debug-iphoneos/TallyCalendarSync.build/TallyCalendarSync.DependencyMetadataFileList (in target 'TallyCalendarSync' from project 'TallyPackages')
2026-08-27T01:06:39.8559430Z     cd /Users/runner/work/Tally/Tally
2026-08-27T01:06:39.8660100Z     write-file /Users/runner/work/Tally/Tally/build/Build/Intermediates.noindex/TallyPackages.build/Debug-iphoneos/TallyCalendarSync.build/TallyCalendarSync.DependencyMetadataFileList
2026-08-27T01:06:39.8760350Z 
2026-08-27T01:06:39.8861680Z WriteAuxiliaryFile /Users/runner/work/Tally/Tally/build/Build/Intermediates.noindex/TallyPackages.build/Debug-iphoneos/TallyCalendarSync.build/Objects-normal/arm64/TallyCalendarSync_const_extract_protocols.json (in target 'TallyCalendarSync' from project 'TallyPackages')
2026-08-27T01:06:39.8961440Z     cd /Users/runner/work/Tally/Tally
2026-08-27T01:06:39.9062850Z     write-file /Users/runner/work/Tally/Tally/build/Build/Intermediates.noindex/TallyPackages.build/Debug-iphoneos/TallyCalendarSync.build/Objects-normal/arm64/TallyCalendarSync_const_extract_protocols.json
2026-08-27T01:06:39.9082000Z 
2026-08-27T01:06:39.9183340Z WriteAuxiliaryFile /Users/runner/work/Tally/Tally/build/Build/Intermediates.noindex/TallyPackages.build/Debug-iphoneos/TallyCalendarSync.build/Objects-normal/arm64/TallyCalendarSync.SwiftFileList (in target 'TallyCalendarSync' from project 'TallyPackages')
2026-08-27T01:06:39.9284880Z     cd /Users/runner/work/Tally/Tally
2026-08-27T01:06:39.9386100Z     write-file /Users/runner/work/Tally/Tally/build/Build/Intermediates.noindex/TallyPackages.build/Debug-iphoneos/TallyCalendarSync.build/Objects-normal/arm64/TallyCalendarSync.SwiftFileList
2026-08-27T01:06:39.9487110Z 
2026-08-27T01:06:39.9605280Z WriteAuxiliaryFile /Users/runner/work/Tally/Tally/build/Build/Intermediates.noindex/TallyPackages.build/Debug-iphoneos/TallyCalendarSync.build/Objects-normal/arm64/TallyCalendarSync.SwiftConstValuesFileList (in target 'TallyCalendarSync' from project 'TallyPackages')
2026-08-27T01:06:39.9706960Z     cd /Users/runner/work/Tally/Tally
2026-08-27T01:06:39.9809060Z     write-file /Users/runner/work/Tally/Tally/build/Build/Intermediates.noindex/TallyPackages.build/Debug-iphoneos/TallyCalendarSync.build/Objects-normal/arm64/TallyCalendarSync.SwiftConstValuesFileList
2026-08-27T01:06:39.9910200Z 
2026-08-27T01:06:40.0012900Z WriteAuxiliaryFile /Users/runner/work/Tally/Tally/build/Build/Intermediates.noindex/TallyPackages.build/Debug-iphoneos/TallyCalendarSync.build/Objects-normal/arm64/TallyCalendarSync.LinkFileList (in target 'TallyCalendarSync' from project 'TallyPackages')
2026-08-27T01:06:40.0117620Z     cd /Users/runner/work/Tally/Tally
2026-08-27T01:06:40.0219090Z     write-file /Users/runner/work/Tally/Tally/build/Build/Intermediates.noindex/TallyPackages.build/Debug-iphoneos/TallyCalendarSync.build/Objects-normal/arm64/TallyCalendarSync.LinkFileList
2026-08-27T01:06:40.0320530Z 
2026-08-27T01:06:40.0422040Z WriteAuxiliaryFile /Users/runner/work/Tally/Tally/build/Build/Intermediates.noindex/TallyPackages.build/Debug-iphoneos/TallyCalendarSync.build/Objects-normal/arm64/TallyCalendarSync-OutputFileMap.json (in target 'TallyCalendarSync' from project 'TallyPackages')
2026-08-27T01:06:40.0523740Z     cd /Users/runner/work/Tally/Tally
2026-08-27T01:06:40.0640640Z     write-file /Users/runner/work/Tally/Tally/build/Build/Intermediates.noindex/TallyPackages.build/Debug-iphoneos/TallyCalendarSync.build/Objects-normal/arm64/TallyCalendarSync-OutputFileMap.json
2026-08-27T01:06:40.0673990Z 
2026-08-27T01:06:40.0775510Z Copy /Users/runner/work/Tally/Tally/build/Build/Intermediates.noindex/GeneratedModuleMaps-iphoneos/TallyCalendarSync.modulemap /Users/runner/work/Tally/Tally/build/Build/Intermediates.noindex/TallyPackages.build/Debug-iphoneos/TallyCalendarSync.build/TallyCalendarSync.modulemap (in target 'TallyCalendarSync' from project 'TallyPackages')
2026-08-27T01:06:40.0877260Z     cd /Users/runner/work/Tally/Tally
2026-08-27T01:06:40.0981540Z     builtin-copy -exclude .DS_Store -exclude CVS -exclude .svn -exclude .git -exclude .hg -resolve-src-symlinks /Users/runner/work/Tally/Tally/build/Build/Intermediates.noindex/TallyPackages.build/Debug-iphoneos/TallyCalendarSync.build/TallyCalendarSync.modulemap /Users/runner/work/Tally/Tally/build/Build/Intermediates.noindex/GeneratedModuleMaps-iphoneos
2026-08-27T01:06:40.1083870Z 
2026-08-27T01:06:40.1185630Z WriteAuxiliaryFile /Users/runner/work/Tally/Tally/build/Build/Intermediates.noindex/TallyPackages.build/Debug-iphoneos/TallyCache.build/TallyCache.modulemap (in target 'TallyCache' from project 'TallyPackages')
2026-08-27T01:06:40.1287340Z     cd /Users/runner/work/Tally/Tally
2026-08-27T01:06:40.1412470Z     write-file /Users/runner/work/Tally/Tally/build/Build/Intermediates.noindex/TallyPackages.build/Debug-iphoneos/TallyCache.build/TallyCache.modulemap
2026-08-27T01:06:40.1513470Z 
2026-08-27T01:06:40.1627920Z WriteAuxiliaryFile /Users/runner/work/Tally/Tally/build/Build/Intermediates.noindex/TallyPackages.build/Debug-iphoneos/TallyCache.build/TallyCache.DependencyStaticMetadataFileList (in target 'TallyCache' from project 'TallyPackages')
2026-08-27T01:06:40.1731060Z     cd /Users/runner/work/Tally/Tally
2026-08-27T01:06:40.1836830Z     write-file /Users/runner/work/Tally/Tally/build/Build/Intermediates.noindex/TallyPackages.build/Debug-iphoneos/TallyCache.build/TallyCache.DependencyStaticMetadataFileList
2026-08-27T01:06:40.1938190Z 
2026-08-27T01:06:40.2039550Z WriteAuxiliaryFile /Users/runner/work/Tally/Tally/build/Build/Intermediates.noindex/TallyPackages.build/Debug-iphoneos/TallyCache.build/TallyCache.DependencyMetadataFileList (in target 'TallyCache' from project 'TallyPackages')
2026-08-27T01:06:40.2163080Z     cd /Users/runner/work/Tally/Tally
2026-08-27T01:06:40.2278600Z     write-file /Users/runner/work/Tally/Tally/build/Build/Intermediates.noindex/TallyPackages.build/Debug-iphoneos/TallyCache.build/TallyCache.DependencyMetadataFileList
2026-08-27T01:06:40.2382980Z 
2026-08-27T01:06:40.2508660Z WriteAuxiliaryFile /Users/runner/work/Tally/Tally/build/Build/Intermediates.noindex/TallyPackages.build/Debug-iphoneos/TallyCache.build/Objects-normal/arm64/TallyCache_const_extract_protocols.json (in target 'TallyCache' from project 'TallyPackages')
2026-08-27T01:06:40.2633830Z     cd /Users/runner/work/Tally/Tally
2026-08-27T01:06:40.2737180Z     write-file /Users/runner/work/Tally/Tally/build/Build/Intermediates.noindex/TallyPackages.build/Debug-iphoneos/TallyCache.build/Objects-normal/arm64/TallyCache_const_extract_protocols.json
2026-08-27T01:06:40.2741050Z 
2026-08-27T01:06:40.2842420Z WriteAuxiliaryFile /Users/runner/work/Tally/Tally/build/Build/Intermediates.noindex/TallyPackages.build/Debug-iphoneos/TallyCache.build/Objects-normal/arm64/TallyCache.SwiftFileList (in target 'TallyCache' from project 'TallyPackages')
2026-08-27T01:06:40.2944010Z     cd /Users/runner/work/Tally/Tally
2026-08-27T01:06:40.3045400Z     write-file /Users/runner/work/Tally/Tally/build/Build/Intermediates.noindex/TallyPackages.build/Debug-iphoneos/TallyCache.build/Objects-normal/arm64/TallyCache.SwiftFileList
2026-08-27T01:06:40.3146440Z 
2026-08-27T01:06:40.3249770Z WriteAuxiliaryFile /Users/runner/work/Tally/Tally/build/Build/Intermediates.noindex/TallyPackages.build/Debug-iphoneos/TallyCache.build/Objects-normal/arm64/TallyCache.SwiftConstValuesFileList (in target 'TallyCache' from project 'TallyPackages')
2026-08-27T01:06:40.3351360Z     cd /Users/runner/work/Tally/Tally
2026-08-27T01:06:40.3452780Z     write-file /Users/runner/work/Tally/Tally/build/Build/Intermediates.noindex/TallyPackages.build/Debug-iphoneos/TallyCache.build/Objects-normal/arm64/TallyCache.SwiftConstValuesFileList
2026-08-27T01:06:40.3553880Z 
2026-08-27T01:06:40.3655520Z WriteAuxiliaryFile /Users/runner/work/Tally/Tally/build/Build/Intermediates.noindex/TallyPackages.build/Debug-iphoneos/TallyCache.build/Objects-normal/arm64/TallyCache.LinkFileList (in target 'TallyCache' from project 'TallyPackages')
2026-08-27T01:06:40.3757130Z     cd /Users/runner/work/Tally/Tally
2026-08-27T01:06:40.3860130Z     write-file /Users/runner/work/Tally/Tally/build/Build/Intermediates.noindex/TallyPackages.build/Debug-iphoneos/TallyCache.build/Objects-normal/arm64/TallyCache.LinkFileList
2026-08-27T01:06:40.3961420Z 
2026-08-27T01:06:40.4063320Z WriteAuxiliaryFile /Users/runner/work/Tally/Tally/build/Build/Intermediates.noindex/TallyPackages.build/Debug-iphoneos/TallyCache.build/Objects-normal/arm64/TallyCache-OutputFileMap.json (in target 'TallyCache' from project 'TallyPackages')
2026-08-27T01:06:40.4164840Z     cd /Users/runner/work/Tally/Tally
2026-08-27T01:06:40.4266470Z     write-file /Users/runner/work/Tally/Tally/build/Build/Intermediates.noindex/TallyPackages.build/Debug-iphoneos/TallyCache.build/Objects-normal/arm64/TallyCache-OutputFileMap.json
2026-08-27T01:06:40.4367440Z 
2026-08-27T01:06:40.4476740Z Copy /Users/runner/work/Tally/Tally/build/Build/Intermediates.noindex/GeneratedModuleMaps-iphoneos/TallyCache.modulemap /Users/runner/work/Tally/Tally/build/Build/Intermediates.noindex/TallyPackages.build/Debug-iphoneos/TallyCache.build/TallyCache.modulemap (in target 'TallyCache' from project 'TallyPackages')
2026-08-27T01:06:40.4578760Z     cd /Users/runner/work/Tally/Tally
2026-08-27T01:06:40.4680760Z     builtin-copy -exclude .DS_Store -exclude CVS -exclude .svn -exclude .git -exclude .hg -resolve-src-symlinks /Users/runner/work/Tally/Tally/build/Build/Intermediates.noindex/TallyPackages.build/Debug-iphoneos/TallyCache.build/TallyCache.modulemap /Users/runner/work/Tally/Tally/build/Build/Intermediates.noindex/GeneratedModuleMaps-iphoneos
2026-08-27T01:06:40.4782430Z 
2026-08-27T01:06:40.4886490Z WriteAuxiliaryFile /Users/runner/work/Tally/Tally/build/Build/Intermediates.noindex/TallyPackages.build/Debug-iphoneos/TallyAppFeature.build/TallyAppFeature.modulemap (in target 'TallyAppFeature' from project 'TallyPackages')
2026-08-27T01:06:40.4988760Z     cd /Users/runner/work/Tally/Tally
2026-08-27T01:06:40.5090110Z     write-file /Users/runner/work/Tally/Tally/build/Build/Intermediates.noindex/TallyPackages.build/Debug-iphoneos/TallyAppFeature.build/TallyAppFeature.modulemap
2026-08-27T01:06:40.5194420Z 
2026-08-27T01:06:40.5296480Z WriteAuxiliaryFile /Users/runner/work/Tally/Tally/build/Build/Intermediates.noindex/TallyPackages.build/Debug-iphoneos/TallyAppFeature.build/TallyAppFeature.DependencyStaticMetadataFileList (in target 'TallyAppFeature' from project 'TallyPackages')
2026-08-27T01:06:40.5400390Z     cd /Users/runner/work/Tally/Tally
2026-08-27T01:06:40.5502110Z     write-file /Users/runner/work/Tally/Tally/build/Build/Intermediates.noindex/TallyPackages.build/Debug-iphoneos/TallyAppFeature.build/TallyAppFeature.DependencyStaticMetadataFileList
2026-08-27T01:06:40.5607210Z 
2026-08-27T01:06:40.5708560Z WriteAuxiliaryFile /Users/runner/work/Tally/Tally/build/Build/Intermediates.noindex/TallyPackages.build/Debug-iphoneos/TallyAppFeature.build/TallyAppFeature.DependencyMetadataFileList (in target 'TallyAppFeature' from project 'TallyPackages')
2026-08-27T01:06:40.5810440Z     cd /Users/runner/work/Tally/Tally
2026-08-27T01:06:40.5913510Z     write-file /Users/runner/work/Tally/Tally/build/Build/Intermediates.noindex/TallyPackages.build/Debug-iphoneos/TallyAppFeature.build/TallyAppFeature.DependencyMetadataFileList
2026-08-27T01:06:40.6025410Z 
2026-08-27T01:06:40.6126930Z WriteAuxiliaryFile /Users/runner/work/Tally/Tally/build/Build/Intermediates.noindex/TallyPackages.build/Debug-iphoneos/TallyAppFeature.build/Objects-normal/arm64/TallyAppFeature_const_extract_protocols.json (in target 'TallyAppFeature' from project 'TallyPackages')
2026-08-27T01:06:40.6228490Z     cd /Users/runner/work/Tally/Tally
2026-08-27T01:06:40.6329840Z     write-file /Users/runner/work/Tally/Tally/build/Build/Intermediates.noindex/TallyPackages.build/Debug-iphoneos/TallyAppFeature.build/Objects-normal/arm64/TallyAppFeature_const_extract_protocols.json
2026-08-27T01:06:40.6431170Z 
2026-08-27T01:06:40.6680630Z WriteAuxiliaryFile /Users/runner/work/Tally/Tally/build/Build/Intermediates.noindex/TallyPackages.build/Debug-iphoneos/TallyAppFeature.build/Objects-normal/arm64/TallyAppFeature.SwiftFileList (in target 'TallyAppFeature' from project 'TallyPackages')
2026-08-27T01:06:40.6782470Z     cd /Users/runner/work/Tally/Tally
2026-08-27T01:06:40.6887160Z     write-file /Users/runner/work/Tally/Tally/build/Build/Intermediates.noindex/TallyPackages.build/Debug-iphoneos/TallyAppFeature.build/Objects-normal/arm64/TallyAppFeature.SwiftFileList
2026-08-27T01:06:40.6988730Z 
2026-08-27T01:06:40.7170260Z WriteAuxiliaryFile /Users/runner/work/Tally/Tally/build/Build/Intermediates.noindex/TallyPackages.build/Debug-iphoneos/TallyAppFeature.build/Objects-normal/arm64/TallyAppFeature.SwiftConstValuesFileList (in target 'TallyAppFeature' from project 'TallyPackages')
2026-08-27T01:06:40.7287410Z     cd /Users/runner/work/Tally/Tally
2026-08-27T01:06:40.7390400Z     write-file /Users/runner/work/Tally/Tally/build/Build/Intermediates.noindex/TallyPackages.build/Debug-iphoneos/TallyAppFeature.build/Objects-normal/arm64/TallyAppFeature.SwiftConstValuesFileList
2026-08-27T01:06:40.7493110Z 
2026-08-27T01:06:40.7595660Z WriteAuxiliaryFile /Users/runner/work/Tally/Tally/build/Build/Intermediates.noindex/TallyPackages.build/Debug-iphoneos/TallyAppFeature.build/Objects-normal/arm64/TallyAppFeature.LinkFileList (in target 'TallyAppFeature' from project 'TallyPackages')
2026-08-27T01:06:40.7709790Z     cd /Users/runner/work/Tally/Tally
2026-08-27T01:06:40.7812030Z     write-file /Users/runner/work/Tally/Tally/build/Build/Intermediates.noindex/TallyPackages.build/Debug-iphoneos/TallyAppFeature.build/Objects-normal/arm64/TallyAppFeature.LinkFileList
2026-08-27T01:06:40.7922240Z 
2026-08-27T01:06:40.8076280Z WriteAuxiliaryFile /Users/runner/work/Tally/Tally/build/Build/Intermediates.noindex/TallyPackages.build/Debug-iphoneos/TallyAppFeature.build/Objects-normal/arm64/TallyAppFeature-OutputFileMap.json (in target 'TallyAppFeature' from project 'TallyPackages')
2026-08-27T01:06:40.8178720Z     cd /Users/runner/work/Tally/Tally
2026-08-27T01:06:40.8283980Z     write-file /Users/runner/work/Tally/Tally/build/Build/Intermediates.noindex/TallyPackages.build/Debug-iphoneos/TallyAppFeature.build/Objects-normal/arm64/TallyAppFeature-OutputFileMap.json
2026-08-27T01:06:40.8394290Z 
2026-08-27T01:06:40.8500090Z Copy /Users/runner/work/Tally/Tally/build/Build/Intermediates.noindex/GeneratedModuleMaps-iphoneos/TallyAppFeature.modulemap /Users/runner/work/Tally/Tally/build/Build/Intermediates.noindex/TallyPackages.build/Debug-iphoneos/TallyAppFeature.build/TallyAppFeature.modulemap (in target 'TallyAppFeature' from project 'TallyPackages')
2026-08-27T01:06:40.8796290Z     cd /Users/runner/work/Tally/Tally
2026-08-27T01:06:40.8899880Z     builtin-copy -exclude .DS_Store -exclude CVS -exclude .svn -exclude .git -exclude .hg -resolve-src-symlinks /Users/runner/work/Tally/Tally/build/Build/Intermediates.noindex/TallyPackages.build/Debug-iphoneos/TallyAppFeature.build/TallyAppFeature.modulemap /Users/runner/work/Tally/Tally/build/Build/Intermediates.noindex/GeneratedModuleMaps-iphoneos
2026-08-27T01:06:40.8999380Z 
2026-08-27T01:06:40.9128900Z WriteAuxiliaryFile /Users/runner/work/Tally/Tally/build/Build/Intermediates.noindex/TallyApp.build/Debug-iphoneos/TallyApp.build/TallyApp.hmap (in target 'TallyApp' from project 'TallyApp')
2026-08-27T01:06:40.9285820Z     cd /Users/runner/work/Tally/Tally/apps/TallyiOS
2026-08-27T01:06:40.9402850Z     write-file /Users/runner/work/Tally/Tally/build/Build/Intermediates.noindex/TallyApp.build/Debug-iphoneos/TallyApp.build/TallyApp.hmap
2026-08-27T01:06:40.9503890Z 
2026-08-27T01:06:40.9605370Z WriteAuxiliaryFile /Users/runner/work/Tally/Tally/build/Build/Intermediates.noindex/TallyApp.build/Debug-iphoneos/TallyApp.build/TallyApp.DependencyStaticMetadataFileList (in target 'TallyApp' from project 'TallyApp')
2026-08-27T01:06:40.9707360Z     cd /Users/runner/work/Tally/Tally/apps/TallyiOS
2026-08-27T01:06:40.9808750Z     write-file /Users/runner/work/Tally/Tally/build/Build/Intermediates.noindex/TallyApp.build/Debug-iphoneos/TallyApp.build/TallyApp.DependencyStaticMetadataFileList
2026-08-27T01:06:40.9909880Z 
2026-08-27T01:06:41.0011860Z WriteAuxiliaryFile /Users/runner/work/Tally/Tally/build/Build/Intermediates.noindex/TallyApp.build/Debug-iphoneos/TallyApp.build/TallyApp.DependencyMetadataFileList (in target 'TallyApp' from project 'TallyApp')
2026-08-27T01:06:41.0113460Z     cd /Users/runner/work/Tally/Tally/apps/TallyiOS
2026-08-27T01:06:41.0222870Z     write-file /Users/runner/work/Tally/Tally/build/Build/Intermediates.noindex/TallyApp.build/Debug-iphoneos/TallyApp.build/TallyApp.DependencyMetadataFileList
2026-08-27T01:06:41.0324040Z 
2026-08-27T01:06:41.0425420Z WriteAuxiliaryFile /Users/runner/work/Tally/Tally/build/Build/Intermediates.noindex/TallyApp.build/Debug-iphoneos/TallyApp.build/TallyApp-project-headers.hmap (in target 'TallyApp' from project 'TallyApp')
2026-08-27T01:06:41.0539400Z     cd /Users/runner/work/Tally/Tally/apps/TallyiOS
2026-08-27T01:06:41.0642260Z     write-file /Users/runner/work/Tally/Tally/build/Build/Intermediates.noindex/TallyApp.build/Debug-iphoneos/TallyApp.build/TallyApp-project-headers.hmap
2026-08-27T01:06:41.0744180Z 
2026-08-27T01:06:41.0846050Z WriteAuxiliaryFile /Users/runner/work/Tally/Tally/build/Build/Intermediates.noindex/TallyApp.build/Debug-iphoneos/TallyApp.build/TallyApp-own-target-headers.hmap (in target 'TallyApp' from project 'TallyApp')
2026-08-27T01:06:41.0948800Z     cd /Users/runner/work/Tally/Tally/apps/TallyiOS
2026-08-27T01:06:41.1050240Z     write-file /Users/runner/work/Tally/Tally/build/Build/Intermediates.noindex/TallyApp.build/Debug-iphoneos/TallyApp.build/TallyApp-own-target-headers.hmap
2026-08-27T01:06:41.1151320Z 
2026-08-27T01:06:41.1252790Z WriteAuxiliaryFile /Users/runner/work/Tally/Tally/build/Build/Intermediates.noindex/TallyApp.build/Debug-iphoneos/TallyApp.build/TallyApp-generated-files.hmap (in target 'TallyApp' from project 'TallyApp')
2026-08-27T01:06:41.1354290Z     cd /Users/runner/work/Tally/Tally/apps/TallyiOS
2026-08-27T01:06:41.1455710Z     write-file /Users/runner/work/Tally/Tally/build/Build/Intermediates.noindex/TallyApp.build/Debug-iphoneos/TallyApp.build/TallyApp-generated-files.hmap
2026-08-27T01:06:41.1560470Z 
2026-08-27T01:06:41.1662360Z WriteAuxiliaryFile /Users/runner/work/Tally/Tally/build/Build/Intermediates.noindex/TallyApp.build/Debug-iphoneos/TallyApp.build/TallyApp-all-target-headers.hmap (in target 'TallyApp' from project 'TallyApp')
2026-08-27T01:06:41.1763930Z     cd /Users/runner/work/Tally/Tally/apps/TallyiOS
2026-08-27T01:06:41.1865780Z     write-file /Users/runner/work/Tally/Tally/build/Build/Intermediates.noindex/TallyApp.build/Debug-iphoneos/TallyApp.build/TallyApp-all-target-headers.hmap
2026-08-27T01:06:41.1966910Z 
2026-08-27T01:06:41.2068480Z WriteAuxiliaryFile /Users/runner/work/Tally/Tally/build/Build/Intermediates.noindex/TallyApp.build/Debug-iphoneos/TallyApp.build/TallyApp-all-non-framework-target-headers.hmap (in target 'TallyApp' from project 'TallyApp')
2026-08-27T01:06:41.2170130Z     cd /Users/runner/work/Tally/Tally/apps/TallyiOS
2026-08-27T01:06:41.2271640Z     write-file /Users/runner/work/Tally/Tally/build/Build/Intermediates.noindex/TallyApp.build/Debug-iphoneos/TallyApp.build/TallyApp-all-non-framework-target-headers.hmap
2026-08-27T01:06:41.2374340Z 
2026-08-27T01:06:41.2475860Z WriteAuxiliaryFile /Users/runner/work/Tally/Tally/build/Build/Intermediates.noindex/TallyApp.build/Debug-iphoneos/TallyApp.build/TallyApp-DebugDylibPath-normal-arm64.txt (in target 'TallyApp' from project 'TallyApp')
2026-08-27T01:06:41.2577410Z     cd /Users/runner/work/Tally/Tally/apps/TallyiOS
2026-08-27T01:06:41.2678800Z     write-file /Users/runner/work/Tally/Tally/build/Build/Intermediates.noindex/TallyApp.build/Debug-iphoneos/TallyApp.build/TallyApp-DebugDylibPath-normal-arm64.txt
2026-08-27T01:06:41.2779920Z 
2026-08-27T01:06:41.2881380Z WriteAuxiliaryFile /Users/runner/work/Tally/Tally/build/Build/Intermediates.noindex/TallyApp.build/Debug-iphoneos/TallyApp.build/TallyApp-DebugDylibInstallName-normal-arm64.txt (in target 'TallyApp' from project 'TallyApp')
2026-08-27T01:06:41.2983020Z     cd /Users/runner/work/Tally/Tally/apps/TallyiOS
2026-08-27T01:06:41.3085270Z     write-file /Users/runner/work/Tally/Tally/build/Build/Intermediates.noindex/TallyApp.build/Debug-iphoneos/TallyApp.build/TallyApp-DebugDylibInstallName-normal-arm64.txt
2026-08-27T01:06:41.3186810Z 
2026-08-27T01:06:41.3201970Z WriteAuxiliaryFile /Users/runner/work/Tally/Tally/build/Build/Intermediates.noindex/TallyApp.build/Debug-iphoneos/TallyApp.build/Objects-normal/arm64/TallyApp_const_extract_protocols.json (in target 'TallyApp' from project 'TallyApp')
2026-08-27T01:06:41.3303450Z     cd /Users/runner/work/Tally/Tally/apps/TallyiOS
2026-08-27T01:06:41.3405570Z     write-file /Users/runner/work/Tally/Tally/build/Build/Intermediates.noindex/TallyApp.build/Debug-iphoneos/TallyApp.build/Objects-normal/arm64/TallyApp_const_extract_protocols.json
2026-08-27T01:06:41.3507760Z 
2026-08-27T01:06:41.3608990Z WriteAuxiliaryFile /Users/runner/work/Tally/Tally/build/Build/Intermediates.noindex/TallyApp.build/Debug-iphoneos/TallyApp.build/Objects-normal/arm64/TallyApp.SwiftFileList (in target 'TallyApp' from project 'TallyApp')
2026-08-27T01:06:41.3710490Z     cd /Users/runner/work/Tally/Tally/apps/TallyiOS
2026-08-27T01:06:41.3811950Z     write-file /Users/runner/work/Tally/Tally/build/Build/Intermediates.noindex/TallyApp.build/Debug-iphoneos/TallyApp.build/Objects-normal/arm64/TallyApp.SwiftFileList
2026-08-27T01:06:41.3913430Z 
2026-08-27T01:06:41.4014850Z WriteAuxiliaryFile /Users/runner/work/Tally/Tally/build/Build/Intermediates.noindex/TallyApp.build/Debug-iphoneos/TallyApp.build/Objects-normal/arm64/TallyApp.SwiftConstValuesFileList (in target 'TallyApp' from project 'TallyApp')
2026-08-27T01:06:41.4116420Z     cd /Users/runner/work/Tally/Tally/apps/TallyiOS
2026-08-27T01:06:41.4217880Z     write-file /Users/runner/work/Tally/Tally/build/Build/Intermediates.noindex/TallyApp.build/Debug-iphoneos/TallyApp.build/Objects-normal/arm64/TallyApp.SwiftConstValuesFileList
2026-08-27T01:06:41.4321810Z 
2026-08-27T01:06:41.4423220Z WriteAuxiliaryFile /Users/runner/work/Tally/Tally/build/Build/Intermediates.noindex/TallyApp.build/Debug-iphoneos/TallyApp.build/Objects-normal/arm64/TallyApp.LinkFileList (in target 'TallyApp' from project 'TallyApp')
2026-08-27T01:06:41.4525160Z     cd /Users/runner/work/Tally/Tally/apps/TallyiOS
2026-08-27T01:06:41.4626510Z     write-file /Users/runner/work/Tally/Tally/build/Build/Intermediates.noindex/TallyApp.build/Debug-iphoneos/TallyApp.build/Objects-normal/arm64/TallyApp.LinkFileList
2026-08-27T01:06:41.4727600Z 
2026-08-27T01:06:41.4829220Z WriteAuxiliaryFile /Users/runner/work/Tally/Tally/build/Build/Intermediates.noindex/TallyApp.build/Debug-iphoneos/TallyApp.build/Objects-normal/arm64/TallyApp-OutputFileMap.json (in target 'TallyApp' from project 'TallyApp')
2026-08-27T01:06:41.4931210Z     cd /Users/runner/work/Tally/Tally/apps/TallyiOS
2026-08-27T01:06:41.5032570Z     write-file /Users/runner/work/Tally/Tally/build/Build/Intermediates.noindex/TallyApp.build/Debug-iphoneos/TallyApp.build/Objects-normal/arm64/TallyApp-OutputFileMap.json
2026-08-27T01:06:41.5133610Z 
2026-08-27T01:06:41.5235030Z MkDir /Users/runner/work/Tally/Tally/build/Build/Products/Debug-iphoneos/TallyApp.app (in target 'TallyApp' from project 'TallyApp')
2026-08-27T01:06:41.5336990Z     cd /Users/runner/work/Tally/Tally/apps/TallyiOS
2026-08-27T01:06:41.5438390Z     /bin/mkdir -p /Users/runner/work/Tally/Tally/build/Build/Products/Debug-iphoneos/TallyApp.app
2026-08-27T01:06:41.5539280Z 
2026-08-27T01:06:41.5640330Z SwiftDriver TallyObservability normal arm64 com.apple.xcode.tools.swift.compiler (in target 'TallyObservability' from project 'TallyPackages')
2026-08-27T01:06:41.5742120Z     cd /Users/runner/work/Tally/Tally/apps/TallyiOS/TallyApp.xcodeproj
2026-08-27T01:06:41.5855180Z     builtin-SwiftDriver -- /Applications/Xcode_16.4.app/Contents/Developer/Toolchains/XcodeDefault.xctoolchain/usr/bin/swiftc -module-name TallyObservability -Onone -enforce-exclusivity\=checked @/Users/runner/work/Tally/Tally/build/Build/Intermediates.noindex/TallyPackages.build/Debug-iphoneos/TallyObservability.build/Objects-normal/arm64/TallyObservability.SwiftFileList -DSWIFT_PACKAGE -DDEBUG -DXcode -plugin-path /Applications/Xcode_16.4.app/Contents/Developer/Toolchains/XcodeDefault.xctoolchain/usr/lib/swift/host/plugins/testing -enable-experimental-feature DebugDescriptionMacro -sdk /Applications/Xcode_16.4.app/Contents/Developer/Platforms/iPhoneOS.platform/Developer/SDKs/iPhoneOS18.5.sdk -target arm64-apple-ios17.0 -g -module-cache-path /Users/runner/work/Tally/Tally/build/ModuleCache.noindex -Xfrontend -serialize-debugging-options -enable-testing -index-store-path /Users/runner/work/Tally/Tally/build/Index.noindex/DataStore -swift-version 5 -I /Users/runner/work/Tally/Tally/build/Build/Products/Debug-iphoneos -I /Applications/Xcode_16.4.app/Contents/Developer/Platforms/iPhoneOS.platform/Developer/usr/lib -F /Users/runner/work/Tally/Tally/build/Build/Products/Debug-iphoneos -F /Applications/Xcode_16.4.app/Contents/Developer/Platforms/iPhoneOS.platform/Developer/Library/Frameworks -F /Applications/Xcode_16.4.app/Contents/Developer/Platforms/iPhoneOS.platform/Developer/SDKs/iPhoneOS18.5.sdk/Developer/Library/Frameworks -parse-as-library -c -j3 -enable-batch-mode -incremental -Xcc -ivfsstatcache -Xcc /Users/runner/work/Tally/Tally/build/SDKStatCaches.noindex/iphoneos18.5-22F76-a529daf784b3616c7c04a36aeb7f5c05.sdkstatcache -output-file-map /Users/runner/work/Tally/Tally/build/Build/Intermediates.noindex/TallyPackages.build/Debug-iphoneos/TallyObservability.build/Objects-normal/arm64/TallyObservability-OutputFileMap.json -use-frontend-parseable-output -save-temps -no-color-diagnostics -serialize-diagnostics -emit-dependencies -emit-module -emit-module-path /Users/runner/work/Tally/Tally/build/Build/Intermediates.noindex/TallyPackages.build/Debug-iphoneos/TallyObservability.build/Objects-normal/arm64/TallyObservability.swiftmodule -validate-clang-modules-once -clang-build-session-file /Users/runner/work/Tally/Tally/build/ModuleCache.noindex/Session.modulevalidation -package-name tally -Xcc -I/Users/runner/work/Tally/Tally/build/Build/Intermediates.noindex/TallyPackages.build/Debug-iphoneos/TallyObservability.build/swift-overrides.hmap -emit-const-values -Xfrontend -const-gather-protocols-file -Xfrontend /Users/runner/work/Tally/Tally/build/Build/Intermediates.noindex/TallyPackages.build/Debug-iphoneos/TallyObservability.build/Objects-normal/arm64/TallyObservability_const_extract_protocols.json -Xcc -I/Users/runner/work/Tally/Tally/build/Build/Products/Debug-iphoneos/include -Xcc -I/Users/runner/work/Tally/Tally/build/Build/Intermediates.noindex/TallyPackages.build/Debug-iphoneos/TallyObservability.build/DerivedSources-normal/arm64 -Xcc -I/Users/runner/work/Tally/Tally/build/Build/Intermediates.noindex/TallyPackages.build/Debug-iphoneos/TallyObservability.build/DerivedSources/arm64 -Xcc -I/Users/runner/work/Tally/Tally/build/Build/Intermediates.noindex/TallyPackages.build/Debug-iphoneos/TallyObservability.build/DerivedSources -Xcc -DSWIFT_PACKAGE -Xcc -DDEBUG\=1 -emit-objc-header -emit-objc-header-path /Users/runner/work/Tally/Tally/build/Build/Intermediates.noindex/TallyPackages.build/Debug-iphoneos/TallyObservability.build/Objects-normal/arm64/TallyObservability-Swift.h -working-directory /Users/runner/work/Tally/Tally/apps/TallyiOS/TallyApp.xcodeproj -experimental-emit-module-separately -disable-cmo
2026-08-27T01:06:41.5966850Z 
2026-08-27T01:06:41.6067940Z SwiftDriver TallySecurity normal arm64 com.apple.xcode.tools.swift.compiler (in target 'TallySecurity' from project 'TallyPackages')
2026-08-27T01:06:41.6169470Z     cd /Users/runner/work/Tally/Tally/apps/TallyiOS/TallyApp.xcodeproj
2026-08-27T01:06:41.6281800Z     builtin-SwiftDriver -- /Applications/Xcode_16.4.app/Contents/Developer/Toolchains/XcodeDefault.xctoolchain/usr/bin/swiftc -module-name TallySecurity -Onone -enforce-exclusivity\=checked @/Users/runner/work/Tally/Tally/build/Build/Intermediates.noindex/TallyPackages.build/Debug-iphoneos/TallySecurity.build/Objects-normal/arm64/TallySecurity.SwiftFileList -DSWIFT_PACKAGE -DDEBUG -DXcode -plugin-path /Applications/Xcode_16.4.app/Contents/Developer/Toolchains/XcodeDefault.xctoolchain/usr/lib/swift/host/plugins/testing -enable-experimental-feature DebugDescriptionMacro -sdk /Applications/Xcode_16.4.app/Contents/Developer/Platforms/iPhoneOS.platform/Developer/SDKs/iPhoneOS18.5.sdk -target arm64-apple-ios17.0 -g -module-cache-path /Users/runner/work/Tally/Tally/build/ModuleCache.noindex -Xfrontend -serialize-debugging-options -enable-testing -index-store-path /Users/runner/work/Tally/Tally/build/Index.noindex/DataStore -swift-version 5 -I /Users/runner/work/Tally/Tally/build/Build/Products/Debug-iphoneos -I /Applications/Xcode_16.4.app/Contents/Developer/Platforms/iPhoneOS.platform/Developer/usr/lib -F /Users/runner/work/Tally/Tally/build/Build/Products/Debug-iphoneos -F /Applications/Xcode_16.4.app/Contents/Developer/Platforms/iPhoneOS.platform/Developer/Library/Frameworks -F /Applications/Xcode_16.4.app/Contents/Developer/Platforms/iPhoneOS.platform/Developer/SDKs/iPhoneOS18.5.sdk/Developer/Library/Frameworks -parse-as-library -c -j3 -enable-batch-mode -incremental -Xcc -ivfsstatcache -Xcc /Users/runner/work/Tally/Tally/build/SDKStatCaches.noindex/iphoneos18.5-22F76-a529daf784b3616c7c04a36aeb7f5c05.sdkstatcache -output-file-map /Users/runner/work/Tally/Tally/build/Build/Intermediates.noindex/TallyPackages.build/Debug-iphoneos/TallySecurity.build/Objects-normal/arm64/TallySecurity-OutputFileMap.json -use-frontend-parseable-output -save-temps -no-color-diagnostics -serialize-diagnostics -emit-dependencies -emit-module -emit-module-path /Users/runner/work/Tally/Tally/build/Build/Intermediates.noindex/TallyPackages.build/Debug-iphoneos/TallySecurity.build/Objects-normal/arm64/TallySecurity.swiftmodule -validate-clang-modules-once -clang-build-session-file /Users/runner/work/Tally/Tally/build/ModuleCache.noindex/Session.modulevalidation -package-name tally -Xcc -I/Users/runner/work/Tally/Tally/build/Build/Intermediates.noindex/TallyPackages.build/Debug-iphoneos/TallySecurity.build/swift-overrides.hmap -emit-const-values -Xfrontend -const-gather-protocols-file -Xfrontend /Users/runner/work/Tally/Tally/build/Build/Intermediates.noindex/TallyPackages.build/Debug-iphoneos/TallySecurity.build/Objects-normal/arm64/TallySecurity_const_extract_protocols.json -Xcc -I/Users/runner/work/Tally/Tally/build/Build/Products/Debug-iphoneos/include -Xcc -I/Users/runner/work/Tally/Tally/build/Build/Intermediates.noindex/TallyPackages.build/Debug-iphoneos/TallySecurity.build/DerivedSources-normal/arm64 -Xcc -I/Users/runner/work/Tally/Tally/build/Build/Intermediates.noindex/TallyPackages.build/Debug-iphoneos/TallySecurity.build/DerivedSources/arm64 -Xcc -I/Users/runner/work/Tally/Tally/build/Build/Intermediates.noindex/TallyPackages.build/Debug-iphoneos/TallySecurity.build/DerivedSources -Xcc -DSWIFT_PACKAGE -Xcc -DDEBUG\=1 -emit-objc-header -emit-objc-header-path /Users/runner/work/Tally/Tally/build/Build/Intermediates.noindex/TallyPackages.build/Debug-iphoneos/TallySecurity.build/Objects-normal/arm64/TallySecurity-Swift.h -working-directory /Users/runner/work/Tally/Tally/apps/TallyiOS/TallyApp.xcodeproj -experimental-emit-module-separately -disable-cmo
2026-08-27T01:06:41.6393190Z 
2026-08-27T01:06:41.6494390Z SwiftDriver TallyDomain normal arm64 com.apple.xcode.tools.swift.compiler (in target 'TallyDomain' from project 'TallyPackages')
2026-08-27T01:06:41.6595860Z     cd /Users/runner/work/Tally/Tally/apps/TallyiOS/TallyApp.xcodeproj
2026-08-27T01:06:41.6707840Z     builtin-SwiftDriver -- /Applications/Xcode_16.4.app/Contents/Developer/Toolchains/XcodeDefault.xctoolchain/usr/bin/swiftc -module-name TallyDomain -Onone -enforce-exclusivity\=checked @/Users/runner/work/Tally/Tally/build/Build/Intermediates.noindex/TallyPackages.build/Debug-iphoneos/TallyDomain.build/Objects-normal/arm64/TallyDomain.SwiftFileList -DSWIFT_PACKAGE -DDEBUG -DXcode -plugin-path /Applications/Xcode_16.4.app/Contents/Developer/Toolchains/XcodeDefault.xctoolchain/usr/lib/swift/host/plugins/testing -enable-experimental-feature DebugDescriptionMacro -sdk /Applications/Xcode_16.4.app/Contents/Developer/Platforms/iPhoneOS.platform/Developer/SDKs/iPhoneOS18.5.sdk -target arm64-apple-ios17.0 -g -module-cache-path /Users/runner/work/Tally/Tally/build/ModuleCache.noindex -Xfrontend -serialize-debugging-options -enable-testing -index-store-path /Users/runner/work/Tally/Tally/build/Index.noindex/DataStore -swift-version 5 -I /Users/runner/work/Tally/Tally/build/Build/Products/Debug-iphoneos -I /Applications/Xcode_16.4.app/Contents/Developer/Platforms/iPhoneOS.platform/Developer/usr/lib -F /Users/runner/work/Tally/Tally/build/Build/Products/Debug-iphoneos -F /Applications/Xcode_16.4.app/Contents/Developer/Platforms/iPhoneOS.platform/Developer/Library/Frameworks -F /Applications/Xcode_16.4.app/Contents/Developer/Platforms/iPhoneOS.platform/Developer/SDKs/iPhoneOS18.5.sdk/Developer/Library/Frameworks -parse-as-library -c -j3 -enable-batch-mode -incremental -Xcc -ivfsstatcache -Xcc /Users/runner/work/Tally/Tally/build/SDKStatCaches.noindex/iphoneos18.5-22F76-a529daf784b3616c7c04a36aeb7f5c05.sdkstatcache -output-file-map /Users/runner/work/Tally/Tally/build/Build/Intermediates.noindex/TallyPackages.build/Debug-iphoneos/TallyDomain.build/Objects-normal/arm64/TallyDomain-OutputFileMap.json -use-frontend-parseable-output -save-temps -no-color-diagnostics -serialize-diagnostics -emit-dependencies -emit-module -emit-module-path /Users/runner/work/Tally/Tally/build/Build/Intermediates.noindex/TallyPackages.build/Debug-iphoneos/TallyDomain.build/Objects-normal/arm64/TallyDomain.swiftmodule -validate-clang-modules-once -clang-build-session-file /Users/runner/work/Tally/Tally/build/ModuleCache.noindex/Session.modulevalidation -package-name tally -Xcc -I/Users/runner/work/Tally/Tally/build/Build/Intermediates.noindex/TallyPackages.build/Debug-iphoneos/TallyDomain.build/swift-overrides.hmap -emit-const-values -Xfrontend -const-gather-protocols-file -Xfrontend /Users/runner/work/Tally/Tally/build/Build/Intermediates.noindex/TallyPackages.build/Debug-iphoneos/TallyDomain.build/Objects-normal/arm64/TallyDomain_const_extract_protocols.json -Xcc -I/Users/runner/work/Tally/Tally/build/Build/Products/Debug-iphoneos/include -Xcc -I/Users/runner/work/Tally/Tally/build/Build/Intermediates.noindex/TallyPackages.build/Debug-iphoneos/TallyDomain.build/DerivedSources-normal/arm64 -Xcc -I/Users/runner/work/Tally/Tally/build/Build/Intermediates.noindex/TallyPackages.build/Debug-iphoneos/TallyDomain.build/DerivedSources/arm64 -Xcc -I/Users/runner/work/Tally/Tally/build/Build/Intermediates.noindex/TallyPackages.build/Debug-iphoneos/TallyDomain.build/DerivedSources -Xcc -DSWIFT_PACKAGE -Xcc -DDEBUG\=1 -emit-objc-header -emit-objc-header-path /Users/runner/work/Tally/Tally/build/Build/Intermediates.noindex/TallyPackages.build/Debug-iphoneos/TallyDomain.build/Objects-normal/arm64/TallyDomain-Swift.h -working-directory /Users/runner/work/Tally/Tally/apps/TallyiOS/TallyApp.xcodeproj -experimental-emit-module-separately -disable-cmo
2026-08-27T01:06:41.6719100Z 
2026-08-27T01:06:41.6820690Z SwiftDriver TallyDesignSystem normal arm64 com.apple.xcode.tools.swift.compiler (in target 'TallyDesignSystem' from project 'TallyPackages')
2026-08-27T01:06:41.6921940Z     cd /Users/runner/work/Tally/Tally/apps/TallyiOS/TallyApp.xcodeproj
2026-08-27T01:06:41.7035760Z     builtin-SwiftDriver -- /Applications/Xcode_16.4.app/Contents/Developer/Toolchains/XcodeDefault.xctoolchain/usr/bin/swiftc -module-name TallyDesignSystem -Onone -enforce-exclusivity\=checked @/Users/runner/work/Tally/Tally/build/Build/Intermediates.noindex/TallyPackages.build/Debug-iphoneos/TallyDesignSystem.build/Objects-normal/arm64/TallyDesignSystem.SwiftFileList -DSWIFT_PACKAGE -DDEBUG -DXcode -plugin-path /Applications/Xcode_16.4.app/Contents/Developer/Toolchains/XcodeDefault.xctoolchain/usr/lib/swift/host/plugins/testing -enable-experimental-feature DebugDescriptionMacro -sdk /Applications/Xcode_16.4.app/Contents/Developer/Platforms/iPhoneOS.platform/Developer/SDKs/iPhoneOS18.5.sdk -target arm64-apple-ios17.0 -g -module-cache-path /Users/runner/work/Tally/Tally/build/ModuleCache.noindex -Xfrontend -serialize-debugging-options -enable-testing -index-store-path /Users/runner/work/Tally/Tally/build/Index.noindex/DataStore -swift-version 5 -I /Users/runner/work/Tally/Tally/build/Build/Products/Debug-iphoneos -I /Applications/Xcode_16.4.app/Contents/Developer/Platforms/iPhoneOS.platform/Developer/usr/lib -F /Users/runner/work/Tally/Tally/build/Build/Products/Debug-iphoneos -F /Applications/Xcode_16.4.app/Contents/Developer/Platforms/iPhoneOS.platform/Developer/Library/Frameworks -F /Applications/Xcode_16.4.app/Contents/Developer/Platforms/iPhoneOS.platform/Developer/SDKs/iPhoneOS18.5.sdk/Developer/Library/Frameworks -c -j3 -enable-batch-mode -incremental -Xcc -ivfsstatcache -Xcc /Users/runner/work/Tally/Tally/build/SDKStatCaches.noindex/iphoneos18.5-22F76-a529daf784b3616c7c04a36aeb7f5c05.sdkstatcache -output-file-map /Users/runner/work/Tally/Tally/build/Build/Intermediates.noindex/TallyPackages.build/Debug-iphoneos/TallyDesignSystem.build/Objects-normal/arm64/TallyDesignSystem-OutputFileMap.json -use-frontend-parseable-output -save-temps -no-color-diagnostics -serialize-diagnostics -emit-dependencies -emit-module -emit-module-path /Users/runner/work/Tally/Tally/build/Build/Intermediates.noindex/TallyPackages.build/Debug-iphoneos/TallyDesignSystem.build/Objects-normal/arm64/TallyDesignSystem.swiftmodule -validate-clang-modules-once -clang-build-session-file /Users/runner/work/Tally/Tally/build/ModuleCache.noindex/Session.modulevalidation -package-name tally -Xcc -I/Users/runner/work/Tally/Tally/build/Build/Intermediates.noindex/TallyPackages.build/Debug-iphoneos/TallyDesignSystem.build/swift-overrides.hmap -emit-const-values -Xfrontend -const-gather-protocols-file -Xfrontend /Users/runner/work/Tally/Tally/build/Build/Intermediates.noindex/TallyPackages.build/Debug-iphoneos/TallyDesignSystem.build/Objects-normal/arm64/TallyDesignSystem_const_extract_protocols.json -Xcc -I/Users/runner/work/Tally/Tally/build/Build/Products/Debug-iphoneos/include -Xcc -I/Users/runner/work/Tally/Tally/build/Build/Intermediates.noindex/TallyPackages.build/Debug-iphoneos/TallyDesignSystem.build/DerivedSources-normal/arm64 -Xcc -I/Users/runner/work/Tally/Tally/build/Build/Intermediates.noindex/TallyPackages.build/Debug-iphoneos/TallyDesignSystem.build/DerivedSources/arm64 -Xcc -I/Users/runner/work/Tally/Tally/build/Build/Intermediates.noindex/TallyPackages.build/Debug-iphoneos/TallyDesignSystem.build/DerivedSources -Xcc -DSWIFT_PACKAGE -Xcc -DDEBUG\=1 -emit-objc-header -emit-objc-header-path /Users/runner/work/Tally/Tally/build/Build/Intermediates.noindex/TallyPackages.build/Debug-iphoneos/TallyDesignSystem.build/Objects-normal/arm64/TallyDesignSystem-Swift.h -working-directory /Users/runner/work/Tally/Tally/apps/TallyiOS/TallyApp.xcodeproj -experimental-emit-module-separately -disable-cmo
2026-08-27T01:06:41.7148410Z 
2026-08-27T01:06:41.7249410Z SwiftEmitModule normal arm64 Emitting\ module\ for\ TallySecurity (in target 'TallySecurity' from project 'TallyPackages')
2026-08-27T01:06:41.7350970Z 
2026-08-27T01:06:41.7452330Z SwiftCompile normal arm64 /Users/runner/work/Tally/Tally/packages/TallySecurity/Sources/TallySecurity.swift (in target 'TallySecurity' from project 'TallyPackages')
2026-08-27T01:06:41.7554060Z     cd /Users/runner/work/Tally/Tally/apps/TallyiOS/TallyApp.xcodeproj
2026-08-27T01:06:41.7655050Z     
2026-08-27T01:06:41.7755690Z 
2026-08-27T01:06:41.7856700Z SwiftEmitModule normal arm64 Emitting\ module\ for\ TallyObservability (in target 'TallyObservability' from project 'TallyPackages')
2026-08-27T01:06:41.7957720Z 
2026-08-27T01:06:41.8059880Z SwiftCompile normal arm64 /Users/runner/work/Tally/Tally/packages/TallyObservability/Sources/TallyObservability.swift (in target 'TallyObservability' from project 'TallyPackages')
2026-08-27T01:06:41.8161370Z     cd /Users/runner/work/Tally/Tally/apps/TallyiOS/TallyApp.xcodeproj
2026-08-27T01:06:41.8266770Z     
2026-08-27T01:06:41.8367350Z 
2026-08-27T01:06:41.8468350Z SwiftEmitModule normal arm64 Emitting\ module\ for\ TallyDomain (in target 'TallyDomain' from project 'TallyPackages')
2026-08-27T01:06:41.8569420Z 
2026-08-27T01:06:41.8670760Z SwiftCompile normal arm64 /Users/runner/work/Tally/Tally/packages/TallyDomain/Sources/TallyDomain.swift (in target 'TallyDomain' from project 'TallyPackages')
2026-08-27T01:06:41.8772100Z     cd /Users/runner/work/Tally/Tally/apps/TallyiOS/TallyApp.xcodeproj
2026-08-27T01:06:41.8873120Z     
2026-08-27T01:06:41.8973720Z 
2026-08-27T01:06:41.9075630Z SwiftCompile normal arm64 Compiling\ TallySecurity.swift /Users/runner/work/Tally/Tally/packages/TallySecurity/Sources/TallySecurity.swift (in target 'TallySecurity' from project 'TallyPackages')
2026-08-27T01:06:41.9177340Z SwiftCompile normal arm64 /Users/runner/work/Tally/Tally/packages/TallySecurity/Sources/TallySecurity.swift (in target 'TallySecurity' from project 'TallyPackages')
2026-08-27T01:06:41.9278800Z     cd /Users/runner/work/Tally/Tally/apps/TallyiOS/TallyApp.xcodeproj
2026-08-27T01:06:41.9379760Z     
2026-08-27T01:06:41.9481210Z /Users/runner/work/Tally/Tally/packages/TallySecurity/Sources/TallySecurity.swift:121:9: warning: switch must be exhaustive
2026-08-27T01:06:41.9583010Z         switch biometricType {
2026-08-27T01:06:41.9683890Z         ^
2026-08-27T01:06:41.9785030Z /Users/runner/work/Tally/Tally/packages/TallySecurity/Sources/TallySecurity.swift:121:9: note: add missing case: '.none'
2026-08-27T01:06:41.9886560Z         switch biometricType {
2026-08-27T01:06:41.9987350Z         ^
2026-08-27T01:06:42.0088520Z /Users/runner/work/Tally/Tally/packages/TallySecurity/Sources/TallySecurity.swift:135:9: warning: switch must be exhaustive
2026-08-27T01:06:42.0189910Z         switch biometricType {
2026-08-27T01:06:42.0290990Z         ^
2026-08-27T01:06:42.0392120Z /Users/runner/work/Tally/Tally/packages/TallySecurity/Sources/TallySecurity.swift:135:9: note: add missing case: '.none'
2026-08-27T01:06:42.0493280Z         switch biometricType {
2026-08-27T01:06:42.0594250Z         ^
2026-08-27T01:06:42.0695060Z 
2026-08-27T01:06:42.0799010Z SwiftEmitModule normal arm64 Emitting\ module\ for\ TallyDesignSystem (in target 'TallyDesignSystem' from project 'TallyPackages')
2026-08-27T01:06:42.0906000Z EmitSwiftModule normal arm64 (in target 'TallyDesignSystem' from project 'TallyPackages')
2026-08-27T01:06:42.1007270Z     cd /Users/runner/work/Tally/Tally/apps/TallyiOS/TallyApp.xcodeproj
2026-08-27T01:06:42.1108340Z     
2026-08-27T01:06:42.1208970Z 
2026-08-27T01:06:42.1310120Z SwiftDriverJobDiscovery normal arm64 Emitting module for TallyObservability (in target 'TallyObservability' from project 'TallyPackages')
2026-08-27T01:06:42.1410530Z 
2026-08-27T01:06:42.1514260Z SwiftDriverJobDiscovery normal arm64 Emitting module for TallyDomain (in target 'TallyDomain' from project 'TallyPackages')
2026-08-27T01:06:42.1615260Z 
2026-08-27T01:06:42.1716530Z SwiftDriver\ Compilation\ Requirements TallyObservability normal arm64 com.apple.xcode.tools.swift.compiler (in target 'TallyObservability' from project 'TallyPackages')
2026-08-27T01:06:42.1816880Z     cd /Users/runner/work/Tally/Tally/apps/TallyiOS/TallyApp.xcodeproj
2026-08-27T01:06:42.1929200Z     builtin-Swift-Compilation-Requirements -- /Applications/Xcode_16.4.app/Contents/Developer/Toolchains/XcodeDefault.xctoolchain/usr/bin/swiftc -module-name TallyObservability -Onone -enforce-exclusivity\=checked @/Users/runner/work/Tally/Tally/build/Build/Intermediates.noindex/TallyPackages.build/Debug-iphoneos/TallyObservability.build/Objects-normal/arm64/TallyObservability.SwiftFileList -DSWIFT_PACKAGE -DDEBUG -DXcode -plugin-path /Applications/Xcode_16.4.app/Contents/Developer/Toolchains/XcodeDefault.xctoolchain/usr/lib/swift/host/plugins/testing -enable-experimental-feature DebugDescriptionMacro -sdk /Applications/Xcode_16.4.app/Contents/Developer/Platforms/iPhoneOS.platform/Developer/SDKs/iPhoneOS18.5.sdk -target arm64-apple-ios17.0 -g -module-cache-path /Users/runner/work/Tally/Tally/build/ModuleCache.noindex -Xfrontend -serialize-debugging-options -enable-testing -index-store-path /Users/runner/work/Tally/Tally/build/Index.noindex/DataStore -swift-version 5 -I /Users/runner/work/Tally/Tally/build/Build/Products/Debug-iphoneos -I /Applications/Xcode_16.4.app/Contents/Developer/Platforms/iPhoneOS.platform/Developer/usr/lib -F /Users/runner/work/Tally/Tally/build/Build/Products/Debug-iphoneos -F /Applications/Xcode_16.4.app/Contents/Developer/Platforms/iPhoneOS.platform/Developer/Library/Frameworks -F /Applications/Xcode_16.4.app/Contents/Developer/Platforms/iPhoneOS.platform/Developer/SDKs/iPhoneOS18.5.sdk/Developer/Library/Frameworks -parse-as-library -c -j3 -enable-batch-mode -incremental -Xcc -ivfsstatcache -Xcc /Users/runner/work/Tally/Tally/build/SDKStatCaches.noindex/iphoneos18.5-22F76-a529daf784b3616c7c04a36aeb7f5c05.sdkstatcache -output-file-map /Users/runner/work/Tally/Tally/build/Build/Intermediates.noindex/TallyPackages.build/Debug-iphoneos/TallyObservability.build/Objects-normal/arm64/TallyObservability-OutputFileMap.json -use-frontend-parseable-output -save-temps -no-color-diagnostics -serialize-diagnostics -emit-dependencies -emit-module -emit-module-path /Users/runner/work/Tally/Tally/build/Build/Intermediates.noindex/TallyPackages.build/Debug-iphoneos/TallyObservability.build/Objects-normal/arm64/TallyObservability.swiftmodule -validate-clang-modules-once -clang-build-session-file /Users/runner/work/Tally/Tally/build/ModuleCache.noindex/Session.modulevalidation -package-name tally -Xcc -I/Users/runner/work/Tally/Tally/build/Build/Intermediates.noindex/TallyPackages.build/Debug-iphoneos/TallyObservability.build/swift-overrides.hmap -emit-const-values -Xfrontend -const-gather-protocols-file -Xfrontend /Users/runner/work/Tally/Tally/build/Build/Intermediates.noindex/TallyPackages.build/Debug-iphoneos/TallyObservability.build/Objects-normal/arm64/TallyObservability_const_extract_protocols.json -Xcc -I/Users/runner/work/Tally/Tally/build/Build/Products/Debug-iphoneos/include -Xcc -I/Users/runner/work/Tally/Tally/build/Build/Intermediates.noindex/TallyPackages.build/Debug-iphoneos/TallyObservability.build/DerivedSources-normal/arm64 -Xcc -I/Users/runner/work/Tally/Tally/build/Build/Intermediates.noindex/TallyPackages.build/Debug-iphoneos/TallyObservability.build/DerivedSources/arm64 -Xcc -I/Users/runner/work/Tally/Tally/build/Build/Intermediates.noindex/TallyPackages.build/Debug-iphoneos/TallyObservability.build/DerivedSources -Xcc -DSWIFT_PACKAGE -Xcc -DDEBUG\=1 -emit-objc-header -emit-objc-header-path /Users/runner/work/Tally/Tally/build/Build/Intermediates.noindex/TallyPackages.build/Debug-iphoneos/TallyObservability.build/Objects-normal/arm64/TallyObservability-Swift.h -working-directory /Users/runner/work/Tally/Tally/apps/TallyiOS/TallyApp.xcodeproj -experimental-emit-module-separately -disable-cmo
2026-08-27T01:06:42.1940980Z 
2026-08-27T01:06:42.2042810Z SwiftDriverJobDiscovery normal arm64 Emitting module for TallySecurity (in target 'TallySecurity' from project 'TallyPackages')
2026-08-27T01:06:42.2174160Z 
2026-08-27T01:06:42.2275300Z SwiftDriver\ Compilation\ Requirements TallyDomain normal arm64 com.apple.xcode.tools.swift.compiler (in target 'TallyDomain' from project 'TallyPackages')
2026-08-27T01:06:42.2376720Z     cd /Users/runner/work/Tally/Tally/apps/TallyiOS/TallyApp.xcodeproj
2026-08-27T01:06:42.2489420Z     builtin-Swift-Compilation-Requirements -- /Applications/Xcode_16.4.app/Contents/Developer/Toolchains/XcodeDefault.xctoolchain/usr/bin/swiftc -module-name TallyDomain -Onone -enforce-exclusivity\=checked @/Users/runner/work/Tally/Tally/build/Build/Intermediates.noindex/TallyPackages.build/Debug-iphoneos/TallyDomain.build/Objects-normal/arm64/TallyDomain.SwiftFileList -DSWIFT_PACKAGE -DDEBUG -DXcode -plugin-path /Applications/Xcode_16.4.app/Contents/Developer/Toolchains/XcodeDefault.xctoolchain/usr/lib/swift/host/plugins/testing -enable-experimental-feature DebugDescriptionMacro -sdk /Applications/Xcode_16.4.app/Contents/Developer/Platforms/iPhoneOS.platform/Developer/SDKs/iPhoneOS18.5.sdk -target arm64-apple-ios17.0 -g -module-cache-path /Users/runner/work/Tally/Tally/build/ModuleCache.noindex -Xfrontend -serialize-debugging-options -enable-testing -index-store-path /Users/runner/work/Tally/Tally/build/Index.noindex/DataStore -swift-version 5 -I /Users/runner/work/Tally/Tally/build/Build/Products/Debug-iphoneos -I /Applications/Xcode_16.4.app/Contents/Developer/Platforms/iPhoneOS.platform/Developer/usr/lib -F /Users/runner/work/Tally/Tally/build/Build/Products/Debug-iphoneos -F /Applications/Xcode_16.4.app/Contents/Developer/Platforms/iPhoneOS.platform/Developer/Library/Frameworks -F /Applications/Xcode_16.4.app/Contents/Developer/Platforms/iPhoneOS.platform/Developer/SDKs/iPhoneOS18.5.sdk/Developer/Library/Frameworks -parse-as-library -c -j3 -enable-batch-mode -incremental -Xcc -ivfsstatcache -Xcc /Users/runner/work/Tally/Tally/build/SDKStatCaches.noindex/iphoneos18.5-22F76-a529daf784b3616c7c04a36aeb7f5c05.sdkstatcache -output-file-map /Users/runner/work/Tally/Tally/build/Build/Intermediates.noindex/TallyPackages.build/Debug-iphoneos/TallyDomain.build/Objects-normal/arm64/TallyDomain-OutputFileMap.json -use-frontend-parseable-output -save-temps -no-color-diagnostics -serialize-diagnostics -emit-dependencies -emit-module -emit-module-path /Users/runner/work/Tally/Tally/build/Build/Intermediates.noindex/TallyPackages.build/Debug-iphoneos/TallyDomain.build/Objects-normal/arm64/TallyDomain.swiftmodule -validate-clang-modules-once -clang-build-session-file /Users/runner/work/Tally/Tally/build/ModuleCache.noindex/Session.modulevalidation -package-name tally -Xcc -I/Users/runner/work/Tally/Tally/build/Build/Intermediates.noindex/TallyPackages.build/Debug-iphoneos/TallyDomain.build/swift-overrides.hmap -emit-const-values -Xfrontend -const-gather-protocols-file -Xfrontend /Users/runner/work/Tally/Tally/build/Build/Intermediates.noindex/TallyPackages.build/Debug-iphoneos/TallyDomain.build/Objects-normal/arm64/TallyDomain_const_extract_protocols.json -Xcc -I/Users/runner/work/Tally/Tally/build/Build/Products/Debug-iphoneos/include -Xcc -I/Users/runner/work/Tally/Tally/build/Build/Intermediates.noindex/TallyPackages.build/Debug-iphoneos/TallyDomain.build/DerivedSources-normal/arm64 -Xcc -I/Users/runner/work/Tally/Tally/build/Build/Intermediates.noindex/TallyPackages.build/Debug-iphoneos/TallyDomain.build/DerivedSources/arm64 -Xcc -I/Users/runner/work/Tally/Tally/build/Build/Intermediates.noindex/TallyPackages.build/Debug-iphoneos/TallyDomain.build/DerivedSources -Xcc -DSWIFT_PACKAGE -Xcc -DDEBUG\=1 -emit-objc-header -emit-objc-header-path /Users/runner/work/Tally/Tally/build/Build/Intermediates.noindex/TallyPackages.build/Debug-iphoneos/TallyDomain.build/Objects-normal/arm64/TallyDomain-Swift.h -working-directory /Users/runner/work/Tally/Tally/apps/TallyiOS/TallyApp.xcodeproj -experimental-emit-module-separately -disable-cmo
2026-08-27T01:06:42.2601390Z 
2026-08-27T01:06:42.2705000Z SwiftDriver\ Compilation\ Requirements TallySecurity normal arm64 com.apple.xcode.tools.swift.compiler (in target 'TallySecurity' from project 'TallyPackages')
2026-08-27T01:06:42.2806430Z     cd /Users/runner/work/Tally/Tally/apps/TallyiOS/TallyApp.xcodeproj
2026-08-27T01:06:42.2945910Z     builtin-Swift-Compilation-Requirements -- /Applications/Xcode_16.4.app/Contents/Developer/Toolchains/XcodeDefault.xctoolchain/usr/bin/swiftc -module-name TallySecurity -Onone -enforce-exclusivity\=checked @/Users/runner/work/Tally/Tally/build/Build/Intermediates.noindex/TallyPackages.build/Debug-iphoneos/TallySecurity.build/Objects-normal/arm64/TallySecurity.SwiftFileList -DSWIFT_PACKAGE -DDEBUG -DXcode -plugin-path /Applications/Xcode_16.4.app/Contents/Developer/Toolchains/XcodeDefault.xctoolchain/usr/lib/swift/host/plugins/testing -enable-experimental-feature DebugDescriptionMacro -sdk /Applications/Xcode_16.4.app/Contents/Developer/Platforms/iPhoneOS.platform/Developer/SDKs/iPhoneOS18.5.sdk -target arm64-apple-ios17.0 -g -module-cache-path /Users/runner/work/Tally/Tally/build/ModuleCache.noindex -Xfrontend -serialize-debugging-options -enable-testing -index-store-path /Users/runner/work/Tally/Tally/build/Index.noindex/DataStore -swift-version 5 -I /Users/runner/work/Tally/Tally/build/Build/Products/Debug-iphoneos -I /Applications/Xcode_16.4.app/Contents/Developer/Platforms/iPhoneOS.platform/Developer/usr/lib -F /Users/runner/work/Tally/Tally/build/Build/Products/Debug-iphoneos -F /Applications/Xcode_16.4.app/Contents/Developer/Platforms/iPhoneOS.platform/Developer/Library/Frameworks -F /Applications/Xcode_16.4.app/Contents/Developer/Platforms/iPhoneOS.platform/Developer/SDKs/iPhoneOS18.5.sdk/Developer/Library/Frameworks -parse-as-library -c -j3 -enable-batch-mode -incremental -Xcc -ivfsstatcache -Xcc /Users/runner/work/Tally/Tally/build/SDKStatCaches.noindex/iphoneos18.5-22F76-a529daf784b3616c7c04a36aeb7f5c05.sdkstatcache -output-file-map /Users/runner/work/Tally/Tally/build/Build/Intermediates.noindex/TallyPackages.build/Debug-iphoneos/TallySecurity.build/Objects-normal/arm64/TallySecurity-OutputFileMap.json -use-frontend-parseable-output -save-temps -no-color-diagnostics -serialize-diagnostics -emit-dependencies -emit-module -emit-module-path /Users/runner/work/Tally/Tally/build/Build/Intermediates.noindex/TallyPackages.build/Debug-iphoneos/TallySecurity.build/Objects-normal/arm64/TallySecurity.swiftmodule -validate-clang-modules-once -clang-build-session-file /Users/runner/work/Tally/Tally/build/ModuleCache.noindex/Session.modulevalidation -package-name tally -Xcc -I/Users/runner/work/Tally/Tally/build/Build/Intermediates.noindex/TallyPackages.build/Debug-iphoneos/TallySecurity.build/swift-overrides.hmap -emit-const-values -Xfrontend -const-gather-protocols-file -Xfrontend /Users/runner/work/Tally/Tally/build/Build/Intermediates.noindex/TallyPackages.build/Debug-iphoneos/TallySecurity.build/Objects-normal/arm64/TallySecurity_const_extract_protocols.json -Xcc -I/Users/runner/work/Tally/Tally/build/Build/Products/Debug-iphoneos/include -Xcc -I/Users/runner/work/Tally/Tally/build/Build/Intermediates.noindex/TallyPackages.build/Debug-iphoneos/TallySecurity.build/DerivedSources-normal/arm64 -Xcc -I/Users/runner/work/Tally/Tally/build/Build/Intermediates.noindex/TallyPackages.build/Debug-iphoneos/TallySecurity.build/DerivedSources/arm64 -Xcc -I/Users/runner/work/Tally/Tally/build/Build/Intermediates.noindex/TallyPackages.build/Debug-iphoneos/TallySecurity.build/DerivedSources -Xcc -DSWIFT_PACKAGE -Xcc -DDEBUG\=1 -emit-objc-header -emit-objc-header-path /Users/runner/work/Tally/Tally/build/Build/Intermediates.noindex/TallyPackages.build/Debug-iphoneos/TallySecurity.build/Objects-normal/arm64/TallySecurity-Swift.h -working-directory /Users/runner/work/Tally/Tally/apps/TallyiOS/TallyApp.xcodeproj -experimental-emit-module-separately -disable-cmo
2026-08-27T01:06:42.3046740Z 
2026-08-27T01:06:42.3154310Z SwiftMergeGeneratedHeaders /Users/runner/work/Tally/Tally/build/Build/Intermediates.noindex/GeneratedModuleMaps-iphoneos/TallyObservability-Swift.h /Users/runner/work/Tally/Tally/build/Build/Intermediates.noindex/TallyPackages.build/Debug-iphoneos/TallyObservability.build/Objects-normal/arm64/TallyObservability-Swift.h (in target 'TallyObservability' from project 'TallyPackages')
2026-08-27T01:06:42.3257610Z     cd /Users/runner/work/Tally/Tally
2026-08-27T01:06:42.3367850Z     builtin-swiftHeaderTool -arch arm64 /Users/runner/work/Tally/Tally/build/Build/Intermediates.noindex/TallyPackages.build/Debug-iphoneos/TallyObservability.build/Objects-normal/arm64/TallyObservability-Swift.h -o /Users/runner/work/Tally/Tally/build/Build/Intermediates.noindex/GeneratedModuleMaps-iphoneos/TallyObservability-Swift.h
2026-08-27T01:06:42.3472800Z 
2026-08-27T01:06:42.3577480Z SwiftMergeGeneratedHeaders /Users/runner/work/Tally/Tally/build/Build/Intermediates.noindex/GeneratedModuleMaps-iphoneos/TallySecurity-Swift.h /Users/runner/work/Tally/Tally/build/Build/Intermediates.noindex/TallyPackages.build/Debug-iphoneos/TallySecurity.build/Objects-normal/arm64/TallySecurity-Swift.h (in target 'TallySecurity' from project 'TallyPackages')
2026-08-27T01:06:42.3702260Z     cd /Users/runner/work/Tally/Tally
2026-08-27T01:06:42.3816600Z     builtin-swiftHeaderTool -arch arm64 /Users/runner/work/Tally/Tally/build/Build/Intermediates.noindex/TallyPackages.build/Debug-iphoneos/TallySecurity.build/Objects-normal/arm64/TallySecurity-Swift.h -o /Users/runner/work/Tally/Tally/build/Build/Intermediates.noindex/GeneratedModuleMaps-iphoneos/TallySecurity-Swift.h
2026-08-27T01:06:42.3920880Z 
2026-08-27T01:06:42.4023600Z Copy /Users/runner/work/Tally/Tally/build/Build/Products/Debug-iphoneos/TallySecurity.swiftmodule/arm64-apple-ios.swiftmodule /Users/runner/work/Tally/Tally/build/Build/Intermediates.noindex/TallyPackages.build/Debug-iphoneos/TallySecurity.build/Objects-normal/arm64/TallySecurity.swiftmodule (in target 'TallySecurity' from project 'TallyPackages')
2026-08-27T01:06:42.4123510Z     cd /Users/runner/work/Tally/Tally
2026-08-27T01:06:42.4225730Z     builtin-copy -exclude .DS_Store -exclude CVS -exclude .svn -exclude .git -exclude .hg -resolve-src-symlinks -rename /Users/runner/work/Tally/Tally/build/Build/Intermediates.noindex/TallyPackages.build/Debug-iphoneos/TallySecurity.build/Objects-normal/arm64/TallySecurity.swiftmodule /Users/runner/work/Tally/Tally/build/Build/Products/Debug-iphoneos/TallySecurity.swiftmodule/arm64-apple-ios.swiftmodule
2026-08-27T01:06:42.4325850Z 
2026-08-27T01:06:42.4427570Z Copy /Users/runner/work/Tally/Tally/build/Build/Products/Debug-iphoneos/TallySecurity.swiftmodule/arm64-apple-ios.swiftdoc /Users/runner/work/Tally/Tally/build/Build/Intermediates.noindex/TallyPackages.build/Debug-iphoneos/TallySecurity.build/Objects-normal/arm64/TallySecurity.swiftdoc (in target 'TallySecurity' from project 'TallyPackages')
2026-08-27T01:06:42.4526990Z     cd /Users/runner/work/Tally/Tally
2026-08-27T01:06:42.4628750Z     builtin-copy -exclude .DS_Store -exclude CVS -exclude .svn -exclude .git -exclude .hg -resolve-src-symlinks -rename /Users/runner/work/Tally/Tally/build/Build/Intermediates.noindex/TallyPackages.build/Debug-iphoneos/TallySecurity.build/Objects-normal/arm64/TallySecurity.swiftdoc /Users/runner/work/Tally/Tally/build/Build/Products/Debug-iphoneos/TallySecurity.swiftmodule/arm64-apple-ios.swiftdoc
2026-08-27T01:06:42.4727750Z 
2026-08-27T01:06:42.4829480Z Copy /Users/runner/work/Tally/Tally/build/Build/Products/Debug-iphoneos/TallySecurity.swiftmodule/arm64-apple-ios.abi.json /Users/runner/work/Tally/Tally/build/Build/Intermediates.noindex/TallyPackages.build/Debug-iphoneos/TallySecurity.build/Objects-normal/arm64/TallySecurity.abi.json (in target 'TallySecurity' from project 'TallyPackages')
2026-08-27T01:06:42.4929410Z     cd /Users/runner/work/Tally/Tally
2026-08-27T01:06:42.5031540Z     builtin-copy -exclude .DS_Store -exclude CVS -exclude .svn -exclude .git -exclude .hg -resolve-src-symlinks -rename /Users/runner/work/Tally/Tally/build/Build/Intermediates.noindex/TallyPackages.build/Debug-iphoneos/TallySecurity.build/Objects-normal/arm64/TallySecurity.abi.json /Users/runner/work/Tally/Tally/build/Build/Products/Debug-iphoneos/TallySecurity.swiftmodule/arm64-apple-ios.abi.json
2026-08-27T01:06:42.5130450Z 
2026-08-27T01:06:42.5233290Z Copy /Users/runner/work/Tally/Tally/build/Build/Products/Debug-iphoneos/TallySecurity.swiftmodule/Project/arm64-apple-ios.swiftsourceinfo /Users/runner/work/Tally/Tally/build/Build/Intermediates.noindex/TallyPackages.build/Debug-iphoneos/TallySecurity.build/Objects-normal/arm64/TallySecurity.swiftsourceinfo (in target 'TallySecurity' from project 'TallyPackages')
2026-08-27T01:06:42.5336680Z     cd /Users/runner/work/Tally/Tally
2026-08-27T01:06:42.5468970Z     builtin-copy -exclude .DS_Store -exclude CVS -exclude .svn -exclude .git -exclude .hg -resolve-src-symlinks -rename /Users/runner/work/Tally/Tally/build/Build/Intermediates.noindex/TallyPackages.build/Debug-iphoneos/TallySecurity.build/Objects-normal/arm64/TallySecurity.swiftsourceinfo /Users/runner/work/Tally/Tally/build/Build/Products/Debug-iphoneos/TallySecurity.swiftmodule/Project/arm64-apple-ios.swiftsourceinfo
2026-08-27T01:06:42.5573310Z 
2026-08-27T01:06:42.5678320Z Copy /Users/runner/work/Tally/Tally/build/Build/Products/Debug-iphoneos/TallyObservability.swiftmodule/arm64-apple-ios.swiftmodule /Users/runner/work/Tally/Tally/build/Build/Intermediates.noindex/TallyPackages.build/Debug-iphoneos/TallyObservability.build/Objects-normal/arm64/TallyObservability.swiftmodule (in target 'TallyObservability' from project 'TallyPackages')
2026-08-27T01:06:42.5802090Z     cd /Users/runner/work/Tally/Tally
2026-08-27T01:06:42.5903340Z     builtin-copy -exclude .DS_Store -exclude CVS -exclude .svn -exclude .git -exclude .hg -resolve-src-symlinks -rename /Users/runner/work/Tally/Tally/build/Build/Intermediates.noindex/TallyPackages.build/Debug-iphoneos/TallyObservability.build/Objects-normal/arm64/TallyObservability.swiftmodule /Users/runner/work/Tally/Tally/build/Build/Products/Debug-iphoneos/TallyObservability.swiftmodule/arm64-apple-ios.swiftmodule
2026-08-27T01:06:42.6005140Z 
2026-08-27T01:06:42.6139430Z Copy /Users/runner/work/Tally/Tally/build/Build/Products/Debug-iphoneos/TallyObservability.swiftmodule/arm64-apple-ios.swiftdoc /Users/runner/work/Tally/Tally/build/Build/Intermediates.noindex/TallyPackages.build/Debug-iphoneos/TallyObservability.build/Objects-normal/arm64/TallyObservability.swiftdoc (in target 'TallyObservability' from project 'TallyPackages')
2026-08-27T01:06:42.6264770Z     cd /Users/runner/work/Tally/Tally
2026-08-27T01:06:42.6370970Z     builtin-copy -exclude .DS_Store -exclude CVS -exclude .svn -exclude .git -exclude .hg -resolve-src-symlinks -rename /Users/runner/work/Tally/Tally/build/Build/Intermediates.noindex/TallyPackages.build/Debug-iphoneos/TallyObservability.build/Objects-normal/arm64/TallyObservability.swiftdoc /Users/runner/work/Tally/Tally/build/Build/Products/Debug-iphoneos/TallyObservability.swiftmodule/arm64-apple-ios.swiftdoc
2026-08-27T01:06:42.6486670Z 
2026-08-27T01:06:42.6598960Z Copy /Users/runner/work/Tally/Tally/build/Build/Products/Debug-iphoneos/TallyObservability.swiftmodule/arm64-apple-ios.abi.json /Users/runner/work/Tally/Tally/build/Build/Intermediates.noindex/TallyPackages.build/Debug-iphoneos/TallyObservability.build/Objects-normal/arm64/TallyObservability.abi.json (in target 'TallyObservability' from project 'TallyPackages')
2026-08-27T01:06:42.6700220Z     cd /Users/runner/work/Tally/Tally
2026-08-27T01:06:42.6808070Z     builtin-copy -exclude .DS_Store -exclude CVS -exclude .svn -exclude .git -exclude .hg -resolve-src-symlinks -rename /Users/runner/work/Tally/Tally/build/Build/Intermediates.noindex/TallyPackages.build/Debug-iphoneos/TallyObservability.build/Objects-normal/arm64/TallyObservability.abi.json /Users/runner/work/Tally/Tally/build/Build/Products/Debug-iphoneos/TallyObservability.swiftmodule/arm64-apple-ios.abi.json
2026-08-27T01:06:42.6944490Z 
2026-08-27T01:06:42.7049390Z Copy /Users/runner/work/Tally/Tally/build/Build/Products/Debug-iphoneos/TallyObservability.swiftmodule/Project/arm64-apple-ios.swiftsourceinfo /Users/runner/work/Tally/Tally/build/Build/Intermediates.noindex/TallyPackages.build/Debug-iphoneos/TallyObservability.build/Objects-normal/arm64/TallyObservability.swiftsourceinfo (in target 'TallyObservability' from project 'TallyPackages')
2026-08-27T01:06:42.7169190Z     cd /Users/runner/work/Tally/Tally
2026-08-27T01:06:42.7274930Z     builtin-copy -exclude .DS_Store -exclude CVS -exclude .svn -exclude .git -exclude .hg -resolve-src-symlinks -rename /Users/runner/work/Tally/Tally/build/Build/Intermediates.noindex/TallyPackages.build/Debug-iphoneos/TallyObservability.build/Objects-normal/arm64/TallyObservability.swiftsourceinfo /Users/runner/work/Tally/Tally/build/Build/Products/Debug-iphoneos/TallyObservability.swiftmodule/Project/arm64-apple-ios.swiftsourceinfo
2026-08-27T01:06:42.7389830Z 
2026-08-27T01:06:42.7520390Z SwiftMergeGeneratedHeaders /Users/runner/work/Tally/Tally/build/Build/Intermediates.noindex/GeneratedModuleMaps-iphoneos/TallyDomain-Swift.h /Users/runner/work/Tally/Tally/build/Build/Intermediates.noindex/TallyPackages.build/Debug-iphoneos/TallyDomain.build/Objects-normal/arm64/TallyDomain-Swift.h (in target 'TallyDomain' from project 'TallyPackages')
2026-08-27T01:06:42.7628290Z     cd /Users/runner/work/Tally/Tally
2026-08-27T01:06:42.7746260Z     builtin-swiftHeaderTool -arch arm64 /Users/runner/work/Tally/Tally/build/Build/Intermediates.noindex/TallyPackages.build/Debug-iphoneos/TallyDomain.build/Objects-normal/arm64/TallyDomain-Swift.h -o /Users/runner/work/Tally/Tally/build/Build/Intermediates.noindex/GeneratedModuleMaps-iphoneos/TallyDomain-Swift.h
2026-08-27T01:06:42.7848950Z 
2026-08-27T01:06:42.7950900Z Copy /Users/runner/work/Tally/Tally/build/Build/Products/Debug-iphoneos/TallyDomain.swiftmodule/arm64-apple-ios.swiftmodule /Users/runner/work/Tally/Tally/build/Build/Intermediates.noindex/TallyPackages.build/Debug-iphoneos/TallyDomain.build/Objects-normal/arm64/TallyDomain.swiftmodule (in target 'TallyDomain' from project 'TallyPackages')
2026-08-27T01:06:42.8065990Z     cd /Users/runner/work/Tally/Tally
2026-08-27T01:06:42.8175220Z     builtin-copy -exclude .DS_Store -exclude CVS -exclude .svn -exclude .git -exclude .hg -resolve-src-symlinks -rename /Users/runner/work/Tally/Tally/build/Build/Intermediates.noindex/TallyPackages.build/Debug-iphoneos/TallyDomain.build/Objects-normal/arm64/TallyDomain.swiftmodule /Users/runner/work/Tally/Tally/build/Build/Products/Debug-iphoneos/TallyDomain.swiftmodule/arm64-apple-ios.swiftmodule
2026-08-27T01:06:42.8301590Z 
2026-08-27T01:06:42.8425240Z Copy /Users/runner/work/Tally/Tally/build/Build/Products/Debug-iphoneos/TallyDomain.swiftmodule/arm64-apple-ios.swiftdoc /Users/runner/work/Tally/Tally/build/Build/Intermediates.noindex/TallyPackages.build/Debug-iphoneos/TallyDomain.build/Objects-normal/arm64/TallyDomain.swiftdoc (in target 'TallyDomain' from project 'TallyPackages')
2026-08-27T01:06:42.8548330Z     cd /Users/runner/work/Tally/Tally
2026-08-27T01:06:42.8549780Z     builtin-copy -exclude .DS_Store -exclude CVS -exclude .svn -exclude .git -exclude .hg -resolve-src-symlinks -rename /Users/runner/work/Tally/Tally/build/Build/Intermediates.noindex/TallyPackages.build/Debug-iphoneos/TallyDomain.build/Objects-normal/arm64/TallyDomain.swiftdoc /Users/runner/work/Tally/Tally/build/Build/Products/Debug-iphoneos/TallyDomain.swiftmodule/arm64-apple-ios.swiftdoc
2026-08-27T01:06:42.8651990Z 
2026-08-27T01:06:42.8778840Z Copy /Users/runner/work/Tally/Tally/build/Build/Products/Debug-iphoneos/TallyDomain.swiftmodule/arm64-apple-ios.abi.json /Users/runner/work/Tally/Tally/build/Build/Intermediates.noindex/TallyPackages.build/Debug-iphoneos/TallyDomain.build/Objects-normal/arm64/TallyDomain.abi.json (in target 'TallyDomain' from project 'TallyPackages')
2026-08-27T01:06:42.8886440Z     cd /Users/runner/work/Tally/Tally
2026-08-27T01:06:42.8989000Z     builtin-copy -exclude .DS_Store -exclude CVS -exclude .svn -exclude .git -exclude .hg -resolve-src-symlinks -rename /Users/runner/work/Tally/Tally/build/Build/Intermediates.noindex/TallyPackages.build/Debug-iphoneos/TallyDomain.build/Objects-normal/arm64/TallyDomain.abi.json /Users/runner/work/Tally/Tally/build/Build/Products/Debug-iphoneos/TallyDomain.swiftmodule/arm64-apple-ios.abi.json
2026-08-27T01:06:42.9094380Z 
2026-08-27T01:06:42.9208750Z Copy /Users/runner/work/Tally/Tally/build/Build/Products/Debug-iphoneos/TallyDomain.swiftmodule/Project/arm64-apple-ios.swiftsourceinfo /Users/runner/work/Tally/Tally/build/Build/Intermediates.noindex/TallyPackages.build/Debug-iphoneos/TallyDomain.build/Objects-normal/arm64/TallyDomain.swiftsourceinfo (in target 'TallyDomain' from project 'TallyPackages')
2026-08-27T01:06:42.9313560Z     cd /Users/runner/work/Tally/Tally
2026-08-27T01:06:42.9416040Z     builtin-copy -exclude .DS_Store -exclude CVS -exclude .svn -exclude .git -exclude .hg -resolve-src-symlinks -rename /Users/runner/work/Tally/Tally/build/Build/Intermediates.noindex/TallyPackages.build/Debug-iphoneos/TallyDomain.build/Objects-normal/arm64/TallyDomain.swiftsourceinfo /Users/runner/work/Tally/Tally/build/Build/Products/Debug-iphoneos/TallyDomain.swiftmodule/Project/arm64-apple-ios.swiftsourceinfo
2026-08-27T01:06:42.9517720Z 
2026-08-27T01:06:42.9618950Z SwiftCompile normal arm64 Compiling\ TallyObservability.swift /Users/runner/work/Tally/Tally/packages/TallyObservability/Sources/TallyObservability.swift (in target 'TallyObservability' from project 'TallyPackages')
2026-08-27T01:06:42.9720890Z 
2026-08-27T01:06:42.9823010Z SwiftCompile normal arm64 /Users/runner/work/Tally/Tally/packages/TallyObservability/Sources/TallyObservability.swift (in target 'TallyObservability' from project 'TallyPackages')
2026-08-27T01:06:42.9925540Z     cd /Users/runner/work/Tally/Tally/apps/TallyiOS/TallyApp.xcodeproj
2026-08-27T01:06:43.0027270Z     
2026-08-27T01:06:43.0127980Z 
2026-08-27T01:06:43.0249250Z SwiftCompile normal arm64 Compiling\ TallyDomain.swift /Users/runner/work/Tally/Tally/packages/TallyDomain/Sources/TallyDomain.swift (in target 'TallyDomain' from project 'TallyPackages')
2026-08-27T01:06:43.0351810Z 
2026-08-27T01:06:43.0454920Z SwiftCompile normal arm64 /Users/runner/work/Tally/Tally/packages/TallyDomain/Sources/TallyDomain.swift (in target 'TallyDomain' from project 'TallyPackages')
2026-08-27T01:06:43.0562340Z     cd /Users/runner/work/Tally/Tally/apps/TallyiOS/TallyApp.xcodeproj
2026-08-27T01:06:43.0664750Z     
2026-08-27T01:06:43.0785030Z 
2026-08-27T01:06:43.0896080Z SwiftDriverJobDiscovery normal arm64 Compiling TallyObservability.swift (in target 'TallyObservability' from project 'TallyPackages')
2026-08-27T01:06:43.1010460Z 
2026-08-27T01:06:43.1118290Z SwiftDriver\ Compilation TallyObservability normal arm64 com.apple.xcode.tools.swift.compiler (in target 'TallyObservability' from project 'TallyPackages')
2026-08-27T01:06:43.1221890Z     cd /Users/runner/work/Tally/Tally/apps/TallyiOS/TallyApp.xcodeproj
2026-08-27T01:06:43.1347220Z     builtin-Swift-Compilation -- /Applications/Xcode_16.4.app/Contents/Developer/Toolchains/XcodeDefault.xctoolchain/usr/bin/swiftc -module-name TallyObservability -Onone -enforce-exclusivity\=checked @/Users/runner/work/Tally/Tally/build/Build/Intermediates.noindex/TallyPackages.build/Debug-iphoneos/TallyObservability.build/Objects-normal/arm64/TallyObservability.SwiftFileList -DSWIFT_PACKAGE -DDEBUG -DXcode -plugin-path /Applications/Xcode_16.4.app/Contents/Developer/Toolchains/XcodeDefault.xctoolchain/usr/lib/swift/host/plugins/testing -enable-experimental-feature DebugDescriptionMacro -sdk /Applications/Xcode_16.4.app/Contents/Developer/Platforms/iPhoneOS.platform/Developer/SDKs/iPhoneOS18.5.sdk -target arm64-apple-ios17.0 -g -module-cache-path /Users/runner/work/Tally/Tally/build/ModuleCache.noindex -Xfrontend -serialize-debugging-options -enable-testing -index-store-path /Users/runner/work/Tally/Tally/build/Index.noindex/DataStore -swift-version 5 -I /Users/runner/work/Tally/Tally/build/Build/Products/Debug-iphoneos -I /Applications/Xcode_16.4.app/Contents/Developer/Platforms/iPhoneOS.platform/Developer/usr/lib -F /Users/runner/work/Tally/Tally/build/Build/Products/Debug-iphoneos -F /Applications/Xcode_16.4.app/Contents/Developer/Platforms/iPhoneOS.platform/Developer/Library/Frameworks -F /Applications/Xcode_16.4.app/Contents/Developer/Platforms/iPhoneOS.platform/Developer/SDKs/iPhoneOS18.5.sdk/Developer/Library/Frameworks -parse-as-library -c -j3 -enable-batch-mode -incremental -Xcc -ivfsstatcache -Xcc /Users/runner/work/Tally/Tally/build/SDKStatCaches.noindex/iphoneos18.5-22F76-a529daf784b3616c7c04a36aeb7f5c05.sdkstatcache -output-file-map /Users/runner/work/Tally/Tally/build/Build/Intermediates.noindex/TallyPackages.build/Debug-iphoneos/TallyObservability.build/Objects-normal/arm64/TallyObservability-OutputFileMap.json -use-frontend-parseable-output -save-temps -no-color-diagnostics -serialize-diagnostics -emit-dependencies -emit-module -emit-module-path /Users/runner/work/Tally/Tally/build/Build/Intermediates.noindex/TallyPackages.build/Debug-iphoneos/TallyObservability.build/Objects-normal/arm64/TallyObservability.swiftmodule -validate-clang-modules-once -clang-build-session-file /Users/runner/work/Tally/Tally/build/ModuleCache.noindex/Session.modulevalidation -package-name tally -Xcc -I/Users/runner/work/Tally/Tally/build/Build/Intermediates.noindex/TallyPackages.build/Debug-iphoneos/TallyObservability.build/swift-overrides.hmap -emit-const-values -Xfrontend -const-gather-protocols-file -Xfrontend /Users/runner/work/Tally/Tally/build/Build/Intermediates.noindex/TallyPackages.build/Debug-iphoneos/TallyObservability.build/Objects-normal/arm64/TallyObservability_const_extract_protocols.json -Xcc -I/Users/runner/work/Tally/Tally/build/Build/Products/Debug-iphoneos/include -Xcc -I/Users/runner/work/Tally/Tally/build/Build/Intermediates.noindex/TallyPackages.build/Debug-iphoneos/TallyObservability.build/DerivedSources-normal/arm64 -Xcc -I/Users/runner/work/Tally/Tally/build/Build/Intermediates.noindex/TallyPackages.build/Debug-iphoneos/TallyObservability.build/DerivedSources/arm64 -Xcc -I/Users/runner/work/Tally/Tally/build/Build/Intermediates.noindex/TallyPackages.build/Debug-iphoneos/TallyObservability.build/DerivedSources -Xcc -DSWIFT_PACKAGE -Xcc -DDEBUG\=1 -emit-objc-header -emit-objc-header-path /Users/runner/work/Tally/Tally/build/Build/Intermediates.noindex/TallyPackages.build/Debug-iphoneos/TallyObservability.build/Objects-normal/arm64/TallyObservability-Swift.h -working-directory /Users/runner/work/Tally/Tally/apps/TallyiOS/TallyApp.xcodeproj -experimental-emit-module-separately -disable-cmo
2026-08-27T01:06:43.1489260Z 
2026-08-27T01:06:43.1601950Z SwiftDriverJobDiscovery normal arm64 Compiling TallyDomain.swift (in target 'TallyDomain' from project 'TallyPackages')
2026-08-27T01:06:43.1730180Z 
2026-08-27T01:06:43.1872410Z SwiftCompile normal arm64 Compiling\ CardStyle.swift,\ Color+Tally.swift /Users/runner/work/Tally/Tally/packages/TallyDesignSystem/Sources/CardStyle.swift /Users/runner/work/Tally/Tally/packages/TallyDesignSystem/Sources/Color+Tally.swift (in target 'TallyDesignSystem' from project 'TallyPackages')
2026-08-27T01:06:43.1988320Z SwiftCompile normal arm64 /Users/runner/work/Tally/Tally/packages/TallyDesignSystem/Sources/CardStyle.swift (in target 'TallyDesignSystem' from project 'TallyPackages')
2026-08-27T01:06:43.1989190Z     cd /Users/runner/work/Tally/Tally/apps/TallyiOS/TallyApp.xcodeproj
2026-08-27T01:06:43.2099760Z     
2026-08-27T01:06:43.8090320Z 
2026-08-27T01:06:43.8191650Z SwiftCompile normal arm64 /Users/runner/work/Tally/Tally/packages/TallyDesignSystem/Sources/Color+Tally.swift (in target 'TallyDesignSystem' from project 'TallyPackages')
2026-08-27T01:06:43.8293470Z     cd /Users/runner/work/Tally/Tally/apps/TallyiOS/TallyApp.xcodeproj
2026-08-27T01:06:43.8395140Z     
2026-08-27T01:06:43.8503560Z 
2026-08-27T01:06:43.8745510Z SwiftDriver\ Compilation TallyDomain normal arm64 com.apple.xcode.tools.swift.compiler (in target 'TallyDomain' from project 'TallyPackages')
2026-08-27T01:06:43.8847180Z     cd /Users/runner/work/Tally/Tally/apps/TallyiOS/TallyApp.xcodeproj
2026-08-27T01:06:43.8965620Z     builtin-Swift-Compilation -- /Applications/Xcode_16.4.app/Contents/Developer/Toolchains/XcodeDefault.xctoolchain/usr/bin/swiftc -module-name TallyDomain -Onone -enforce-exclusivity\=checked @/Users/runner/work/Tally/Tally/build/Build/Intermediates.noindex/TallyPackages.build/Debug-iphoneos/TallyDomain.build/Objects-normal/arm64/TallyDomain.SwiftFileList -DSWIFT_PACKAGE -DDEBUG -DXcode -plugin-path /Applications/Xcode_16.4.app/Contents/Developer/Toolchains/XcodeDefault.xctoolchain/usr/lib/swift/host/plugins/testing -enable-experimental-feature DebugDescriptionMacro -sdk /Applications/Xcode_16.4.app/Contents/Developer/Platforms/iPhoneOS.platform/Developer/SDKs/iPhoneOS18.5.sdk -target arm64-apple-ios17.0 -g -module-cache-path /Users/runner/work/Tally/Tally/build/ModuleCache.noindex -Xfrontend -serialize-debugging-options -enable-testing -index-store-path /Users/runner/work/Tally/Tally/build/Index.noindex/DataStore -swift-version 5 -I /Users/runner/work/Tally/Tally/build/Build/Products/Debug-iphoneos -I /Applications/Xcode_16.4.app/Contents/Developer/Platforms/iPhoneOS.platform/Developer/usr/lib -F /Users/runner/work/Tally/Tally/build/Build/Products/Debug-iphoneos -F /Applications/Xcode_16.4.app/Contents/Developer/Platforms/iPhoneOS.platform/Developer/Library/Frameworks -F /Applications/Xcode_16.4.app/Contents/Developer/Platforms/iPhoneOS.platform/Developer/SDKs/iPhoneOS18.5.sdk/Developer/Library/Frameworks -parse-as-library -c -j3 -enable-batch-mode -incremental -Xcc -ivfsstatcache -Xcc /Users/runner/work/Tally/Tally/build/SDKStatCaches.noindex/iphoneos18.5-22F76-a529daf784b3616c7c04a36aeb7f5c05.sdkstatcache -output-file-map /Users/runner/work/Tally/Tally/build/Build/Intermediates.noindex/TallyPackages.build/Debug-iphoneos/TallyDomain.build/Objects-normal/arm64/TallyDomain-OutputFileMap.json -use-frontend-parseable-output -save-temps -no-color-diagnostics -serialize-diagnostics -emit-dependencies -emit-module -emit-module-path /Users/runner/work/Tally/Tally/build/Build/Intermediates.noindex/TallyPackages.build/Debug-iphoneos/TallyDomain.build/Objects-normal/arm64/TallyDomain.swiftmodule -validate-clang-modules-once -clang-build-session-file /Users/runner/work/Tally/Tally/build/ModuleCache.noindex/Session.modulevalidation -package-name tally -Xcc -I/Users/runner/work/Tally/Tally/build/Build/Intermediates.noindex/TallyPackages.build/Debug-iphoneos/TallyDomain.build/swift-overrides.hmap -emit-const-values -Xfrontend -const-gather-protocols-file -Xfrontend /Users/runner/work/Tally/Tally/build/Build/Intermediates.noindex/TallyPackages.build/Debug-iphoneos/TallyDomain.build/Objects-normal/arm64/TallyDomain_const_extract_protocols.json -Xcc -I/Users/runner/work/Tally/Tally/build/Build/Products/Debug-iphoneos/include -Xcc -I/Users/runner/work/Tally/Tally/build/Build/Intermediates.noindex/TallyPackages.build/Debug-iphoneos/TallyDomain.build/DerivedSources-normal/arm64 -Xcc -I/Users/runner/work/Tally/Tally/build/Build/Intermediates.noindex/TallyPackages.build/Debug-iphoneos/TallyDomain.build/DerivedSources/arm64 -Xcc -I/Users/runner/work/Tally/Tally/build/Build/Intermediates.noindex/TallyPackages.build/Debug-iphoneos/TallyDomain.build/DerivedSources -Xcc -DSWIFT_PACKAGE -Xcc -DDEBUG\=1 -emit-objc-header -emit-objc-header-path /Users/runner/work/Tally/Tally/build/Build/Intermediates.noindex/TallyPackages.build/Debug-iphoneos/TallyDomain.build/Objects-normal/arm64/TallyDomain-Swift.h -working-directory /Users/runner/work/Tally/Tally/apps/TallyiOS/TallyApp.xcodeproj -experimental-emit-module-separately -disable-cmo
2026-08-27T01:06:43.9098380Z 
2026-08-27T01:06:43.9225660Z SwiftDriverJobDiscovery normal arm64 Compiling TallySecurity.swift (in target 'TallySecurity' from project 'TallyPackages')
2026-08-27T01:06:43.9327160Z 
2026-08-27T01:06:43.9387480Z SwiftCompile normal arm64 Compiling\ Font+Tally.swift /Users/runner/work/Tally/Tally/packages/TallyDesignSystem/Sources/Font+Tally.swift (in target 'TallyDesignSystem' from project 'TallyPackages')
2026-08-27T01:06:43.9509840Z SwiftCompile normal arm64 /Users/runner/work/Tally/Tally/packages/TallyDesignSystem/Sources/Font+Tally.swift (in target 'TallyDesignSystem' from project 'TallyPackages')
2026-08-27T01:06:43.9615830Z     cd /Users/runner/work/Tally/Tally/apps/TallyiOS/TallyApp.xcodeproj
2026-08-27T01:06:43.9725060Z     
2026-08-27T01:06:43.9838210Z 
2026-08-27T01:06:43.9939420Z SwiftDriver\ Compilation TallySecurity normal arm64 com.apple.xcode.tools.swift.compiler (in target 'TallySecurity' from project 'TallyPackages')
2026-08-27T01:06:44.0042320Z     cd /Users/runner/work/Tally/Tally/apps/TallyiOS/TallyApp.xcodeproj
2026-08-27T01:06:44.0156390Z     builtin-Swift-Compilation -- /Applications/Xcode_16.4.app/Contents/Developer/Toolchains/XcodeDefault.xctoolchain/usr/bin/swiftc -module-name TallySecurity -Onone -enforce-exclusivity\=checked @/Users/runner/work/Tally/Tally/build/Build/Intermediates.noindex/TallyPackages.build/Debug-iphoneos/TallySecurity.build/Objects-normal/arm64/TallySecurity.SwiftFileList -DSWIFT_PACKAGE -DDEBUG -DXcode -plugin-path /Applications/Xcode_16.4.app/Contents/Developer/Toolchains/XcodeDefault.xctoolchain/usr/lib/swift/host/plugins/testing -enable-experimental-feature DebugDescriptionMacro -sdk /Applications/Xcode_16.4.app/Contents/Developer/Platforms/iPhoneOS.platform/Developer/SDKs/iPhoneOS18.5.sdk -target arm64-apple-ios17.0 -g -module-cache-path /Users/runner/work/Tally/Tally/build/ModuleCache.noindex -Xfrontend -serialize-debugging-options -enable-testing -index-store-path /Users/runner/work/Tally/Tally/build/Index.noindex/DataStore -swift-version 5 -I /Users/runner/work/Tally/Tally/build/Build/Products/Debug-iphoneos -I /Applications/Xcode_16.4.app/Contents/Developer/Platforms/iPhoneOS.platform/Developer/usr/lib -F /Users/runner/work/Tally/Tally/build/Build/Products/Debug-iphoneos -F /Applications/Xcode_16.4.app/Contents/Developer/Platforms/iPhoneOS.platform/Developer/Library/Frameworks -F /Applications/Xcode_16.4.app/Contents/Developer/Platforms/iPhoneOS.platform/Developer/SDKs/iPhoneOS18.5.sdk/Developer/Library/Frameworks -parse-as-library -c -j3 -enable-batch-mode -incremental -Xcc -ivfsstatcache -Xcc /Users/runner/work/Tally/Tally/build/SDKStatCaches.noindex/iphoneos18.5-22F76-a529daf784b3616c7c04a36aeb7f5c05.sdkstatcache -output-file-map /Users/runner/work/Tally/Tally/build/Build/Intermediates.noindex/TallyPackages.build/Debug-iphoneos/TallySecurity.build/Objects-normal/arm64/TallySecurity-OutputFileMap.json -use-frontend-parseable-output -save-temps -no-color-diagnostics -serialize-diagnostics -emit-dependencies -emit-module -emit-module-path /Users/runner/work/Tally/Tally/build/Build/Intermediates.noindex/TallyPackages.build/Debug-iphoneos/TallySecurity.build/Objects-normal/arm64/TallySecurity.swiftmodule -validate-clang-modules-once -clang-build-session-file /Users/runner/work/Tally/Tally/build/ModuleCache.noindex/Session.modulevalidation -package-name tally -Xcc -I/Users/runner/work/Tally/Tally/build/Build/Intermediates.noindex/TallyPackages.build/Debug-iphoneos/TallySecurity.build/swift-overrides.hmap -emit-const-values -Xfrontend -const-gather-protocols-file -Xfrontend /Users/runner/work/Tally/Tally/build/Build/Intermediates.noindex/TallyPackages.build/Debug-iphoneos/TallySecurity.build/Objects-normal/arm64/TallySecurity_const_extract_protocols.json -Xcc -I/Users/runner/work/Tally/Tally/build/Build/Products/Debug-iphoneos/include -Xcc -I/Users/runner/work/Tally/Tally/build/Build/Intermediates.noindex/TallyPackages.build/Debug-iphoneos/TallySecurity.build/DerivedSources-normal/arm64 -Xcc -I/Users/runner/work/Tally/Tally/build/Build/Intermediates.noindex/TallyPackages.build/Debug-iphoneos/TallySecurity.build/DerivedSources/arm64 -Xcc -I/Users/runner/work/Tally/Tally/build/Build/Intermediates.noindex/TallyPackages.build/Debug-iphoneos/TallySecurity.build/DerivedSources -Xcc -DSWIFT_PACKAGE -Xcc -DDEBUG\=1 -emit-objc-header -emit-objc-header-path /Users/runner/work/Tally/Tally/build/Build/Intermediates.noindex/TallyPackages.build/Debug-iphoneos/TallySecurity.build/Objects-normal/arm64/TallySecurity-Swift.h -working-directory /Users/runner/work/Tally/Tally/apps/TallyiOS/TallyApp.xcodeproj -experimental-emit-module-separately -disable-cmo
2026-08-27T01:06:44.0208010Z 
2026-08-27T01:06:44.0310160Z SwiftDriverJobDiscovery normal arm64 Emitting module for TallyDesignSystem (in target 'TallyDesignSystem' from project 'TallyPackages')
2026-08-27T01:06:44.0427380Z 
2026-08-27T01:06:44.0533320Z SwiftDriver\ Compilation\ Requirements TallyDesignSystem normal arm64 com.apple.xcode.tools.swift.compiler (in target 'TallyDesignSystem' from project 'TallyPackages')
2026-08-27T01:06:44.0647250Z     cd /Users/runner/work/Tally/Tally/apps/TallyiOS/TallyApp.xcodeproj
2026-08-27T01:06:44.0776460Z     builtin-Swift-Compilation-Requirements -- /Applications/Xcode_16.4.app/Contents/Developer/Toolchains/XcodeDefault.xctoolchain/usr/bin/swiftc -module-name TallyDesignSystem -Onone -enforce-exclusivity\=checked @/Users/runner/work/Tally/Tally/build/Build/Intermediates.noindex/TallyPackages.build/Debug-iphoneos/TallyDesignSystem.build/Objects-normal/arm64/TallyDesignSystem.SwiftFileList -DSWIFT_PACKAGE -DDEBUG -DXcode -plugin-path /Applications/Xcode_16.4.app/Contents/Developer/Toolchains/XcodeDefault.xctoolchain/usr/lib/swift/host/plugins/testing -enable-experimental-feature DebugDescriptionMacro -sdk /Applications/Xcode_16.4.app/Contents/Developer/Platforms/iPhoneOS.platform/Developer/SDKs/iPhoneOS18.5.sdk -target arm64-apple-ios17.0 -g -module-cache-path /Users/runner/work/Tally/Tally/build/ModuleCache.noindex -Xfrontend -serialize-debugging-options -enable-testing -index-store-path /Users/runner/work/Tally/Tally/build/Index.noindex/DataStore -swift-version 5 -I /Users/runner/work/Tally/Tally/build/Build/Products/Debug-iphoneos -I /Applications/Xcode_16.4.app/Contents/Developer/Platforms/iPhoneOS.platform/Developer/usr/lib -F /Users/runner/work/Tally/Tally/build/Build/Products/Debug-iphoneos -F /Applications/Xcode_16.4.app/Contents/Developer/Platforms/iPhoneOS.platform/Developer/Library/Frameworks -F /Applications/Xcode_16.4.app/Contents/Developer/Platforms/iPhoneOS.platform/Developer/SDKs/iPhoneOS18.5.sdk/Developer/Library/Frameworks -c -j3 -enable-batch-mode -incremental -Xcc -ivfsstatcache -Xcc /Users/runner/work/Tally/Tally/build/SDKStatCaches.noindex/iphoneos18.5-22F76-a529daf784b3616c7c04a36aeb7f5c05.sdkstatcache -output-file-map /Users/runner/work/Tally/Tally/build/Build/Intermediates.noindex/TallyPackages.build/Debug-iphoneos/TallyDesignSystem.build/Objects-normal/arm64/TallyDesignSystem-OutputFileMap.json -use-frontend-parseable-output -save-temps -no-color-diagnostics -serialize-diagnostics -emit-dependencies -emit-module -emit-module-path /Users/runner/work/Tally/Tally/build/Build/Intermediates.noindex/TallyPackages.build/Debug-iphoneos/TallyDesignSystem.build/Objects-normal/arm64/TallyDesignSystem.swiftmodule -validate-clang-modules-once -clang-build-session-file /Users/runner/work/Tally/Tally/build/ModuleCache.noindex/Session.modulevalidation -package-name tally -Xcc -I/Users/runner/work/Tally/Tally/build/Build/Intermediates.noindex/TallyPackages.build/Debug-iphoneos/TallyDesignSystem.build/swift-overrides.hmap -emit-const-values -Xfrontend -const-gather-protocols-file -Xfrontend /Users/runner/work/Tally/Tally/build/Build/Intermediates.noindex/TallyPackages.build/Debug-iphoneos/TallyDesignSystem.build/Objects-normal/arm64/TallyDesignSystem_const_extract_protocols.json -Xcc -I/Users/runner/work/Tally/Tally/build/Build/Products/Debug-iphoneos/include -Xcc -I/Users/runner/work/Tally/Tally/build/Build/Intermediates.noindex/TallyPackages.build/Debug-iphoneos/TallyDesignSystem.build/DerivedSources-normal/arm64 -Xcc -I/Users/runner/work/Tally/Tally/build/Build/Intermediates.noindex/TallyPackages.build/Debug-iphoneos/TallyDesignSystem.build/DerivedSources/arm64 -Xcc -I/Users/runner/work/Tally/Tally/build/Build/Intermediates.noindex/TallyPackages.build/Debug-iphoneos/TallyDesignSystem.build/DerivedSources -Xcc -DSWIFT_PACKAGE -Xcc -DDEBUG\=1 -emit-objc-header -emit-objc-header-path /Users/runner/work/Tally/Tally/build/Build/Intermediates.noindex/TallyPackages.build/Debug-iphoneos/TallyDesignSystem.build/Objects-normal/arm64/TallyDesignSystem-Swift.h -working-directory /Users/runner/work/Tally/Tally/apps/TallyiOS/TallyApp.xcodeproj -experimental-emit-module-separately -disable-cmo
2026-08-27T01:06:44.0883830Z 
2026-08-27T01:06:44.0999100Z SwiftCompile normal arm64 Compiling\ Spacing.swift /Users/runner/work/Tally/Tally/packages/TallyDesignSystem/Sources/Spacing.swift (in target 'TallyDesignSystem' from project 'TallyPackages')
2026-08-27T01:06:44.1125610Z 
2026-08-27T01:06:44.1249650Z SwiftCompile normal arm64 /Users/runner/work/Tally/Tally/packages/TallyDesignSystem/Sources/Spacing.swift (in target 'TallyDesignSystem' from project 'TallyPackages')
2026-08-27T01:06:44.1375850Z     cd /Users/runner/work/Tally/Tally/apps/TallyiOS/TallyApp.xcodeproj
2026-08-27T01:06:44.1508510Z     
2026-08-27T01:06:44.1609730Z 
2026-08-27T01:06:44.1711890Z SwiftMergeGeneratedHeaders /Users/runner/work/Tally/Tally/build/Build/Intermediates.noindex/GeneratedModuleMaps-iphoneos/TallyDesignSystem-Swift.h /Users/runner/work/Tally/Tally/build/Build/Intermediates.noindex/TallyPackages.build/Debug-iphoneos/TallyDesignSystem.build/Objects-normal/arm64/TallyDesignSystem-Swift.h (in target 'TallyDesignSystem' from project 'TallyPackages')
2026-08-27T01:06:44.1814390Z     cd /Users/runner/work/Tally/Tally
2026-08-27T01:06:44.1918960Z     builtin-swiftHeaderTool -arch arm64 /Users/runner/work/Tally/Tally/build/Build/Intermediates.noindex/TallyPackages.build/Debug-iphoneos/TallyDesignSystem.build/Objects-normal/arm64/TallyDesignSystem-Swift.h -o /Users/runner/work/Tally/Tally/build/Build/Intermediates.noindex/GeneratedModuleMaps-iphoneos/TallyDesignSystem-Swift.h
2026-08-27T01:06:44.2015740Z 
2026-08-27T01:06:44.2117010Z SwiftDriverJobDiscovery normal arm64 Compiling Spacing.swift (in target 'TallyDesignSystem' from project 'TallyPackages')
2026-08-27T01:06:44.2218060Z 
2026-08-27T01:06:44.2320160Z Copy /Users/runner/work/Tally/Tally/build/Build/Products/Debug-iphoneos/TallyDesignSystem.swiftmodule/arm64-apple-ios.swiftmodule /Users/runner/work/Tally/Tally/build/Build/Intermediates.noindex/TallyPackages.build/Debug-iphoneos/TallyDesignSystem.build/Objects-normal/arm64/TallyDesignSystem.swiftmodule (in target 'TallyDesignSystem' from project 'TallyPackages')
2026-08-27T01:06:44.2419340Z     cd /Users/runner/work/Tally/Tally
2026-08-27T01:06:44.2522200Z     builtin-copy -exclude .DS_Store -exclude CVS -exclude .svn -exclude .git -exclude .hg -resolve-src-symlinks -rename /Users/runner/work/Tally/Tally/build/Build/Intermediates.noindex/TallyPackages.build/Debug-iphoneos/TallyDesignSystem.build/Objects-normal/arm64/TallyDesignSystem.swiftmodule /Users/runner/work/Tally/Tally/build/Build/Products/Debug-iphoneos/TallyDesignSystem.swiftmodule/arm64-apple-ios.swiftmodule
2026-08-27T01:06:44.2623950Z 
2026-08-27T01:06:44.2725630Z Copy /Users/runner/work/Tally/Tally/build/Build/Products/Debug-iphoneos/TallyDesignSystem.swiftmodule/arm64-apple-ios.swiftdoc /Users/runner/work/Tally/Tally/build/Build/Intermediates.noindex/TallyPackages.build/Debug-iphoneos/TallyDesignSystem.build/Objects-normal/arm64/TallyDesignSystem.swiftdoc (in target 'TallyDesignSystem' from project 'TallyPackages')
2026-08-27T01:06:44.2825950Z     cd /Users/runner/work/Tally/Tally
2026-08-27T01:06:44.2929720Z     builtin-copy -exclude .DS_Store -exclude CVS -exclude .svn -exclude .git -exclude .hg -resolve-src-symlinks -rename /Users/runner/work/Tally/Tally/build/Build/Intermediates.noindex/TallyPackages.build/Debug-iphoneos/TallyDesignSystem.build/Objects-normal/arm64/TallyDesignSystem.swiftdoc /Users/runner/work/Tally/Tally/build/Build/Products/Debug-iphoneos/TallyDesignSystem.swiftmodule/arm64-apple-ios.swiftdoc
2026-08-27T01:06:44.3044720Z 
2026-08-27T01:06:44.3152080Z Copy /Users/runner/work/Tally/Tally/build/Build/Products/Debug-iphoneos/TallyDesignSystem.swiftmodule/arm64-apple-ios.abi.json /Users/runner/work/Tally/Tally/build/Build/Intermediates.noindex/TallyPackages.build/Debug-iphoneos/TallyDesignSystem.build/Objects-normal/arm64/TallyDesignSystem.abi.json (in target 'TallyDesignSystem' from project 'TallyPackages')
2026-08-27T01:06:44.3252410Z     cd /Users/runner/work/Tally/Tally
2026-08-27T01:06:44.3354740Z     builtin-copy -exclude .DS_Store -exclude CVS -exclude .svn -exclude .git -exclude .hg -resolve-src-symlinks -rename /Users/runner/work/Tally/Tally/build/Build/Intermediates.noindex/TallyPackages.build/Debug-iphoneos/TallyDesignSystem.build/Objects-normal/arm64/TallyDesignSystem.abi.json /Users/runner/work/Tally/Tally/build/Build/Products/Debug-iphoneos/TallyDesignSystem.swiftmodule/arm64-apple-ios.abi.json
2026-08-27T01:06:44.3458170Z 
2026-08-27T01:06:44.3560360Z Copy /Users/runner/work/Tally/Tally/build/Build/Products/Debug-iphoneos/TallyDesignSystem.swiftmodule/Project/arm64-apple-ios.swiftsourceinfo /Users/runner/work/Tally/Tally/build/Build/Intermediates.noindex/TallyPackages.build/Debug-iphoneos/TallyDesignSystem.build/Objects-normal/arm64/TallyDesignSystem.swiftsourceinfo (in target 'TallyDesignSystem' from project 'TallyPackages')
2026-08-27T01:06:44.3670700Z     cd /Users/runner/work/Tally/Tally
2026-08-27T01:06:44.3799670Z     builtin-copy -exclude .DS_Store -exclude CVS -exclude .svn -exclude .git -exclude .hg -resolve-src-symlinks -rename /Users/runner/work/Tally/Tally/build/Build/Intermediates.noindex/TallyPackages.build/Debug-iphoneos/TallyDesignSystem.build/Objects-normal/arm64/TallyDesignSystem.swiftsourceinfo /Users/runner/work/Tally/Tally/build/Build/Products/Debug-iphoneos/TallyDesignSystem.swiftmodule/Project/arm64-apple-ios.swiftsourceinfo
2026-08-27T01:06:44.3933390Z 
2026-08-27T01:06:44.4034640Z Ld /Users/runner/work/Tally/Tally/build/Build/Products/Debug-iphoneos/TallySecurity.o normal (in target 'TallySecurity' from project 'TallyPackages')
2026-08-27T01:06:44.4136580Z     cd /Users/runner/work/Tally/Tally
2026-08-27T01:06:44.4244460Z     /Applications/Xcode_16.4.app/Contents/Developer/Toolchains/XcodeDefault.xctoolchain/usr/bin/clang -Xlinker -reproducible -target arm64-apple-ios17.0 -r -isysroot /Applications/Xcode_16.4.app/Contents/Developer/Platforms/iPhoneOS.platform/Developer/SDKs/iPhoneOS18.5.sdk -O0 -L/Users/runner/work/Tally/Tally/build/Build/Intermediates.noindex/EagerLinkingTBDs/Debug-iphoneos -L/Users/runner/work/Tally/Tally/build/Build/Products/Debug-iphoneos -L/Applications/Xcode_16.4.app/Contents/Developer/Platforms/iPhoneOS.platform/Developer/usr/lib -F/Users/runner/work/Tally/Tally/build/Build/Intermediates.noindex/EagerLinkingTBDs/Debug-iphoneos -F/Users/runner/work/Tally/Tally/build/Build/Products/Debug-iphoneos -iframework /Applications/Xcode_16.4.app/Contents/Developer/Platforms/iPhoneOS.platform/Developer/Library/Frameworks -iframework /Applications/Xcode_16.4.app/Contents/Developer/Platforms/iPhoneOS.platform/Developer/SDKs/iPhoneOS18.5.sdk/Developer/Library/Frameworks -filelist /Users/runner/work/Tally/Tally/build/Build/Intermediates.noindex/TallyPackages.build/Debug-iphoneos/TallySecurity.build/Objects-normal/arm64/TallySecurity.LinkFileList -nostdlib -Xlinker -object_path_lto -Xlinker /Users/runner/work/Tally/Tally/build/Build/Intermediates.noindex/TallyPackages.build/Debug-iphoneos/TallySecurity.build/Objects-normal/arm64/TallySecurity_lto.o -rdynamic -Xlinker -no_deduplicate -Xlinker -dependency_info -Xlinker /Users/runner/work/Tally/Tally/build/Build/Intermediates.noindex/TallyPackages.build/Debug-iphoneos/TallySecurity.build/Objects-normal/arm64/TallySecurity_dependency_info.dat -fobjc-link-runtime -L/Applications/Xcode_16.4.app/Contents/Developer/Toolchains/XcodeDefault.xctoolchain/usr/lib/swift/iphoneos -L/usr/lib/swift -Xlinker -add_ast_path -Xlinker /Users/runner/work/Tally/Tally/build/Build/Intermediates.noindex/TallyPackages.build/Debug-iphoneos/TallySecurity.build/Objects-normal/arm64/TallySecurity.swiftmodule -o /Users/runner/work/Tally/Tally/build/Build/Products/Debug-iphoneos/TallySecurity.o
2026-08-27T01:06:44.4337960Z 
2026-08-27T01:06:44.4439350Z Ld /Users/runner/work/Tally/Tally/build/Build/Products/Debug-iphoneos/TallyObservability.o normal (in target 'TallyObservability' from project 'TallyPackages')
2026-08-27T01:06:44.4540840Z     cd /Users/runner/work/Tally/Tally
2026-08-27T01:06:44.4648380Z     /Applications/Xcode_16.4.app/Contents/Developer/Toolchains/XcodeDefault.xctoolchain/usr/bin/clang -Xlinker -reproducible -target arm64-apple-ios17.0 -r -isysroot /Applications/Xcode_16.4.app/Contents/Developer/Platforms/iPhoneOS.platform/Developer/SDKs/iPhoneOS18.5.sdk -O0 -L/Users/runner/work/Tally/Tally/build/Build/Intermediates.noindex/EagerLinkingTBDs/Debug-iphoneos -L/Users/runner/work/Tally/Tally/build/Build/Products/Debug-iphoneos -L/Applications/Xcode_16.4.app/Contents/Developer/Platforms/iPhoneOS.platform/Developer/usr/lib -F/Users/runner/work/Tally/Tally/build/Build/Intermediates.noindex/EagerLinkingTBDs/Debug-iphoneos -F/Users/runner/work/Tally/Tally/build/Build/Products/Debug-iphoneos -iframework /Applications/Xcode_16.4.app/Contents/Developer/Platforms/iPhoneOS.platform/Developer/Library/Frameworks -iframework /Applications/Xcode_16.4.app/Contents/Developer/Platforms/iPhoneOS.platform/Developer/SDKs/iPhoneOS18.5.sdk/Developer/Library/Frameworks -filelist /Users/runner/work/Tally/Tally/build/Build/Intermediates.noindex/TallyPackages.build/Debug-iphoneos/TallyObservability.build/Objects-normal/arm64/TallyObservability.LinkFileList -nostdlib -Xlinker -object_path_lto -Xlinker /Users/runner/work/Tally/Tally/build/Build/Intermediates.noindex/TallyPackages.build/Debug-iphoneos/TallyObservability.build/Objects-normal/arm64/TallyObservability_lto.o -rdynamic -Xlinker -no_deduplicate -Xlinker -dependency_info -Xlinker /Users/runner/work/Tally/Tally/build/Build/Intermediates.noindex/TallyPackages.build/Debug-iphoneos/TallyObservability.build/Objects-normal/arm64/TallyObservability_dependency_info.dat -fobjc-link-runtime -L/Applications/Xcode_16.4.app/Contents/Developer/Toolchains/XcodeDefault.xctoolchain/usr/lib/swift/iphoneos -L/usr/lib/swift -Xlinker -add_ast_path -Xlinker /Users/runner/work/Tally/Tally/build/Build/Intermediates.noindex/TallyPackages.build/Debug-iphoneos/TallyObservability.build/Objects-normal/arm64/TallyObservability.swiftmodule -o /Users/runner/work/Tally/Tally/build/Build/Products/Debug-iphoneos/TallyObservability.o
2026-08-27T01:06:44.4753170Z 
2026-08-27T01:06:44.4854310Z Ld /Users/runner/work/Tally/Tally/build/Build/Products/Debug-iphoneos/TallyDomain.o normal (in target 'TallyDomain' from project 'TallyPackages')
2026-08-27T01:06:44.4955770Z     cd /Users/runner/work/Tally/Tally
2026-08-27T01:06:44.5068110Z     /Applications/Xcode_16.4.app/Contents/Developer/Toolchains/XcodeDefault.xctoolchain/usr/bin/clang -Xlinker -reproducible -target arm64-apple-ios17.0 -r -isysroot /Applications/Xcode_16.4.app/Contents/Developer/Platforms/iPhoneOS.platform/Developer/SDKs/iPhoneOS18.5.sdk -O0 -L/Users/runner/work/Tally/Tally/build/Build/Intermediates.noindex/EagerLinkingTBDs/Debug-iphoneos -L/Users/runner/work/Tally/Tally/build/Build/Products/Debug-iphoneos -L/Applications/Xcode_16.4.app/Contents/Developer/Platforms/iPhoneOS.platform/Developer/usr/lib -F/Users/runner/work/Tally/Tally/build/Build/Intermediates.noindex/EagerLinkingTBDs/Debug-iphoneos -F/Users/runner/work/Tally/Tally/build/Build/Products/Debug-iphoneos -iframework /Applications/Xcode_16.4.app/Contents/Developer/Platforms/iPhoneOS.platform/Developer/Library/Frameworks -iframework /Applications/Xcode_16.4.app/Contents/Developer/Platforms/iPhoneOS.platform/Developer/SDKs/iPhoneOS18.5.sdk/Developer/Library/Frameworks -filelist /Users/runner/work/Tally/Tally/build/Build/Intermediates.noindex/TallyPackages.build/Debug-iphoneos/TallyDomain.build/Objects-normal/arm64/TallyDomain.LinkFileList -nostdlib -Xlinker -object_path_lto -Xlinker /Users/runner/work/Tally/Tally/build/Build/Intermediates.noindex/TallyPackages.build/Debug-iphoneos/TallyDomain.build/Objects-normal/arm64/TallyDomain_lto.o -rdynamic -Xlinker -no_deduplicate -Xlinker -dependency_info -Xlinker /Users/runner/work/Tally/Tally/build/Build/Intermediates.noindex/TallyPackages.build/Debug-iphoneos/TallyDomain.build/Objects-normal/arm64/TallyDomain_dependency_info.dat -fobjc-link-runtime -L/Applications/Xcode_16.4.app/Contents/Developer/Toolchains/XcodeDefault.xctoolchain/usr/lib/swift/iphoneos -L/usr/lib/swift -Xlinker -add_ast_path -Xlinker /Users/runner/work/Tally/Tally/build/Build/Intermediates.noindex/TallyPackages.build/Debug-iphoneos/TallyDomain.build/Objects-normal/arm64/TallyDomain.swiftmodule -o /Users/runner/work/Tally/Tally/build/Build/Products/Debug-iphoneos/TallyDomain.o
2026-08-27T01:06:44.5170700Z 
2026-08-27T01:06:44.5274080Z ExtractAppIntentsMetadata (in target 'TallySecurity' from project 'TallyPackages')
2026-08-27T01:06:44.5377170Z     cd /Users/runner/work/Tally/Tally
2026-08-27T01:06:44.5489770Z     /Applications/Xcode_16.4.app/Contents/Developer/Toolchains/XcodeDefault.xctoolchain/usr/bin/appintentsmetadataprocessor --toolchain-dir /Applications/Xcode_16.4.app/Contents/Developer/Toolchains/XcodeDefault.xctoolchain --module-name TallySecurity --sdk-root /Applications/Xcode_16.4.app/Contents/Developer/Platforms/iPhoneOS.platform/Developer/SDKs/iPhoneOS18.5.sdk --xcode-version 16F6 --platform-family iOS --deployment-target 17.0 --bundle-identifier tally.TallySecurity --output /Users/runner/work/Tally/Tally/build/Build/Products/Debug-iphoneos/TallySecurity.appintents --target-triple arm64-apple-ios17.0 --binary-file /Users/runner/work/Tally/Tally/build/Build/Products/Debug-iphoneos/TallySecurity.o --dependency-file /Users/runner/work/Tally/Tally/build/Build/Intermediates.noindex/TallyPackages.build/Debug-iphoneos/TallySecurity.build/Objects-normal/arm64/TallySecurity_dependency_info.dat --stringsdata-file /Users/runner/work/Tally/Tally/build/Build/Intermediates.noindex/TallyPackages.build/Debug-iphoneos/TallySecurity.build/Objects-normal/arm64/ExtractedAppShortcutsMetadata.stringsdata --source-file-list /Users/runner/work/Tally/Tally/build/Build/Intermediates.noindex/TallyPackages.build/Debug-iphoneos/TallySecurity.build/Objects-normal/arm64/TallySecurity.SwiftFileList --metadata-file-list /Users/runner/work/Tally/Tally/build/Build/Intermediates.noindex/TallyPackages.build/Debug-iphoneos/TallySecurity.build/TallySecurity.DependencyMetadataFileList --static-metadata-file-list /Users/runner/work/Tally/Tally/build/Build/Intermediates.noindex/TallyPackages.build/Debug-iphoneos/TallySecurity.build/TallySecurity.DependencyStaticMetadataFileList --swift-const-vals-list /Users/runner/work/Tally/Tally/build/Build/Intermediates.noindex/TallyPackages.build/Debug-iphoneos/TallySecurity.build/Objects-normal/arm64/TallySecurity.SwiftConstValuesFileList --force --compile-time-extraction --deployment-aware-processing --validate-assistant-intents --no-app-shortcuts-localization
2026-08-27T01:06:44.5593630Z 2026-08-27 01:06:42.287 appintentsmetadataprocessor[5817:21726] Starting appintentsmetadataprocessor export
2026-08-27T01:06:44.5715950Z 2026-08-27 01:06:42.338 appintentsmetadataprocessor[5817:21726] Extracted no relevant App Intents symbols, skipping writing output
2026-08-27T01:06:44.5823520Z 
2026-08-27T01:06:44.5928860Z ExtractAppIntentsMetadata (in target 'TallyObservability' from project 'TallyPackages')
2026-08-27T01:06:44.6044370Z     cd /Users/runner/work/Tally/Tally
2026-08-27T01:06:44.6164260Z     /Applications/Xcode_16.4.app/Contents/Developer/Toolchains/XcodeDefault.xctoolchain/usr/bin/appintentsmetadataprocessor --toolchain-dir /Applications/Xcode_16.4.app/Contents/Developer/Toolchains/XcodeDefault.xctoolchain --module-name TallyObservability --sdk-root /Applications/Xcode_16.4.app/Contents/Developer/Platforms/iPhoneOS.platform/Developer/SDKs/iPhoneOS18.5.sdk --xcode-version 16F6 --platform-family iOS --deployment-target 17.0 --bundle-identifier tally.TallyObservability --output /Users/runner/work/Tally/Tally/build/Build/Products/Debug-iphoneos/TallyObservability.appintents --target-triple arm64-apple-ios17.0 --binary-file /Users/runner/work/Tally/Tally/build/Build/Products/Debug-iphoneos/TallyObservability.o --dependency-file /Users/runner/work/Tally/Tally/build/Build/Intermediates.noindex/TallyPackages.build/Debug-iphoneos/TallyObservability.build/Objects-normal/arm64/TallyObservability_dependency_info.dat --stringsdata-file /Users/runner/work/Tally/Tally/build/Build/Intermediates.noindex/TallyPackages.build/Debug-iphoneos/TallyObservability.build/Objects-normal/arm64/ExtractedAppShortcutsMetadata.stringsdata --source-file-list /Users/runner/work/Tally/Tally/build/Build/Intermediates.noindex/TallyPackages.build/Debug-iphoneos/TallyObservability.build/Objects-normal/arm64/TallyObservability.SwiftFileList --metadata-file-list /Users/runner/work/Tally/Tally/build/Build/Intermediates.noindex/TallyPackages.build/Debug-iphoneos/TallyObservability.build/TallyObservability.DependencyMetadataFileList --static-metadata-file-list /Users/runner/work/Tally/Tally/build/Build/Intermediates.noindex/TallyPackages.build/Debug-iphoneos/TallyObservability.build/TallyObservability.DependencyStaticMetadataFileList --swift-const-vals-list /Users/runner/work/Tally/Tally/build/Build/Intermediates.noindex/TallyPackages.build/Debug-iphoneos/TallyObservability.build/Objects-normal/arm64/TallyObservability.SwiftConstValuesFileList --force --compile-time-extraction --deployment-aware-processing --validate-assistant-intents --no-app-shortcuts-localization
2026-08-27T01:06:44.6270720Z 2026-08-27 01:06:42.354 appintentsmetadataprocessor[5818:21730] Starting appintentsmetadataprocessor export
2026-08-27T01:06:44.6372220Z 2026-08-27 01:06:42.390 appintentsmetadataprocessor[5818:21730] Extracted no relevant App Intents symbols, skipping writing output
2026-08-27T01:06:44.6475030Z 
2026-08-27T01:06:44.6594270Z ExtractAppIntentsMetadata (in target 'TallyDomain' from project 'TallyPackages')
2026-08-27T01:06:44.6694190Z     cd /Users/runner/work/Tally/Tally
2026-08-27T01:06:44.6800930Z     /Applications/Xcode_16.4.app/Contents/Developer/Toolchains/XcodeDefault.xctoolchain/usr/bin/appintentsmetadataprocessor --toolchain-dir /Applications/Xcode_16.4.app/Contents/Developer/Toolchains/XcodeDefault.xctoolchain --module-name TallyDomain --sdk-root /Applications/Xcode_16.4.app/Contents/Developer/Platforms/iPhoneOS.platform/Developer/SDKs/iPhoneOS18.5.sdk --xcode-version 16F6 --platform-family iOS --deployment-target 17.0 --bundle-identifier tally.TallyDomain --output /Users/runner/work/Tally/Tally/build/Build/Products/Debug-iphoneos/TallyDomain.appintents --target-triple arm64-apple-ios17.0 --binary-file /Users/runner/work/Tally/Tally/build/Build/Products/Debug-iphoneos/TallyDomain.o --dependency-file /Users/runner/work/Tally/Tally/build/Build/Intermediates.noindex/TallyPackages.build/Debug-iphoneos/TallyDomain.build/Objects-normal/arm64/TallyDomain_dependency_info.dat --stringsdata-file /Users/runner/work/Tally/Tally/build/Build/Intermediates.noindex/TallyPackages.build/Debug-iphoneos/TallyDomain.build/Objects-normal/arm64/ExtractedAppShortcutsMetadata.stringsdata --source-file-list /Users/runner/work/Tally/Tally/build/Build/Intermediates.noindex/TallyPackages.build/Debug-iphoneos/TallyDomain.build/Objects-normal/arm64/TallyDomain.SwiftFileList --metadata-file-list /Users/runner/work/Tally/Tally/build/Build/Intermediates.noindex/TallyPackages.build/Debug-iphoneos/TallyDomain.build/TallyDomain.DependencyMetadataFileList --static-metadata-file-list /Users/runner/work/Tally/Tally/build/Build/Intermediates.noindex/TallyPackages.build/Debug-iphoneos/TallyDomain.build/TallyDomain.DependencyStaticMetadataFileList --swift-const-vals-list /Users/runner/work/Tally/Tally/build/Build/Intermediates.noindex/TallyPackages.build/Debug-iphoneos/TallyDomain.build/Objects-normal/arm64/TallyDomain.SwiftConstValuesFileList --force --compile-time-extraction --deployment-aware-processing --validate-assistant-intents --no-app-shortcuts-localization
2026-08-27T01:06:44.6897300Z 2026-08-27 01:06:42.405 appintentsmetadataprocessor[5819:21733] Starting appintentsmetadataprocessor export
2026-08-27T01:06:44.6997570Z 2026-08-27 01:06:42.440 appintentsmetadataprocessor[5819:21733] Extracted no relevant App Intents symbols, skipping writing output
2026-08-27T01:06:44.7111120Z 
2026-08-27T01:06:44.7212280Z SwiftDriver TallyNotifications normal arm64 com.apple.xcode.tools.swift.compiler (in target 'TallyNotifications' from project 'TallyPackages')
2026-08-27T01:06:44.7313530Z     cd /Users/runner/work/Tally/Tally/apps/TallyiOS/TallyApp.xcodeproj
2026-08-27T01:06:44.7425670Z     builtin-SwiftDriver -- /Applications/Xcode_16.4.app/Contents/Developer/Toolchains/XcodeDefault.xctoolchain/usr/bin/swiftc -module-name TallyNotifications -Onone -enforce-exclusivity\=checked @/Users/runner/work/Tally/Tally/build/Build/Intermediates.noindex/TallyPackages.build/Debug-iphoneos/TallyNotifications.build/Objects-normal/arm64/TallyNotifications.SwiftFileList -DSWIFT_PACKAGE -DDEBUG -DXcode -plugin-path /Applications/Xcode_16.4.app/Contents/Developer/Toolchains/XcodeDefault.xctoolchain/usr/lib/swift/host/plugins/testing -enable-experimental-feature DebugDescriptionMacro -sdk /Applications/Xcode_16.4.app/Contents/Developer/Platforms/iPhoneOS.platform/Developer/SDKs/iPhoneOS18.5.sdk -target arm64-apple-ios17.0 -g -module-cache-path /Users/runner/work/Tally/Tally/build/ModuleCache.noindex -Xfrontend -serialize-debugging-options -enable-testing -index-store-path /Users/runner/work/Tally/Tally/build/Index.noindex/DataStore -swift-version 5 -I /Users/runner/work/Tally/Tally/build/Build/Products/Debug-iphoneos -I /Applications/Xcode_16.4.app/Contents/Developer/Platforms/iPhoneOS.platform/Developer/usr/lib -F /Users/runner/work/Tally/Tally/build/Build/Products/Debug-iphoneos/PackageFrameworks -F /Users/runner/work/Tally/Tally/build/Build/Products/Debug-iphoneos/PackageFrameworks -F /Users/runner/work/Tally/Tally/build/Build/Products/Debug-iphoneos -F /Applications/Xcode_16.4.app/Contents/Developer/Platforms/iPhoneOS.platform/Developer/Library/Frameworks -F /Applications/Xcode_16.4.app/Contents/Developer/Platforms/iPhoneOS.platform/Developer/SDKs/iPhoneOS18.5.sdk/Developer/Library/Frameworks -c -j3 -enable-batch-mode -incremental -Xcc -ivfsstatcache -Xcc /Users/runner/work/Tally/Tally/build/SDKStatCaches.noindex/iphoneos18.5-22F76-a529daf784b3616c7c04a36aeb7f5c05.sdkstatcache -output-file-map /Users/runner/work/Tally/Tally/build/Build/Intermediates.noindex/TallyPackages.build/Debug-iphoneos/TallyNotifications.build/Objects-normal/arm64/TallyNotifications-OutputFileMap.json -use-frontend-parseable-output -save-temps -no-color-diagnostics -serialize-diagnostics -emit-dependencies -emit-module -emit-module-path /Users/runner/work/Tally/Tally/build/Build/Intermediates.noindex/TallyPackages.build/Debug-iphoneos/TallyNotifications.build/Objects-normal/arm64/TallyNotifications.swiftmodule -validate-clang-modules-once -clang-build-session-file /Users/runner/work/Tally/Tally/build/ModuleCache.noindex/Session.modulevalidation -package-name tally -Xcc -I/Users/runner/work/Tally/Tally/build/Build/Intermediates.noindex/TallyPackages.build/Debug-iphoneos/TallyNotifications.build/swift-overrides.hmap -emit-const-values -Xfrontend -const-gather-protocols-file -Xfrontend /Users/runner/work/Tally/Tally/build/Build/Intermediates.noindex/TallyPackages.build/Debug-iphoneos/TallyNotifications.build/Objects-normal/arm64/TallyNotifications_const_extract_protocols.json -Xcc -I/Users/runner/work/Tally/Tally/build/Build/Products/Debug-iphoneos/include -Xcc -I/Users/runner/work/Tally/Tally/build/Build/Intermediates.noindex/TallyPackages.build/Debug-iphoneos/TallyNotifications.build/DerivedSources-normal/arm64 -Xcc -I/Users/runner/work/Tally/Tally/build/Build/Intermediates.noindex/TallyPackages.build/Debug-iphoneos/TallyNotifications.build/DerivedSources/arm64 -Xcc -I/Users/runner/work/Tally/Tally/build/Build/Intermediates.noindex/TallyPackages.build/Debug-iphoneos/TallyNotifications.build/DerivedSources -Xcc -DSWIFT_PACKAGE -Xcc -DDEBUG\=1 -emit-objc-header -emit-objc-header-path /Users/runner/work/Tally/Tally/build/Build/Intermediates.noindex/TallyPackages.build/Debug-iphoneos/TallyNotifications.build/Objects-normal/arm64/TallyNotifications-Swift.h -working-directory /Users/runner/work/Tally/Tally/apps/TallyiOS/TallyApp.xcodeproj -experimental-emit-module-separately -disable-cmo
2026-08-27T01:06:44.7513850Z 
2026-08-27T01:06:44.7621980Z SwiftEmitModule normal arm64 Emitting\ module\ for\ TallyNotifications (in target 'TallyNotifications' from project 'TallyPackages')
2026-08-27T01:06:44.7722830Z 
2026-08-27T01:06:44.7823650Z EmitSwiftModule normal arm64 (in target 'TallyNotifications' from project 'TallyPackages')
2026-08-27T01:06:44.7951610Z     cd /Users/runner/work/Tally/Tally/apps/TallyiOS/TallyApp.xcodeproj
2026-08-27T01:06:44.8062750Z     
2026-08-27T01:06:44.8192860Z 
2026-08-27T01:06:44.8302000Z SwiftDriver TallyCanvasKit normal arm64 com.apple.xcode.tools.swift.compiler (in target 'TallyCanvasKit' from project 'TallyPackages')
2026-08-27T01:06:44.8302650Z     cd /Users/runner/work/Tally/Tally/apps/TallyiOS/TallyApp.xcodeproj
2026-08-27T01:06:44.8314450Z     builtin-SwiftDriver -- /Applications/Xcode_16.4.app/Contents/Developer/Toolchains/XcodeDefault.xctoolchain/usr/bin/swiftc -module-name TallyCanvasKit -Onone -enforce-exclusivity\=checked @/Users/runner/work/Tally/Tally/build/Build/Intermediates.noindex/TallyPackages.build/Debug-iphoneos/TallyCanvasKit.build/Objects-normal/arm64/TallyCanvasKit.SwiftFileList -DSWIFT_PACKAGE -DDEBUG -DXcode -plugin-path /Applications/Xcode_16.4.app/Contents/Developer/Toolchains/XcodeDefault.xctoolchain/usr/lib/swift/host/plugins/testing -enable-experimental-feature DebugDescriptionMacro -sdk /Applications/Xcode_16.4.app/Contents/Developer/Platforms/iPhoneOS.platform/Developer/SDKs/iPhoneOS18.5.sdk -target arm64-apple-ios17.0 -g -module-cache-path /Users/runner/work/Tally/Tally/build/ModuleCache.noindex -Xfrontend -serialize-debugging-options -enable-testing -index-store-path /Users/runner/work/Tally/Tally/build/Index.noindex/DataStore -swift-version 5 -I /Users/runner/work/Tally/Tally/build/Build/Products/Debug-iphoneos -I /Applications/Xcode_16.4.app/Contents/Developer/Platforms/iPhoneOS.platform/Developer/usr/lib -F /Users/runner/work/Tally/Tally/build/Build/Products/Debug-iphoneos/PackageFrameworks -F /Users/runner/work/Tally/Tally/build/Build/Products/Debug-iphoneos/PackageFrameworks -F /Users/runner/work/Tally/Tally/build/Build/Products/Debug-iphoneos/PackageFrameworks -F /Users/runner/work/Tally/Tally/build/Build/Products/Debug-iphoneos -F /Applications/Xcode_16.4.app/Contents/Developer/Platforms/iPhoneOS.platform/Developer/Library/Frameworks -F /Applications/Xcode_16.4.app/Contents/Developer/Platforms/iPhoneOS.platform/Developer/SDKs/iPhoneOS18.5.sdk/Developer/Library/Frameworks -c -j3 -enable-batch-mode -incremental -Xcc -ivfsstatcache -Xcc /Users/runner/work/Tally/Tally/build/SDKStatCaches.noindex/iphoneos18.5-22F76-a529daf784b3616c7c04a36aeb7f5c05.sdkstatcache -output-file-map /Users/runner/work/Tally/Tally/build/Build/Intermediates.noindex/TallyPackages.build/Debug-iphoneos/TallyCanvasKit.build/Objects-normal/arm64/TallyCanvasKit-OutputFileMap.json -use-frontend-parseable-output -save-temps -no-color-diagnostics -serialize-diagnostics -emit-dependencies -emit-module -emit-module-path /Users/runner/work/Tally/Tally/build/Build/Intermediates.noindex/TallyPackages.build/Debug-iphoneos/TallyCanvasKit.build/Objects-normal/arm64/TallyCanvasKit.swiftmodule -validate-clang-modules-once -clang-build-session-file /Users/runner/work/Tally/Tally/build/ModuleCache.noindex/Session.modulevalidation -package-name tally -Xcc -I/Users/runner/work/Tally/Tally/build/Build/Intermediates.noindex/TallyPackages.build/Debug-iphoneos/TallyCanvasKit.build/swift-overrides.hmap -emit-const-values -Xfrontend -const-gather-protocols-file -Xfrontend /Users/runner/work/Tally/Tally/build/Build/Intermediates.noindex/TallyPackages.build/Debug-iphoneos/TallyCanvasKit.build/Objects-normal/arm64/TallyCanvasKit_const_extract_protocols.json -Xcc -I/Users/runner/work/Tally/Tally/build/Build/Products/Debug-iphoneos/include -Xcc -I/Users/runner/work/Tally/Tally/build/Build/Intermediates.noindex/TallyPackages.build/Debug-iphoneos/TallyCanvasKit.build/DerivedSources-normal/arm64 -Xcc -I/Users/runner/work/Tally/Tally/build/Build/Intermediates.noindex/TallyPackages.build/Debug-iphoneos/TallyCanvasKit.build/DerivedSources/arm64 -Xcc -I/Users/runner/work/Tally/Tally/build/Build/Intermediates.noindex/TallyPackages.build/Debug-iphoneos/TallyCanvasKit.build/DerivedSources -Xcc -DSWIFT_PACKAGE -Xcc -DDEBUG\=1 -emit-objc-header -emit-objc-header-path /Users/runner/work/Tally/Tally/build/Build/Intermediates.noindex/TallyPackages.build/Debug-iphoneos/TallyCanvasKit.build/Objects-normal/arm64/TallyCanvasKit-Swift.h -working-directory /Users/runner/work/Tally/Tally/apps/TallyiOS/TallyApp.xcodeproj -experimental-emit-module-separately -disable-cmo
2026-08-27T01:06:44.8427880Z 
2026-08-27T01:06:44.8529690Z SwiftDriverJobDiscovery normal arm64 Emitting module for TallyNotifications (in target 'TallyNotifications' from project 'TallyPackages')
2026-08-27T01:06:44.8636110Z 
2026-08-27T01:06:44.8741670Z SwiftDriver\ Compilation\ Requirements TallyNotifications normal arm64 com.apple.xcode.tools.swift.compiler (in target 'TallyNotifications' from project 'TallyPackages')
2026-08-27T01:06:44.8864940Z     cd /Users/runner/work/Tally/Tally/apps/TallyiOS/TallyApp.xcodeproj
2026-08-27T01:06:44.8982000Z     builtin-Swift-Compilation-Requirements -- /Applications/Xcode_16.4.app/Contents/Developer/Toolchains/XcodeDefault.xctoolchain/usr/bin/swiftc -module-name TallyNotifications -Onone -enforce-exclusivity\=checked @/Users/runner/work/Tally/Tally/build/Build/Intermediates.noindex/TallyPackages.build/Debug-iphoneos/TallyNotifications.build/Objects-normal/arm64/TallyNotifications.SwiftFileList -DSWIFT_PACKAGE -DDEBUG -DXcode -plugin-path /Applications/Xcode_16.4.app/Contents/Developer/Toolchains/XcodeDefault.xctoolchain/usr/lib/swift/host/plugins/testing -enable-experimental-feature DebugDescriptionMacro -sdk /Applications/Xcode_16.4.app/Contents/Developer/Platforms/iPhoneOS.platform/Developer/SDKs/iPhoneOS18.5.sdk -target arm64-apple-ios17.0 -g -module-cache-path /Users/runner/work/Tally/Tally/build/ModuleCache.noindex -Xfrontend -serialize-debugging-options -enable-testing -index-store-path /Users/runner/work/Tally/Tally/build/Index.noindex/DataStore -swift-version 5 -I /Users/runner/work/Tally/Tally/build/Build/Products/Debug-iphoneos -I /Applications/Xcode_16.4.app/Contents/Developer/Platforms/iPhoneOS.platform/Developer/usr/lib -F /Users/runner/work/Tally/Tally/build/Build/Products/Debug-iphoneos/PackageFrameworks -F /Users/runner/work/Tally/Tally/build/Build/Products/Debug-iphoneos/PackageFrameworks -F /Users/runner/work/Tally/Tally/build/Build/Products/Debug-iphoneos -F /Applications/Xcode_16.4.app/Contents/Developer/Platforms/iPhoneOS.platform/Developer/Library/Frameworks -F /Applications/Xcode_16.4.app/Contents/Developer/Platforms/iPhoneOS.platform/Developer/SDKs/iPhoneOS18.5.sdk/Developer/Library/Frameworks -c -j3 -enable-batch-mode -incremental -Xcc -ivfsstatcache -Xcc /Users/runner/work/Tally/Tally/build/SDKStatCaches.noindex/iphoneos18.5-22F76-a529daf784b3616c7c04a36aeb7f5c05.sdkstatcache -output-file-map /Users/runner/work/Tally/Tally/build/Build/Intermediates.noindex/TallyPackages.build/Debug-iphoneos/TallyNotifications.build/Objects-normal/arm64/TallyNotifications-OutputFileMap.json -use-frontend-parseable-output -save-temps -no-color-diagnostics -serialize-diagnostics -emit-dependencies -emit-module -emit-module-path /Users/runner/work/Tally/Tally/build/Build/Intermediates.noindex/TallyPackages.build/Debug-iphoneos/TallyNotifications.build/Objects-normal/arm64/TallyNotifications.swiftmodule -validate-clang-modules-once -clang-build-session-file /Users/runner/work/Tally/Tally/build/ModuleCache.noindex/Session.modulevalidation -package-name tally -Xcc -I/Users/runner/work/Tally/Tally/build/Build/Intermediates.noindex/TallyPackages.build/Debug-iphoneos/TallyNotifications.build/swift-overrides.hmap -emit-const-values -Xfrontend -const-gather-protocols-file -Xfrontend /Users/runner/work/Tally/Tally/build/Build/Intermediates.noindex/TallyPackages.build/Debug-iphoneos/TallyNotifications.build/Objects-normal/arm64/TallyNotifications_const_extract_protocols.json -Xcc -I/Users/runner/work/Tally/Tally/build/Build/Products/Debug-iphoneos/include -Xcc -I/Users/runner/work/Tally/Tally/build/Build/Intermediates.noindex/TallyPackages.build/Debug-iphoneos/TallyNotifications.build/DerivedSources-normal/arm64 -Xcc -I/Users/runner/work/Tally/Tally/build/Build/Intermediates.noindex/TallyPackages.build/Debug-iphoneos/TallyNotifications.build/DerivedSources/arm64 -Xcc -I/Users/runner/work/Tally/Tally/build/Build/Intermediates.noindex/TallyPackages.build/Debug-iphoneos/TallyNotifications.build/DerivedSources -Xcc -DSWIFT_PACKAGE -Xcc -DDEBUG\=1 -emit-objc-header -emit-objc-header-path /Users/runner/work/Tally/Tally/build/Build/Intermediates.noindex/TallyPackages.build/Debug-iphoneos/TallyNotifications.build/Objects-normal/arm64/TallyNotifications-Swift.h -working-directory /Users/runner/work/Tally/Tally/apps/TallyiOS/TallyApp.xcodeproj -experimental-emit-module-separately -disable-cmo
2026-08-27T01:06:44.9070170Z 
2026-08-27T01:06:44.9175590Z SwiftEmitModule normal arm64 Emitting\ module\ for\ TallyCanvasKit (in target 'TallyCanvasKit' from project 'TallyPackages')
2026-08-27T01:06:44.9276270Z 
2026-08-27T01:06:44.9378700Z EmitSwiftModule normal arm64 (in target 'TallyCanvasKit' from project 'TallyPackages')
2026-08-27T01:06:44.9480370Z     cd /Users/runner/work/Tally/Tally/apps/TallyiOS/TallyApp.xcodeproj
2026-08-27T01:06:44.9582500Z     
2026-08-27T01:06:44.9686990Z 
2026-08-27T01:06:44.9802700Z SwiftMergeGeneratedHeaders /Users/runner/work/Tally/Tally/build/Build/Intermediates.noindex/GeneratedModuleMaps-iphoneos/TallyNotifications-Swift.h /Users/runner/work/Tally/Tally/build/Build/Intermediates.noindex/TallyPackages.build/Debug-iphoneos/TallyNotifications.build/Objects-normal/arm64/TallyNotifications-Swift.h (in target 'TallyNotifications' from project 'TallyPackages')
2026-08-27T01:06:44.9904540Z     cd /Users/runner/work/Tally/Tally
2026-08-27T01:06:45.0006080Z     builtin-swiftHeaderTool -arch arm64 /Users/runner/work/Tally/Tally/build/Build/Intermediates.noindex/TallyPackages.build/Debug-iphoneos/TallyNotifications.build/Objects-normal/arm64/TallyNotifications-Swift.h -o /Users/runner/work/Tally/Tally/build/Build/Intermediates.noindex/GeneratedModuleMaps-iphoneos/TallyNotifications-Swift.h
2026-08-27T01:06:45.0113000Z 
2026-08-27T01:06:45.0235990Z SwiftDriverJobDiscovery normal arm64 Emitting module for TallyCanvasKit (in target 'TallyCanvasKit' from project 'TallyPackages')
2026-08-27T01:06:45.0362050Z 
2026-08-27T01:06:45.0463840Z Copy /Users/runner/work/Tally/Tally/build/Build/Products/Debug-iphoneos/TallyNotifications.swiftmodule/arm64-apple-ios.swiftmodule /Users/runner/work/Tally/Tally/build/Build/Intermediates.noindex/TallyPackages.build/Debug-iphoneos/TallyNotifications.build/Objects-normal/arm64/TallyNotifications.swiftmodule (in target 'TallyNotifications' from project 'TallyPackages')
2026-08-27T01:06:45.0566160Z     cd /Users/runner/work/Tally/Tally
2026-08-27T01:06:45.0693550Z     builtin-copy -exclude .DS_Store -exclude CVS -exclude .svn -exclude .git -exclude .hg -resolve-src-symlinks -rename /Users/runner/work/Tally/Tally/build/Build/Intermediates.noindex/TallyPackages.build/Debug-iphoneos/TallyNotifications.build/Objects-normal/arm64/TallyNotifications.swiftmodule /Users/runner/work/Tally/Tally/build/Build/Products/Debug-iphoneos/TallyNotifications.swiftmodule/arm64-apple-ios.swiftmodule
2026-08-27T01:06:45.0799240Z 
2026-08-27T01:06:45.0905460Z Copy /Users/runner/work/Tally/Tally/build/Build/Products/Debug-iphoneos/TallyNotifications.swiftmodule/arm64-apple-ios.swiftdoc /Users/runner/work/Tally/Tally/build/Build/Intermediates.noindex/TallyPackages.build/Debug-iphoneos/TallyNotifications.build/Objects-normal/arm64/TallyNotifications.swiftdoc (in target 'TallyNotifications' from project 'TallyPackages')
2026-08-27T01:06:45.1014160Z     cd /Users/runner/work/Tally/Tally
2026-08-27T01:06:45.1130830Z     builtin-copy -exclude .DS_Store -exclude CVS -exclude .svn -exclude .git -exclude .hg -resolve-src-symlinks -rename /Users/runner/work/Tally/Tally/build/Build/Intermediates.noindex/TallyPackages.build/Debug-iphoneos/TallyNotifications.build/Objects-normal/arm64/TallyNotifications.swiftdoc /Users/runner/work/Tally/Tally/build/Build/Products/Debug-iphoneos/TallyNotifications.swiftmodule/arm64-apple-ios.swiftdoc
2026-08-27T01:06:45.1239940Z 
2026-08-27T01:06:45.1365950Z Copy /Users/runner/work/Tally/Tally/build/Build/Products/Debug-iphoneos/TallyNotifications.swiftmodule/arm64-apple-ios.abi.json /Users/runner/work/Tally/Tally/build/Build/Intermediates.noindex/TallyPackages.build/Debug-iphoneos/TallyNotifications.build/Objects-normal/arm64/TallyNotifications.abi.json (in target 'TallyNotifications' from project 'TallyPackages')
2026-08-27T01:06:45.1492320Z     cd /Users/runner/work/Tally/Tally
2026-08-27T01:06:45.1623050Z     builtin-copy -exclude .DS_Store -exclude CVS -exclude .svn -exclude .git -exclude .hg -resolve-src-symlinks -rename /Users/runner/work/Tally/Tally/build/Build/Intermediates.noindex/TallyPackages.build/Debug-iphoneos/TallyNotifications.build/Objects-normal/arm64/TallyNotifications.abi.json /Users/runner/work/Tally/Tally/build/Build/Products/Debug-iphoneos/TallyNotifications.swiftmodule/arm64-apple-ios.abi.json
2026-08-27T01:06:45.1724970Z 
2026-08-27T01:06:45.1826970Z Copy /Users/runner/work/Tally/Tally/build/Build/Products/Debug-iphoneos/TallyNotifications.swiftmodule/Project/arm64-apple-ios.swiftsourceinfo /Users/runner/work/Tally/Tally/build/Build/Intermediates.noindex/TallyPackages.build/Debug-iphoneos/TallyNotifications.build/Objects-normal/arm64/TallyNotifications.swiftsourceinfo (in target 'TallyNotifications' from project 'TallyPackages')
2026-08-27T01:06:45.1929370Z     cd /Users/runner/work/Tally/Tally
2026-08-27T01:06:45.2031410Z     builtin-copy -exclude .DS_Store -exclude CVS -exclude .svn -exclude .git -exclude .hg -resolve-src-symlinks -rename /Users/runner/work/Tally/Tally/build/Build/Intermediates.noindex/TallyPackages.build/Debug-iphoneos/TallyNotifications.build/Objects-normal/arm64/TallyNotifications.swiftsourceinfo /Users/runner/work/Tally/Tally/build/Build/Products/Debug-iphoneos/TallyNotifications.swiftmodule/Project/arm64-apple-ios.swiftsourceinfo
2026-08-27T01:06:45.2133160Z 
2026-08-27T01:06:45.2234330Z SwiftDriver\ Compilation\ Requirements TallyCanvasKit normal arm64 com.apple.xcode.tools.swift.compiler (in target 'TallyCanvasKit' from project 'TallyPackages')
2026-08-27T01:06:45.2335770Z     cd /Users/runner/work/Tally/Tally/apps/TallyiOS/TallyApp.xcodeproj
2026-08-27T01:06:45.2448450Z     builtin-Swift-Compilation-Requirements -- /Applications/Xcode_16.4.app/Contents/Developer/Toolchains/XcodeDefault.xctoolchain/usr/bin/swiftc -module-name TallyCanvasKit -Onone -enforce-exclusivity\=checked @/Users/runner/work/Tally/Tally/build/Build/Intermediates.noindex/TallyPackages.build/Debug-iphoneos/TallyCanvasKit.build/Objects-normal/arm64/TallyCanvasKit.SwiftFileList -DSWIFT_PACKAGE -DDEBUG -DXcode -plugin-path /Applications/Xcode_16.4.app/Contents/Developer/Toolchains/XcodeDefault.xctoolchain/usr/lib/swift/host/plugins/testing -enable-experimental-feature DebugDescriptionMacro -sdk /Applications/Xcode_16.4.app/Contents/Developer/Platforms/iPhoneOS.platform/Developer/SDKs/iPhoneOS18.5.sdk -target arm64-apple-ios17.0 -g -module-cache-path /Users/runner/work/Tally/Tally/build/ModuleCache.noindex -Xfrontend -serialize-debugging-options -enable-testing -index-store-path /Users/runner/work/Tally/Tally/build/Index.noindex/DataStore -swift-version 5 -I /Users/runner/work/Tally/Tally/build/Build/Products/Debug-iphoneos -I /Applications/Xcode_16.4.app/Contents/Developer/Platforms/iPhoneOS.platform/Developer/usr/lib -F /Users/runner/work/Tally/Tally/build/Build/Products/Debug-iphoneos/PackageFrameworks -F /Users/runner/work/Tally/Tally/build/Build/Products/Debug-iphoneos/PackageFrameworks -F /Users/runner/work/Tally/Tally/build/Build/Products/Debug-iphoneos/PackageFrameworks -F /Users/runner/work/Tally/Tally/build/Build/Products/Debug-iphoneos -F /Applications/Xcode_16.4.app/Contents/Developer/Platforms/iPhoneOS.platform/Developer/Library/Frameworks -F /Applications/Xcode_16.4.app/Contents/Developer/Platforms/iPhoneOS.platform/Developer/SDKs/iPhoneOS18.5.sdk/Developer/Library/Frameworks -c -j3 -enable-batch-mode -incremental -Xcc -ivfsstatcache -Xcc /Users/runner/work/Tally/Tally/build/SDKStatCaches.noindex/iphoneos18.5-22F76-a529daf784b3616c7c04a36aeb7f5c05.sdkstatcache -output-file-map /Users/runner/work/Tally/Tally/build/Build/Intermediates.noindex/TallyPackages.build/Debug-iphoneos/TallyCanvasKit.build/Objects-normal/arm64/TallyCanvasKit-OutputFileMap.json -use-frontend-parseable-output -save-temps -no-color-diagnostics -serialize-diagnostics -emit-dependencies -emit-module -emit-module-path /Users/runner/work/Tally/Tally/build/Build/Intermediates.noindex/TallyPackages.build/Debug-iphoneos/TallyCanvasKit.build/Objects-normal/arm64/TallyCanvasKit.swiftmodule -validate-clang-modules-once -clang-build-session-file /Users/runner/work/Tally/Tally/build/ModuleCache.noindex/Session.modulevalidation -package-name tally -Xcc -I/Users/runner/work/Tally/Tally/build/Build/Intermediates.noindex/TallyPackages.build/Debug-iphoneos/TallyCanvasKit.build/swift-overrides.hmap -emit-const-values -Xfrontend -const-gather-protocols-file -Xfrontend /Users/runner/work/Tally/Tally/build/Build/Intermediates.noindex/TallyPackages.build/Debug-iphoneos/TallyCanvasKit.build/Objects-normal/arm64/TallyCanvasKit_const_extract_protocols.json -Xcc -I/Users/runner/work/Tally/Tally/build/Build/Products/Debug-iphoneos/include -Xcc -I/Users/runner/work/Tally/Tally/build/Build/Intermediates.noindex/TallyPackages.build/Debug-iphoneos/TallyCanvasKit.build/DerivedSources-normal/arm64 -Xcc -I/Users/runner/work/Tally/Tally/build/Build/Intermediates.noindex/TallyPackages.build/Debug-iphoneos/TallyCanvasKit.build/DerivedSources/arm64 -Xcc -I/Users/runner/work/Tally/Tally/build/Build/Intermediates.noindex/TallyPackages.build/Debug-iphoneos/TallyCanvasKit.build/DerivedSources -Xcc -DSWIFT_PACKAGE -Xcc -DDEBUG\=1 -emit-objc-header -emit-objc-header-path /Users/runner/work/Tally/Tally/build/Build/Intermediates.noindex/TallyPackages.build/Debug-iphoneos/TallyCanvasKit.build/Objects-normal/arm64/TallyCanvasKit-Swift.h -working-directory /Users/runner/work/Tally/Tally/apps/TallyiOS/TallyApp.xcodeproj -experimental-emit-module-separately -disable-cmo
2026-08-27T01:06:45.2566070Z 
2026-08-27T01:06:45.2566680Z SwiftDriver TallyCalendarSync normal arm64 com.apple.xcode.tools.swift.compiler (in target 'TallyCalendarSync' from project 'TallyPackages')
2026-08-27T01:06:45.2567430Z     cd /Users/runner/work/Tally/Tally/apps/TallyiOS/TallyApp.xcodeproj
2026-08-27T01:06:45.2679610Z     builtin-SwiftDriver -- /Applications/Xcode_16.4.app/Contents/Developer/Toolchains/XcodeDefault.xctoolchain/usr/bin/swiftc -module-name TallyCalendarSync -Onone -enforce-exclusivity\=checked @/Users/runner/work/Tally/Tally/build/Build/Intermediates.noindex/TallyPackages.build/Debug-iphoneos/TallyCalendarSync.build/Objects-normal/arm64/TallyCalendarSync.SwiftFileList -DSWIFT_PACKAGE -DDEBUG -DXcode -plugin-path /Applications/Xcode_16.4.app/Contents/Developer/Toolchains/XcodeDefault.xctoolchain/usr/lib/swift/host/plugins/testing -enable-experimental-feature DebugDescriptionMacro -sdk /Applications/Xcode_16.4.app/Contents/Developer/Platforms/iPhoneOS.platform/Developer/SDKs/iPhoneOS18.5.sdk -target arm64-apple-ios17.0 -g -module-cache-path /Users/runner/work/Tally/Tally/build/ModuleCache.noindex -Xfrontend -serialize-debugging-options -enable-testing -index-store-path /Users/runner/work/Tally/Tally/build/Index.noindex/DataStore -swift-version 5 -I /Users/runner/work/Tally/Tally/build/Build/Products/Debug-iphoneos -I /Applications/Xcode_16.4.app/Contents/Developer/Platforms/iPhoneOS.platform/Developer/usr/lib -F /Users/runner/work/Tally/Tally/build/Build/Products/Debug-iphoneos/PackageFrameworks -F /Users/runner/work/Tally/Tally/build/Build/Products/Debug-iphoneos/PackageFrameworks -F /Users/runner/work/Tally/Tally/build/Build/Products/Debug-iphoneos -F /Applications/Xcode_16.4.app/Contents/Developer/Platforms/iPhoneOS.platform/Developer/Library/Frameworks -F /Applications/Xcode_16.4.app/Contents/Developer/Platforms/iPhoneOS.platform/Developer/SDKs/iPhoneOS18.5.sdk/Developer/Library/Frameworks -c -j3 -enable-batch-mode -incremental -Xcc -ivfsstatcache -Xcc /Users/runner/work/Tally/Tally/build/SDKStatCaches.noindex/iphoneos18.5-22F76-a529daf784b3616c7c04a36aeb7f5c05.sdkstatcache -output-file-map /Users/runner/work/Tally/Tally/build/Build/Intermediates.noindex/TallyPackages.build/Debug-iphoneos/TallyCalendarSync.build/Objects-normal/arm64/TallyCalendarSync-OutputFileMap.json -use-frontend-parseable-output -save-temps -no-color-diagnostics -serialize-diagnostics -emit-dependencies -emit-module -emit-module-path /Users/runner/work/Tally/Tally/build/Build/Intermediates.noindex/TallyPackages.build/Debug-iphoneos/TallyCalendarSync.build/Objects-normal/arm64/TallyCalendarSync.swiftmodule -validate-clang-modules-once -clang-build-session-file /Users/runner/work/Tally/Tally/build/ModuleCache.noindex/Session.modulevalidation -package-name tally -Xcc -I/Users/runner/work/Tally/Tally/build/Build/Intermediates.noindex/TallyPackages.build/Debug-iphoneos/TallyCalendarSync.build/swift-overrides.hmap -emit-const-values -Xfrontend -const-gather-protocols-file -Xfrontend /Users/runner/work/Tally/Tally/build/Build/Intermediates.noindex/TallyPackages.build/Debug-iphoneos/TallyCalendarSync.build/Objects-normal/arm64/TallyCalendarSync_const_extract_protocols.json -Xcc -I/Users/runner/work/Tally/Tally/build/Build/Products/Debug-iphoneos/include -Xcc -I/Users/runner/work/Tally/Tally/build/Build/Intermediates.noindex/TallyPackages.build/Debug-iphoneos/TallyCalendarSync.build/DerivedSources-normal/arm64 -Xcc -I/Users/runner/work/Tally/Tally/build/Build/Intermediates.noindex/TallyPackages.build/Debug-iphoneos/TallyCalendarSync.build/DerivedSources/arm64 -Xcc -I/Users/runner/work/Tally/Tally/build/Build/Intermediates.noindex/TallyPackages.build/Debug-iphoneos/TallyCalendarSync.build/DerivedSources -Xcc -DSWIFT_PACKAGE -Xcc -DDEBUG\=1 -emit-objc-header -emit-objc-header-path /Users/runner/work/Tally/Tally/build/Build/Intermediates.noindex/TallyPackages.build/Debug-iphoneos/TallyCalendarSync.build/Objects-normal/arm64/TallyCalendarSync-Swift.h -working-directory /Users/runner/work/Tally/Tally/apps/TallyiOS/TallyApp.xcodeproj -experimental-emit-module-separately -disable-cmo
2026-08-27T01:06:45.2793810Z 
2026-08-27T01:06:45.2869690Z SwiftMergeGeneratedHeaders /Users/runner/work/Tally/Tally/build/Build/Intermediates.noindex/GeneratedModuleMaps-iphoneos/TallyCanvasKit-Swift.h /Users/runner/work/Tally/Tally/build/Build/Intermediates.noindex/TallyPackages.build/Debug-iphoneos/TallyCanvasKit.build/Objects-normal/arm64/TallyCanvasKit-Swift.h (in target 'TallyCanvasKit' from project 'TallyPackages')
2026-08-27T01:06:45.2977860Z     cd /Users/runner/work/Tally/Tally
2026-08-27T01:06:45.3080590Z     builtin-swiftHeaderTool -arch arm64 /Users/runner/work/Tally/Tally/build/Build/Intermediates.noindex/TallyPackages.build/Debug-iphoneos/TallyCanvasKit.build/Objects-normal/arm64/TallyCanvasKit-Swift.h -o /Users/runner/work/Tally/Tally/build/Build/Intermediates.noindex/GeneratedModuleMaps-iphoneos/TallyCanvasKit-Swift.h
2026-08-27T01:06:45.3182210Z 
2026-08-27T01:06:45.3290830Z Copy /Users/runner/work/Tally/Tally/build/Build/Products/Debug-iphoneos/TallyCanvasKit.swiftmodule/arm64-apple-ios.swiftmodule /Users/runner/work/Tally/Tally/build/Build/Intermediates.noindex/TallyPackages.build/Debug-iphoneos/TallyCanvasKit.build/Objects-normal/arm64/TallyCanvasKit.swiftmodule (in target 'TallyCanvasKit' from project 'TallyPackages')
2026-08-27T01:06:45.3394630Z     cd /Users/runner/work/Tally/Tally
2026-08-27T01:06:45.3496980Z     builtin-copy -exclude .DS_Store -exclude CVS -exclude .svn -exclude .git -exclude .hg -resolve-src-symlinks -rename /Users/runner/work/Tally/Tally/build/Build/Intermediates.noindex/TallyPackages.build/Debug-iphoneos/TallyCanvasKit.build/Objects-normal/arm64/TallyCanvasKit.swiftmodule /Users/runner/work/Tally/Tally/build/Build/Products/Debug-iphoneos/TallyCanvasKit.swiftmodule/arm64-apple-ios.swiftmodule
2026-08-27T01:06:45.3596680Z 
2026-08-27T01:06:45.3698380Z Copy /Users/runner/work/Tally/Tally/build/Build/Products/Debug-iphoneos/TallyCanvasKit.swiftmodule/arm64-apple-ios.swiftdoc /Users/runner/work/Tally/Tally/build/Build/Intermediates.noindex/TallyPackages.build/Debug-iphoneos/TallyCanvasKit.build/Objects-normal/arm64/TallyCanvasKit.swiftdoc (in target 'TallyCanvasKit' from project 'TallyPackages')
2026-08-27T01:06:45.3800340Z     cd /Users/runner/work/Tally/Tally
2026-08-27T01:06:45.3902470Z     builtin-copy -exclude .DS_Store -exclude CVS -exclude .svn -exclude .git -exclude .hg -resolve-src-symlinks -rename /Users/runner/work/Tally/Tally/build/Build/Intermediates.noindex/TallyPackages.build/Debug-iphoneos/TallyCanvasKit.build/Objects-normal/arm64/TallyCanvasKit.swiftdoc /Users/runner/work/Tally/Tally/build/Build/Products/Debug-iphoneos/TallyCanvasKit.swiftmodule/arm64-apple-ios.swiftdoc
2026-08-27T01:06:45.4001370Z 
2026-08-27T01:06:45.4103120Z Copy /Users/runner/work/Tally/Tally/build/Build/Products/Debug-iphoneos/TallyCanvasKit.swiftmodule/arm64-apple-ios.abi.json /Users/runner/work/Tally/Tally/build/Build/Intermediates.noindex/TallyPackages.build/Debug-iphoneos/TallyCanvasKit.build/Objects-normal/arm64/TallyCanvasKit.abi.json (in target 'TallyCanvasKit' from project 'TallyPackages')
2026-08-27T01:06:45.4205470Z     cd /Users/runner/work/Tally/Tally
2026-08-27T01:06:45.4307670Z     builtin-copy -exclude .DS_Store -exclude CVS -exclude .svn -exclude .git -exclude .hg -resolve-src-symlinks -rename /Users/runner/work/Tally/Tally/build/Build/Intermediates.noindex/TallyPackages.build/Debug-iphoneos/TallyCanvasKit.build/Objects-normal/arm64/TallyCanvasKit.abi.json /Users/runner/work/Tally/Tally/build/Build/Products/Debug-iphoneos/TallyCanvasKit.swiftmodule/arm64-apple-ios.abi.json
2026-08-27T01:06:45.4409900Z 
2026-08-27T01:06:45.4512530Z Copy /Users/runner/work/Tally/Tally/build/Build/Products/Debug-iphoneos/TallyCanvasKit.swiftmodule/Project/arm64-apple-ios.swiftsourceinfo /Users/runner/work/Tally/Tally/build/Build/Intermediates.noindex/TallyPackages.build/Debug-iphoneos/TallyCanvasKit.build/Objects-normal/arm64/TallyCanvasKit.swiftsourceinfo (in target 'TallyCanvasKit' from project 'TallyPackages')
2026-08-27T01:06:45.4614500Z     cd /Users/runner/work/Tally/Tally
2026-08-27T01:06:45.4716520Z     builtin-copy -exclude .DS_Store -exclude CVS -exclude .svn -exclude .git -exclude .hg -resolve-src-symlinks -rename /Users/runner/work/Tally/Tally/build/Build/Intermediates.noindex/TallyPackages.build/Debug-iphoneos/TallyCanvasKit.build/Objects-normal/arm64/TallyCanvasKit.swiftsourceinfo /Users/runner/work/Tally/Tally/build/Build/Products/Debug-iphoneos/TallyCanvasKit.swiftmodule/Project/arm64-apple-ios.swiftsourceinfo
2026-08-27T01:06:45.4818280Z 
2026-08-27T01:06:45.4919330Z SwiftEmitModule normal arm64 Emitting\ module\ for\ TallyCalendarSync (in target 'TallyCalendarSync' from project 'TallyPackages')
2026-08-27T01:06:45.5020320Z 
2026-08-27T01:06:45.5121210Z EmitSwiftModule normal arm64 (in target 'TallyCalendarSync' from project 'TallyPackages')
2026-08-27T01:06:45.5222360Z     cd /Users/runner/work/Tally/Tally/apps/TallyiOS/TallyApp.xcodeproj
2026-08-27T01:06:45.5323420Z     
2026-08-27T01:06:45.5424150Z 
2026-08-27T01:06:45.5525200Z SwiftDriver TallyCache normal arm64 com.apple.xcode.tools.swift.compiler (in target 'TallyCache' from project 'TallyPackages')
2026-08-27T01:06:45.5627030Z     cd /Users/runner/work/Tally/Tally/apps/TallyiOS/TallyApp.xcodeproj
2026-08-27T01:06:45.5741010Z     builtin-SwiftDriver -- /Applications/Xcode_16.4.app/Contents/Developer/Toolchains/XcodeDefault.xctoolchain/usr/bin/swiftc -module-name TallyCache -Onone -enforce-exclusivity\=checked @/Users/runner/work/Tally/Tally/build/Build/Intermediates.noindex/TallyPackages.build/Debug-iphoneos/TallyCache.build/Objects-normal/arm64/TallyCache.SwiftFileList -DSWIFT_PACKAGE -DDEBUG -DXcode -plugin-path /Applications/Xcode_16.4.app/Contents/Developer/Toolchains/XcodeDefault.xctoolchain/usr/lib/swift/host/plugins/testing -enable-experimental-feature DebugDescriptionMacro -sdk /Applications/Xcode_16.4.app/Contents/Developer/Platforms/iPhoneOS.platform/Developer/SDKs/iPhoneOS18.5.sdk -target arm64-apple-ios17.0 -g -module-cache-path /Users/runner/work/Tally/Tally/build/ModuleCache.noindex -Xfrontend -serialize-debugging-options -enable-testing -index-store-path /Users/runner/work/Tally/Tally/build/Index.noindex/DataStore -swift-version 5 -I /Users/runner/work/Tally/Tally/build/Build/Products/Debug-iphoneos -I /Applications/Xcode_16.4.app/Contents/Developer/Platforms/iPhoneOS.platform/Developer/usr/lib -F /Users/runner/work/Tally/Tally/build/Build/Products/Debug-iphoneos/PackageFrameworks -F /Users/runner/work/Tally/Tally/build/Build/Products/Debug-iphoneos/PackageFrameworks -F /Users/runner/work/Tally/Tally/build/Build/Products/Debug-iphoneos -F /Applications/Xcode_16.4.app/Contents/Developer/Platforms/iPhoneOS.platform/Developer/Library/Frameworks -F /Applications/Xcode_16.4.app/Contents/Developer/Platforms/iPhoneOS.platform/Developer/SDKs/iPhoneOS18.5.sdk/Developer/Library/Frameworks -c -j3 -enable-batch-mode -incremental -Xcc -ivfsstatcache -Xcc /Users/runner/work/Tally/Tally/build/SDKStatCaches.noindex/iphoneos18.5-22F76-a529daf784b3616c7c04a36aeb7f5c05.sdkstatcache -output-file-map /Users/runner/work/Tally/Tally/build/Build/Intermediates.noindex/TallyPackages.build/Debug-iphoneos/TallyCache.build/Objects-normal/arm64/TallyCache-OutputFileMap.json -use-frontend-parseable-output -save-temps -no-color-diagnostics -serialize-diagnostics -emit-dependencies -emit-module -emit-module-path /Users/runner/work/Tally/Tally/build/Build/Intermediates.noindex/TallyPackages.build/Debug-iphoneos/TallyCache.build/Objects-normal/arm64/TallyCache.swiftmodule -validate-clang-modules-once -clang-build-session-file /Users/runner/work/Tally/Tally/build/ModuleCache.noindex/Session.modulevalidation -package-name tally -Xcc -I/Users/runner/work/Tally/Tally/build/Build/Intermediates.noindex/TallyPackages.build/Debug-iphoneos/TallyCache.build/swift-overrides.hmap -emit-const-values -Xfrontend -const-gather-protocols-file -Xfrontend /Users/runner/work/Tally/Tally/build/Build/Intermediates.noindex/TallyPackages.build/Debug-iphoneos/TallyCache.build/Objects-normal/arm64/TallyCache_const_extract_protocols.json -Xcc -I/Users/runner/work/Tally/Tally/build/Build/Products/Debug-iphoneos/include -Xcc -I/Users/runner/work/Tally/Tally/build/Build/Intermediates.noindex/TallyPackages.build/Debug-iphoneos/TallyCache.build/DerivedSources-normal/arm64 -Xcc -I/Users/runner/work/Tally/Tally/build/Build/Intermediates.noindex/TallyPackages.build/Debug-iphoneos/TallyCache.build/DerivedSources/arm64 -Xcc -I/Users/runner/work/Tally/Tally/build/Build/Intermediates.noindex/TallyPackages.build/Debug-iphoneos/TallyCache.build/DerivedSources -Xcc -DSWIFT_PACKAGE -Xcc -DDEBUG\=1 -emit-objc-header -emit-objc-header-path /Users/runner/work/Tally/Tally/build/Build/Intermediates.noindex/TallyPackages.build/Debug-iphoneos/TallyCache.build/Objects-normal/arm64/TallyCache-Swift.h -working-directory /Users/runner/work/Tally/Tally/apps/TallyiOS/TallyApp.xcodeproj -experimental-emit-module-separately -disable-cmo
2026-08-27T01:06:45.5829440Z 
2026-08-27T01:06:45.5933330Z SwiftDriverJobDiscovery normal arm64 Emitting module for TallyCalendarSync (in target 'TallyCalendarSync' from project 'TallyPackages')
2026-08-27T01:06:45.6034690Z 
2026-08-27T01:06:45.6136920Z SwiftDriver\ Compilation\ Requirements TallyCalendarSync normal arm64 com.apple.xcode.tools.swift.compiler (in target 'TallyCalendarSync' from project 'TallyPackages')
2026-08-27T01:06:45.6243230Z     cd /Users/runner/work/Tally/Tally/apps/TallyiOS/TallyApp.xcodeproj
2026-08-27T01:06:45.6356630Z     builtin-Swift-Compilation-Requirements -- /Applications/Xcode_16.4.app/Contents/Developer/Toolchains/XcodeDefault.xctoolchain/usr/bin/swiftc -module-name TallyCalendarSync -Onone -enforce-exclusivity\=checked @/Users/runner/work/Tally/Tally/build/Build/Intermediates.noindex/TallyPackages.build/Debug-iphoneos/TallyCalendarSync.build/Objects-normal/arm64/TallyCalendarSync.SwiftFileList -DSWIFT_PACKAGE -DDEBUG -DXcode -plugin-path /Applications/Xcode_16.4.app/Contents/Developer/Toolchains/XcodeDefault.xctoolchain/usr/lib/swift/host/plugins/testing -enable-experimental-feature DebugDescriptionMacro -sdk /Applications/Xcode_16.4.app/Contents/Developer/Platforms/iPhoneOS.platform/Developer/SDKs/iPhoneOS18.5.sdk -target arm64-apple-ios17.0 -g -module-cache-path /Users/runner/work/Tally/Tally/build/ModuleCache.noindex -Xfrontend -serialize-debugging-options -enable-testing -index-store-path /Users/runner/work/Tally/Tally/build/Index.noindex/DataStore -swift-version 5 -I /Users/runner/work/Tally/Tally/build/Build/Products/Debug-iphoneos -I /Applications/Xcode_16.4.app/Contents/Developer/Platforms/iPhoneOS.platform/Developer/usr/lib -F /Users/runner/work/Tally/Tally/build/Build/Products/Debug-iphoneos/PackageFrameworks -F /Users/runner/work/Tally/Tally/build/Build/Products/Debug-iphoneos/PackageFrameworks -F /Users/runner/work/Tally/Tally/build/Build/Products/Debug-iphoneos -F /Applications/Xcode_16.4.app/Contents/Developer/Platforms/iPhoneOS.platform/Developer/Library/Frameworks -F /Applications/Xcode_16.4.app/Contents/Developer/Platforms/iPhoneOS.platform/Developer/SDKs/iPhoneOS18.5.sdk/Developer/Library/Frameworks -c -j3 -enable-batch-mode -incremental -Xcc -ivfsstatcache -Xcc /Users/runner/work/Tally/Tally/build/SDKStatCaches.noindex/iphoneos18.5-22F76-a529daf784b3616c7c04a36aeb7f5c05.sdkstatcache -output-file-map /Users/runner/work/Tally/Tally/build/Build/Intermediates.noindex/TallyPackages.build/Debug-iphoneos/TallyCalendarSync.build/Objects-normal/arm64/TallyCalendarSync-OutputFileMap.json -use-frontend-parseable-output -save-temps -no-color-diagnostics -serialize-diagnostics -emit-dependencies -emit-module -emit-module-path /Users/runner/work/Tally/Tally/build/Build/Intermediates.noindex/TallyPackages.build/Debug-iphoneos/TallyCalendarSync.build/Objects-normal/arm64/TallyCalendarSync.swiftmodule -validate-clang-modules-once -clang-build-session-file /Users/runner/work/Tally/Tally/build/ModuleCache.noindex/Session.modulevalidation -package-name tally -Xcc -I/Users/runner/work/Tally/Tally/build/Build/Intermediates.noindex/TallyPackages.build/Debug-iphoneos/TallyCalendarSync.build/swift-overrides.hmap -emit-const-values -Xfrontend -const-gather-protocols-file -Xfrontend /Users/runner/work/Tally/Tally/build/Build/Intermediates.noindex/TallyPackages.build/Debug-iphoneos/TallyCalendarSync.build/Objects-normal/arm64/TallyCalendarSync_const_extract_protocols.json -Xcc -I/Users/runner/work/Tally/Tally/build/Build/Products/Debug-iphoneos/include -Xcc -I/Users/runner/work/Tally/Tally/build/Build/Intermediates.noindex/TallyPackages.build/Debug-iphoneos/TallyCalendarSync.build/DerivedSources-normal/arm64 -Xcc -I/Users/runner/work/Tally/Tally/build/Build/Intermediates.noindex/TallyPackages.build/Debug-iphoneos/TallyCalendarSync.build/DerivedSources/arm64 -Xcc -I/Users/runner/work/Tally/Tally/build/Build/Intermediates.noindex/TallyPackages.build/Debug-iphoneos/TallyCalendarSync.build/DerivedSources -Xcc -DSWIFT_PACKAGE -Xcc -DDEBUG\=1 -emit-objc-header -emit-objc-header-path /Users/runner/work/Tally/Tally/build/Build/Intermediates.noindex/TallyPackages.build/Debug-iphoneos/TallyCalendarSync.build/Objects-normal/arm64/TallyCalendarSync-Swift.h -working-directory /Users/runner/work/Tally/Tally/apps/TallyiOS/TallyApp.xcodeproj -experimental-emit-module-separately -disable-cmo
2026-08-27T01:06:45.6455550Z 
2026-08-27T01:06:45.6556820Z SwiftEmitModule normal arm64 Emitting\ module\ for\ TallyCache (in target 'TallyCache' from project 'TallyPackages')
2026-08-27T01:06:45.6658150Z 
2026-08-27T01:06:45.6759210Z EmitSwiftModule normal arm64 (in target 'TallyCache' from project 'TallyPackages')
2026-08-27T01:06:45.6860310Z     cd /Users/runner/work/Tally/Tally/apps/TallyiOS/TallyApp.xcodeproj
2026-08-27T01:06:45.6961330Z     
2026-08-27T01:06:45.7061950Z 
2026-08-27T01:06:45.7163870Z SwiftMergeGeneratedHeaders /Users/runner/work/Tally/Tally/build/Build/Intermediates.noindex/GeneratedModuleMaps-iphoneos/TallyCalendarSync-Swift.h /Users/runner/work/Tally/Tally/build/Build/Intermediates.noindex/TallyPackages.build/Debug-iphoneos/TallyCalendarSync.build/Objects-normal/arm64/TallyCalendarSync-Swift.h (in target 'TallyCalendarSync' from project 'TallyPackages')
2026-08-27T01:06:45.7265950Z     cd /Users/runner/work/Tally/Tally
2026-08-27T01:06:45.7367730Z     builtin-swiftHeaderTool -arch arm64 /Users/runner/work/Tally/Tally/build/Build/Intermediates.noindex/TallyPackages.build/Debug-iphoneos/TallyCalendarSync.build/Objects-normal/arm64/TallyCalendarSync-Swift.h -o /Users/runner/work/Tally/Tally/build/Build/Intermediates.noindex/GeneratedModuleMaps-iphoneos/TallyCalendarSync-Swift.h
2026-08-27T01:06:45.7469280Z 
2026-08-27T01:06:45.7570300Z SwiftDriverJobDiscovery normal arm64 Emitting module for TallyCache (in target 'TallyCache' from project 'TallyPackages')
2026-08-27T01:06:45.7671290Z 
2026-08-27T01:06:45.7773620Z Copy /Users/runner/work/Tally/Tally/build/Build/Products/Debug-iphoneos/TallyCalendarSync.swiftmodule/arm64-apple-ios.swiftmodule /Users/runner/work/Tally/Tally/build/Build/Intermediates.noindex/TallyPackages.build/Debug-iphoneos/TallyCalendarSync.build/Objects-normal/arm64/TallyCalendarSync.swiftmodule (in target 'TallyCalendarSync' from project 'TallyPackages')
2026-08-27T01:06:45.7876630Z     cd /Users/runner/work/Tally/Tally
2026-08-27T01:06:45.7978950Z     builtin-copy -exclude .DS_Store -exclude CVS -exclude .svn -exclude .git -exclude .hg -resolve-src-symlinks -rename /Users/runner/work/Tally/Tally/build/Build/Intermediates.noindex/TallyPackages.build/Debug-iphoneos/TallyCalendarSync.build/Objects-normal/arm64/TallyCalendarSync.swiftmodule /Users/runner/work/Tally/Tally/build/Build/Products/Debug-iphoneos/TallyCalendarSync.swiftmodule/arm64-apple-ios.swiftmodule
2026-08-27T01:06:45.8080190Z 
2026-08-27T01:06:45.8182060Z Copy /Users/runner/work/Tally/Tally/build/Build/Products/Debug-iphoneos/TallyCalendarSync.swiftmodule/arm64-apple-ios.swiftdoc /Users/runner/work/Tally/Tally/build/Build/Intermediates.noindex/TallyPackages.build/Debug-iphoneos/TallyCalendarSync.build/Objects-normal/arm64/TallyCalendarSync.swiftdoc (in target 'TallyCalendarSync' from project 'TallyPackages')
2026-08-27T01:06:45.8281880Z     cd /Users/runner/work/Tally/Tally
2026-08-27T01:06:45.8383290Z     builtin-copy -exclude .DS_Store -exclude CVS -exclude .svn -exclude .git -exclude .hg -resolve-src-symlinks -rename /Users/runner/work/Tally/Tally/build/Build/Intermediates.noindex/TallyPackages.build/Debug-iphoneos/TallyCalendarSync.build/Objects-normal/arm64/TallyCalendarSync.swiftdoc /Users/runner/work/Tally/Tally/build/Build/Products/Debug-iphoneos/TallyCalendarSync.swiftmodule/arm64-apple-ios.swiftdoc
2026-08-27T01:06:45.8482680Z 
2026-08-27T01:06:45.8584100Z Copy /Users/runner/work/Tally/Tally/build/Build/Products/Debug-iphoneos/TallyCalendarSync.swiftmodule/arm64-apple-ios.abi.json /Users/runner/work/Tally/Tally/build/Build/Intermediates.noindex/TallyPackages.build/Debug-iphoneos/TallyCalendarSync.build/Objects-normal/arm64/TallyCalendarSync.abi.json (in target 'TallyCalendarSync' from project 'TallyPackages')
2026-08-27T01:06:45.8683600Z     cd /Users/runner/work/Tally/Tally
2026-08-27T01:06:45.8785020Z     builtin-copy -exclude .DS_Store -exclude CVS -exclude .svn -exclude .git -exclude .hg -resolve-src-symlinks -rename /Users/runner/work/Tally/Tally/build/Build/Intermediates.noindex/TallyPackages.build/Debug-iphoneos/TallyCalendarSync.build/Objects-normal/arm64/TallyCalendarSync.abi.json /Users/runner/work/Tally/Tally/build/Build/Products/Debug-iphoneos/TallyCalendarSync.swiftmodule/arm64-apple-ios.abi.json
2026-08-27T01:06:45.8787100Z 
2026-08-27T01:06:45.8888730Z Copy /Users/runner/work/Tally/Tally/build/Build/Products/Debug-iphoneos/TallyCalendarSync.swiftmodule/Project/arm64-apple-ios.swiftsourceinfo /Users/runner/work/Tally/Tally/build/Build/Intermediates.noindex/TallyPackages.build/Debug-iphoneos/TallyCalendarSync.build/Objects-normal/arm64/TallyCalendarSync.swiftsourceinfo (in target 'TallyCalendarSync' from project 'TallyPackages')
2026-08-27T01:06:45.8990570Z     cd /Users/runner/work/Tally/Tally
2026-08-27T01:06:45.9092680Z     builtin-copy -exclude .DS_Store -exclude CVS -exclude .svn -exclude .git -exclude .hg -resolve-src-symlinks -rename /Users/runner/work/Tally/Tally/build/Build/Intermediates.noindex/TallyPackages.build/Debug-iphoneos/TallyCalendarSync.build/Objects-normal/arm64/TallyCalendarSync.swiftsourceinfo /Users/runner/work/Tally/Tally/build/Build/Products/Debug-iphoneos/TallyCalendarSync.swiftmodule/Project/arm64-apple-ios.swiftsourceinfo
2026-08-27T01:06:45.9194640Z 
2026-08-27T01:06:45.9295620Z SwiftDriver\ Compilation\ Requirements TallyCache normal arm64 com.apple.xcode.tools.swift.compiler (in target 'TallyCache' from project 'TallyPackages')
2026-08-27T01:06:45.9396910Z     cd /Users/runner/work/Tally/Tally/apps/TallyiOS/TallyApp.xcodeproj
2026-08-27T01:06:45.9508990Z     builtin-Swift-Compilation-Requirements -- /Applications/Xcode_16.4.app/Contents/Developer/Toolchains/XcodeDefault.xctoolchain/usr/bin/swiftc -module-name TallyCache -Onone -enforce-exclusivity\=checked @/Users/runner/work/Tally/Tally/build/Build/Intermediates.noindex/TallyPackages.build/Debug-iphoneos/TallyCache.build/Objects-normal/arm64/TallyCache.SwiftFileList -DSWIFT_PACKAGE -DDEBUG -DXcode -plugin-path /Applications/Xcode_16.4.app/Contents/Developer/Toolchains/XcodeDefault.xctoolchain/usr/lib/swift/host/plugins/testing -enable-experimental-feature DebugDescriptionMacro -sdk /Applications/Xcode_16.4.app/Contents/Developer/Platforms/iPhoneOS.platform/Developer/SDKs/iPhoneOS18.5.sdk -target arm64-apple-ios17.0 -g -module-cache-path /Users/runner/work/Tally/Tally/build/ModuleCache.noindex -Xfrontend -serialize-debugging-options -enable-testing -index-store-path /Users/runner/work/Tally/Tally/build/Index.noindex/DataStore -swift-version 5 -I /Users/runner/work/Tally/Tally/build/Build/Products/Debug-iphoneos -I /Applications/Xcode_16.4.app/Contents/Developer/Platforms/iPhoneOS.platform/Developer/usr/lib -F /Users/runner/work/Tally/Tally/build/Build/Products/Debug-iphoneos/PackageFrameworks -F /Users/runner/work/Tally/Tally/build/Build/Products/Debug-iphoneos/PackageFrameworks -F /Users/runner/work/Tally/Tally/build/Build/Products/Debug-iphoneos -F /Applications/Xcode_16.4.app/Contents/Developer/Platforms/iPhoneOS.platform/Developer/Library/Frameworks -F /Applications/Xcode_16.4.app/Contents/Developer/Platforms/iPhoneOS.platform/Developer/SDKs/iPhoneOS18.5.sdk/Developer/Library/Frameworks -c -j3 -enable-batch-mode -incremental -Xcc -ivfsstatcache -Xcc /Users/runner/work/Tally/Tally/build/SDKStatCaches.noindex/iphoneos18.5-22F76-a529daf784b3616c7c04a36aeb7f5c05.sdkstatcache -output-file-map /Users/runner/work/Tally/Tally/build/Build/Intermediates.noindex/TallyPackages.build/Debug-iphoneos/TallyCache.build/Objects-normal/arm64/TallyCache-OutputFileMap.json -use-frontend-parseable-output -save-temps -no-color-diagnostics -serialize-diagnostics -emit-dependencies -emit-module -emit-module-path /Users/runner/work/Tally/Tally/build/Build/Intermediates.noindex/TallyPackages.build/Debug-iphoneos/TallyCache.build/Objects-normal/arm64/TallyCache.swiftmodule -validate-clang-modules-once -clang-build-session-file /Users/runner/work/Tally/Tally/build/ModuleCache.noindex/Session.modulevalidation -package-name tally -Xcc -I/Users/runner/work/Tally/Tally/build/Build/Intermediates.noindex/TallyPackages.build/Debug-iphoneos/TallyCache.build/swift-overrides.hmap -emit-const-values -Xfrontend -const-gather-protocols-file -Xfrontend /Users/runner/work/Tally/Tally/build/Build/Intermediates.noindex/TallyPackages.build/Debug-iphoneos/TallyCache.build/Objects-normal/arm64/TallyCache_const_extract_protocols.json -Xcc -I/Users/runner/work/Tally/Tally/build/Build/Products/Debug-iphoneos/include -Xcc -I/Users/runner/work/Tally/Tally/build/Build/Intermediates.noindex/TallyPackages.build/Debug-iphoneos/TallyCache.build/DerivedSources-normal/arm64 -Xcc -I/Users/runner/work/Tally/Tally/build/Build/Intermediates.noindex/TallyPackages.build/Debug-iphoneos/TallyCache.build/DerivedSources/arm64 -Xcc -I/Users/runner/work/Tally/Tally/build/Build/Intermediates.noindex/TallyPackages.build/Debug-iphoneos/TallyCache.build/DerivedSources -Xcc -DSWIFT_PACKAGE -Xcc -DDEBUG\=1 -emit-objc-header -emit-objc-header-path /Users/runner/work/Tally/Tally/build/Build/Intermediates.noindex/TallyPackages.build/Debug-iphoneos/TallyCache.build/Objects-normal/arm64/TallyCache-Swift.h -working-directory /Users/runner/work/Tally/Tally/apps/TallyiOS/TallyApp.xcodeproj -experimental-emit-module-separately -disable-cmo
2026-08-27T01:06:45.9621050Z 
2026-08-27T01:06:45.9722310Z SwiftCompile normal arm64 Compiling\ ReminderEngine.swift /Users/runner/work/Tally/Tally/packages/TallyNotifications/Sources/ReminderEngine.swift (in target 'TallyNotifications' from project 'TallyPackages')
2026-08-27T01:06:45.9823520Z 
2026-08-27T01:06:45.9924700Z SwiftCompile normal arm64 /Users/runner/work/Tally/Tally/packages/TallyNotifications/Sources/ReminderEngine.swift (in target 'TallyNotifications' from project 'TallyPackages')
2026-08-27T01:06:46.0026090Z     cd /Users/runner/work/Tally/Tally/apps/TallyiOS/TallyApp.xcodeproj
2026-08-27T01:06:46.0127160Z     
2026-08-27T01:06:46.0228020Z 
2026-08-27T01:06:46.0329780Z SwiftMergeGeneratedHeaders /Users/runner/work/Tally/Tally/build/Build/Intermediates.noindex/GeneratedModuleMaps-iphoneos/TallyCache-Swift.h /Users/runner/work/Tally/Tally/build/Build/Intermediates.noindex/TallyPackages.build/Debug-iphoneos/TallyCache.build/Objects-normal/arm64/TallyCache-Swift.h (in target 'TallyCache' from project 'TallyPackages')
2026-08-27T01:06:46.0432200Z     cd /Users/runner/work/Tally/Tally
2026-08-27T01:06:46.0534580Z     builtin-swiftHeaderTool -arch arm64 /Users/runner/work/Tally/Tally/build/Build/Intermediates.noindex/TallyPackages.build/Debug-iphoneos/TallyCache.build/Objects-normal/arm64/TallyCache-Swift.h -o /Users/runner/work/Tally/Tally/build/Build/Intermediates.noindex/GeneratedModuleMaps-iphoneos/TallyCache-Swift.h
2026-08-27T01:06:46.0636230Z 
2026-08-27T01:06:46.0737910Z SwiftDriverJobDiscovery normal arm64 Compiling ReminderEngine.swift (in target 'TallyNotifications' from project 'TallyPackages')
2026-08-27T01:06:46.0838840Z 
2026-08-27T01:06:46.0940550Z Copy /Users/runner/work/Tally/Tally/build/Build/Products/Debug-iphoneos/TallyCache.swiftmodule/arm64-apple-ios.swiftmodule /Users/runner/work/Tally/Tally/build/Build/Intermediates.noindex/TallyPackages.build/Debug-iphoneos/TallyCache.build/Objects-normal/arm64/TallyCache.swiftmodule (in target 'TallyCache' from project 'TallyPackages')
2026-08-27T01:06:46.1042520Z     cd /Users/runner/work/Tally/Tally
2026-08-27T01:06:46.1144550Z     builtin-copy -exclude .DS_Store -exclude CVS -exclude .svn -exclude .git -exclude .hg -resolve-src-symlinks -rename /Users/runner/work/Tally/Tally/build/Build/Intermediates.noindex/TallyPackages.build/Debug-iphoneos/TallyCache.build/Objects-normal/arm64/TallyCache.swiftmodule /Users/runner/work/Tally/Tally/build/Build/Products/Debug-iphoneos/TallyCache.swiftmodule/arm64-apple-ios.swiftmodule
2026-08-27T01:06:46.1246220Z 
2026-08-27T01:06:46.1347780Z Copy /Users/runner/work/Tally/Tally/build/Build/Products/Debug-iphoneos/TallyCache.swiftmodule/arm64-apple-ios.swiftdoc /Users/runner/work/Tally/Tally/build/Build/Intermediates.noindex/TallyPackages.build/Debug-iphoneos/TallyCache.build/Objects-normal/arm64/TallyCache.swiftdoc (in target 'TallyCache' from project 'TallyPackages')
2026-08-27T01:06:46.1449710Z     cd /Users/runner/work/Tally/Tally
2026-08-27T01:06:46.1552250Z     builtin-copy -exclude .DS_Store -exclude CVS -exclude .svn -exclude .git -exclude .hg -resolve-src-symlinks -rename /Users/runner/work/Tally/Tally/build/Build/Intermediates.noindex/TallyPackages.build/Debug-iphoneos/TallyCache.build/Objects-normal/arm64/TallyCache.swiftdoc /Users/runner/work/Tally/Tally/build/Build/Products/Debug-iphoneos/TallyCache.swiftmodule/arm64-apple-ios.swiftdoc
2026-08-27T01:06:46.1654030Z 
2026-08-27T01:06:46.1755690Z Copy /Users/runner/work/Tally/Tally/build/Build/Products/Debug-iphoneos/TallyCache.swiftmodule/arm64-apple-ios.abi.json /Users/runner/work/Tally/Tally/build/Build/Intermediates.noindex/TallyPackages.build/Debug-iphoneos/TallyCache.build/Objects-normal/arm64/TallyCache.abi.json (in target 'TallyCache' from project 'TallyPackages')
2026-08-27T01:06:46.1858180Z     cd /Users/runner/work/Tally/Tally
2026-08-27T01:06:46.1964780Z     builtin-copy -exclude .DS_Store -exclude CVS -exclude .svn -exclude .git -exclude .hg -resolve-src-symlinks -rename /Users/runner/work/Tally/Tally/build/Build/Intermediates.noindex/TallyPackages.build/Debug-iphoneos/TallyCache.build/Objects-normal/arm64/TallyCache.abi.json /Users/runner/work/Tally/Tally/build/Build/Products/Debug-iphoneos/TallyCache.swiftmodule/arm64-apple-ios.abi.json
2026-08-27T01:06:46.2067210Z 
2026-08-27T01:06:46.2169050Z Copy /Users/runner/work/Tally/Tally/build/Build/Products/Debug-iphoneos/TallyCache.swiftmodule/Project/arm64-apple-ios.swiftsourceinfo /Users/runner/work/Tally/Tally/build/Build/Intermediates.noindex/TallyPackages.build/Debug-iphoneos/TallyCache.build/Objects-normal/arm64/TallyCache.swiftsourceinfo (in target 'TallyCache' from project 'TallyPackages')
2026-08-27T01:06:46.2271050Z     cd /Users/runner/work/Tally/Tally
2026-08-27T01:06:46.2373240Z     builtin-copy -exclude .DS_Store -exclude CVS -exclude .svn -exclude .git -exclude .hg -resolve-src-symlinks -rename /Users/runner/work/Tally/Tally/build/Build/Intermediates.noindex/TallyPackages.build/Debug-iphoneos/TallyCache.build/Objects-normal/arm64/TallyCache.swiftsourceinfo /Users/runner/work/Tally/Tally/build/Build/Products/Debug-iphoneos/TallyCache.swiftmodule/Project/arm64-apple-ios.swiftsourceinfo
2026-08-27T01:06:46.2475550Z 
2026-08-27T01:06:46.2576940Z SwiftCompile normal arm64 Compiling\ NotificationManager.swift /Users/runner/work/Tally/Tally/packages/TallyNotifications/Sources/NotificationManager.swift (in target 'TallyNotifications' from project 'TallyPackages')
2026-08-27T01:06:46.2679440Z SwiftCompile normal arm64 /Users/runner/work/Tally/Tally/packages/TallyNotifications/Sources/NotificationManager.swift (in target 'TallyNotifications' from project 'TallyPackages')
2026-08-27T01:06:46.2782850Z     cd /Users/runner/work/Tally/Tally/apps/TallyiOS/TallyApp.xcodeproj
2026-08-27T01:06:46.2885980Z     
2026-08-27T01:06:46.2992550Z 
2026-08-27T01:06:46.3095250Z SwiftCompile normal arm64 Compiling\ TallyCanvasKit.swift /Users/runner/work/Tally/Tally/packages/TallyCanvasKit/Sources/TallyCanvasKit.swift (in target 'TallyCanvasKit' from project 'TallyPackages')
2026-08-27T01:06:46.3198100Z SwiftCompile normal arm64 /Users/runner/work/Tally/Tally/packages/TallyCanvasKit/Sources/TallyCanvasKit.swift (in target 'TallyCanvasKit' from project 'TallyPackages')
2026-08-27T01:06:46.3302450Z     cd /Users/runner/work/Tally/Tally/apps/TallyiOS/TallyApp.xcodeproj
2026-08-27T01:06:46.3406440Z     
2026-08-27T01:06:46.3509430Z 
2026-08-27T01:06:46.3612930Z SwiftDriverJobDiscovery normal arm64 Compiling CardStyle.swift, Color+Tally.swift (in target 'TallyDesignSystem' from project 'TallyPackages')
2026-08-27T01:06:46.3715190Z 
2026-08-27T01:06:46.3817650Z SwiftCompile normal arm64 Compiling\ CanvasAPIClient.swift,\ CanvasDTOs.swift /Users/runner/work/Tally/Tally/packages/TallyCanvasKit/Sources/CanvasAPIClient.swift /Users/runner/work/Tally/Tally/packages/TallyCanvasKit/Sources/CanvasDTOs.swift (in target 'TallyCanvasKit' from project 'TallyPackages')
2026-08-27T01:06:46.3946420Z SwiftCompile normal arm64 /Users/runner/work/Tally/Tally/packages/TallyCanvasKit/Sources/CanvasAPIClient.swift (in target 'TallyCanvasKit' from project 'TallyPackages')
2026-08-27T01:06:46.4034680Z     cd /Users/runner/work/Tally/Tally/apps/TallyiOS/TallyApp.xcodeproj
2026-08-27T01:06:46.4135220Z     
2026-08-27T01:06:46.4236500Z 
2026-08-27T01:06:46.4337530Z SwiftCompile normal arm64 /Users/runner/work/Tally/Tally/packages/TallyCanvasKit/Sources/CanvasDTOs.swift (in target 'TallyCanvasKit' from project 'TallyPackages')
2026-08-27T01:06:46.4437940Z     cd /Users/runner/work/Tally/Tally/apps/TallyiOS/TallyApp.xcodeproj
2026-08-27T01:06:46.4538950Z     
2026-08-27T01:06:46.4638950Z 
2026-08-27T01:06:46.4740310Z SwiftDriverJobDiscovery normal arm64 Compiling Font+Tally.swift (in target 'TallyDesignSystem' from project 'TallyPackages')
2026-08-27T01:06:46.4840540Z 
2026-08-27T01:06:46.4941750Z SwiftDriver\ Compilation TallyDesignSystem normal arm64 com.apple.xcode.tools.swift.compiler (in target 'TallyDesignSystem' from project 'TallyPackages')
2026-08-27T01:06:46.5041790Z     cd /Users/runner/work/Tally/Tally/apps/TallyiOS/TallyApp.xcodeproj
2026-08-27T01:06:46.5154020Z     builtin-Swift-Compilation -- /Applications/Xcode_16.4.app/Contents/Developer/Toolchains/XcodeDefault.xctoolchain/usr/bin/swiftc -module-name TallyDesignSystem -Onone -enforce-exclusivity\=checked @/Users/runner/work/Tally/Tally/build/Build/Intermediates.noindex/TallyPackages.build/Debug-iphoneos/TallyDesignSystem.build/Objects-normal/arm64/TallyDesignSystem.SwiftFileList -DSWIFT_PACKAGE -DDEBUG -DXcode -plugin-path /Applications/Xcode_16.4.app/Contents/Developer/Toolchains/XcodeDefault.xctoolchain/usr/lib/swift/host/plugins/testing -enable-experimental-feature DebugDescriptionMacro -sdk /Applications/Xcode_16.4.app/Contents/Developer/Platforms/iPhoneOS.platform/Developer/SDKs/iPhoneOS18.5.sdk -target arm64-apple-ios17.0 -g -module-cache-path /Users/runner/work/Tally/Tally/build/ModuleCache.noindex -Xfrontend -serialize-debugging-options -enable-testing -index-store-path /Users/runner/work/Tally/Tally/build/Index.noindex/DataStore -swift-version 5 -I /Users/runner/work/Tally/Tally/build/Build/Products/Debug-iphoneos -I /Applications/Xcode_16.4.app/Contents/Developer/Platforms/iPhoneOS.platform/Developer/usr/lib -F /Users/runner/work/Tally/Tally/build/Build/Products/Debug-iphoneos -F /Applications/Xcode_16.4.app/Contents/Developer/Platforms/iPhoneOS.platform/Developer/Library/Frameworks -F /Applications/Xcode_16.4.app/Contents/Developer/Platforms/iPhoneOS.platform/Developer/SDKs/iPhoneOS18.5.sdk/Developer/Library/Frameworks -c -j3 -enable-batch-mode -incremental -Xcc -ivfsstatcache -Xcc /Users/runner/work/Tally/Tally/build/SDKStatCaches.noindex/iphoneos18.5-22F76-a529daf784b3616c7c04a36aeb7f5c05.sdkstatcache -output-file-map /Users/runner/work/Tally/Tally/build/Build/Intermediates.noindex/TallyPackages.build/Debug-iphoneos/TallyDesignSystem.build/Objects-normal/arm64/TallyDesignSystem-OutputFileMap.json -use-frontend-parseable-output -save-temps -no-color-diagnostics -serialize-diagnostics -emit-dependencies -emit-module -emit-module-path /Users/runner/work/Tally/Tally/build/Build/Intermediates.noindex/TallyPackages.build/Debug-iphoneos/TallyDesignSystem.build/Objects-normal/arm64/TallyDesignSystem.swiftmodule -validate-clang-modules-once -clang-build-session-file /Users/runner/work/Tally/Tally/build/ModuleCache.noindex/Session.modulevalidation -package-name tally -Xcc -I/Users/runner/work/Tally/Tally/build/Build/Intermediates.noindex/TallyPackages.build/Debug-iphoneos/TallyDesignSystem.build/swift-overrides.hmap -emit-const-values -Xfrontend -const-gather-protocols-file -Xfrontend /Users/runner/work/Tally/Tally/build/Build/Intermediates.noindex/TallyPackages.build/Debug-iphoneos/TallyDesignSystem.build/Objects-normal/arm64/TallyDesignSystem_const_extract_protocols.json -Xcc -I/Users/runner/work/Tally/Tally/build/Build/Products/Debug-iphoneos/include -Xcc -I/Users/runner/work/Tally/Tally/build/Build/Intermediates.noindex/TallyPackages.build/Debug-iphoneos/TallyDesignSystem.build/DerivedSources-normal/arm64 -Xcc -I/Users/runner/work/Tally/Tally/build/Build/Intermediates.noindex/TallyPackages.build/Debug-iphoneos/TallyDesignSystem.build/DerivedSources/arm64 -Xcc -I/Users/runner/work/Tally/Tally/build/Build/Intermediates.noindex/TallyPackages.build/Debug-iphoneos/TallyDesignSystem.build/DerivedSources -Xcc -DSWIFT_PACKAGE -Xcc -DDEBUG\=1 -emit-objc-header -emit-objc-header-path /Users/runner/work/Tally/Tally/build/Build/Intermediates.noindex/TallyPackages.build/Debug-iphoneos/TallyDesignSystem.build/Objects-normal/arm64/TallyDesignSystem-Swift.h -working-directory /Users/runner/work/Tally/Tally/apps/TallyiOS/TallyApp.xcodeproj -experimental-emit-module-separately -disable-cmo
2026-08-27T01:06:46.5242290Z 
2026-08-27T01:06:46.5343510Z SwiftDriverJobDiscovery normal arm64 Compiling NotificationManager.swift (in target 'TallyNotifications' from project 'TallyPackages')
2026-08-27T01:06:46.5443810Z 
2026-08-27T01:06:46.5545240Z SwiftCompile normal arm64 Compiling\ CanvasOAuthManager.swift /Users/runner/work/Tally/Tally/packages/TallyCanvasKit/Sources/CanvasOAuthManager.swift (in target 'TallyCanvasKit' from project 'TallyPackages')
2026-08-27T01:06:46.5645660Z SwiftCompile normal arm64 /Users/runner/work/Tally/Tally/packages/TallyCanvasKit/Sources/CanvasOAuthManager.swift (in target 'TallyCanvasKit' from project 'TallyPackages')
2026-08-27T01:06:46.5747980Z     cd /Users/runner/work/Tally/Tally/apps/TallyiOS/TallyApp.xcodeproj
2026-08-27T01:06:46.5848790Z     
2026-08-27T01:06:46.5948590Z 
2026-08-27T01:06:46.6050760Z Ld /Users/runner/work/Tally/Tally/build/Build/Products/Debug-iphoneos/TallyDesignSystem.o normal (in target 'TallyDesignSystem' from project 'TallyPackages')
2026-08-27T01:06:46.6150870Z     cd /Users/runner/work/Tally/Tally
2026-08-27T01:06:46.6261660Z     /Applications/Xcode_16.4.app/Contents/Developer/Toolchains/XcodeDefault.xctoolchain/usr/bin/clang -Xlinker -reproducible -target arm64-apple-ios17.0 -r -isysroot /Applications/Xcode_16.4.app/Contents/Developer/Platforms/iPhoneOS.platform/Developer/SDKs/iPhoneOS18.5.sdk -O0 -L/Users/runner/work/Tally/Tally/build/Build/Intermediates.noindex/EagerLinkingTBDs/Debug-iphoneos -L/Users/runner/work/Tally/Tally/build/Build/Products/Debug-iphoneos -L/Applications/Xcode_16.4.app/Contents/Developer/Platforms/iPhoneOS.platform/Developer/usr/lib -F/Users/runner/work/Tally/Tally/build/Build/Intermediates.noindex/EagerLinkingTBDs/Debug-iphoneos -F/Users/runner/work/Tally/Tally/build/Build/Products/Debug-iphoneos -iframework /Applications/Xcode_16.4.app/Contents/Developer/Platforms/iPhoneOS.platform/Developer/Library/Frameworks -iframework /Applications/Xcode_16.4.app/Contents/Developer/Platforms/iPhoneOS.platform/Developer/SDKs/iPhoneOS18.5.sdk/Developer/Library/Frameworks -filelist /Users/runner/work/Tally/Tally/build/Build/Intermediates.noindex/TallyPackages.build/Debug-iphoneos/TallyDesignSystem.build/Objects-normal/arm64/TallyDesignSystem.LinkFileList -nostdlib -Xlinker -object_path_lto -Xlinker /Users/runner/work/Tally/Tally/build/Build/Intermediates.noindex/TallyPackages.build/Debug-iphoneos/TallyDesignSystem.build/Objects-normal/arm64/TallyDesignSystem_lto.o -rdynamic -Xlinker -no_deduplicate -Xlinker -dependency_info -Xlinker /Users/runner/work/Tally/Tally/build/Build/Intermediates.noindex/TallyPackages.build/Debug-iphoneos/TallyDesignSystem.build/Objects-normal/arm64/TallyDesignSystem_dependency_info.dat -fobjc-link-runtime -L/Applications/Xcode_16.4.app/Contents/Developer/Toolchains/XcodeDefault.xctoolchain/usr/lib/swift/iphoneos -L/usr/lib/swift -Xlinker -add_ast_path -Xlinker /Users/runner/work/Tally/Tally/build/Build/Intermediates.noindex/TallyPackages.build/Debug-iphoneos/TallyDesignSystem.build/Objects-normal/arm64/TallyDesignSystem.swiftmodule -o /Users/runner/work/Tally/Tally/build/Build/Products/Debug-iphoneos/TallyDesignSystem.o
2026-08-27T01:06:46.6353370Z 
2026-08-27T01:06:46.6454380Z SwiftDriverJobDiscovery normal arm64 Compiling TallyCanvasKit.swift (in target 'TallyCanvasKit' from project 'TallyPackages')
2026-08-27T01:06:46.6554790Z 
2026-08-27T01:06:46.6655840Z SwiftDriver\ Compilation TallyNotifications normal arm64 com.apple.xcode.tools.swift.compiler (in target 'TallyNotifications' from project 'TallyPackages')
2026-08-27T01:06:46.6756490Z     cd /Users/runner/work/Tally/Tally/apps/TallyiOS/TallyApp.xcodeproj
2026-08-27T01:06:46.6874410Z     builtin-Swift-Compilation -- /Applications/Xcode_16.4.app/Contents/Developer/Toolchains/XcodeDefault.xctoolchain/usr/bin/swiftc -module-name TallyNotifications -Onone -enforce-exclusivity\=checked @/Users/runner/work/Tally/Tally/build/Build/Intermediates.noindex/TallyPackages.build/Debug-iphoneos/TallyNotifications.build/Objects-normal/arm64/TallyNotifications.SwiftFileList -DSWIFT_PACKAGE -DDEBUG -DXcode -plugin-path /Applications/Xcode_16.4.app/Contents/Developer/Toolchains/XcodeDefault.xctoolchain/usr/lib/swift/host/plugins/testing -enable-experimental-feature DebugDescriptionMacro -sdk /Applications/Xcode_16.4.app/Contents/Developer/Platforms/iPhoneOS.platform/Developer/SDKs/iPhoneOS18.5.sdk -target arm64-apple-ios17.0 -g -module-cache-path /Users/runner/work/Tally/Tally/build/ModuleCache.noindex -Xfrontend -serialize-debugging-options -enable-testing -index-store-path /Users/runner/work/Tally/Tally/build/Index.noindex/DataStore -swift-version 5 -I /Users/runner/work/Tally/Tally/build/Build/Products/Debug-iphoneos -I /Applications/Xcode_16.4.app/Contents/Developer/Platforms/iPhoneOS.platform/Developer/usr/lib -F /Users/runner/work/Tally/Tally/build/Build/Products/Debug-iphoneos/PackageFrameworks -F /Users/runner/work/Tally/Tally/build/Build/Products/Debug-iphoneos/PackageFrameworks -F /Users/runner/work/Tally/Tally/build/Build/Products/Debug-iphoneos -F /Applications/Xcode_16.4.app/Contents/Developer/Platforms/iPhoneOS.platform/Developer/Library/Frameworks -F /Applications/Xcode_16.4.app/Contents/Developer/Platforms/iPhoneOS.platform/Developer/SDKs/iPhoneOS18.5.sdk/Developer/Library/Frameworks -c -j3 -enable-batch-mode -incremental -Xcc -ivfsstatcache -Xcc /Users/runner/work/Tally/Tally/build/SDKStatCaches.noindex/iphoneos18.5-22F76-a529daf784b3616c7c04a36aeb7f5c05.sdkstatcache -output-file-map /Users/runner/work/Tally/Tally/build/Build/Intermediates.noindex/TallyPackages.build/Debug-iphoneos/TallyNotifications.build/Objects-normal/arm64/TallyNotifications-OutputFileMap.json -use-frontend-parseable-output -save-temps -no-color-diagnostics -serialize-diagnostics -emit-dependencies -emit-module -emit-module-path /Users/runner/work/Tally/Tally/build/Build/Intermediates.noindex/TallyPackages.build/Debug-iphoneos/TallyNotifications.build/Objects-normal/arm64/TallyNotifications.swiftmodule -validate-clang-modules-once -clang-build-session-file /Users/runner/work/Tally/Tally/build/ModuleCache.noindex/Session.modulevalidation -package-name tally -Xcc -I/Users/runner/work/Tally/Tally/build/Build/Intermediates.noindex/TallyPackages.build/Debug-iphoneos/TallyNotifications.build/swift-overrides.hmap -emit-const-values -Xfrontend -const-gather-protocols-file -Xfrontend /Users/runner/work/Tally/Tally/build/Build/Intermediates.noindex/TallyPackages.build/Debug-iphoneos/TallyNotifications.build/Objects-normal/arm64/TallyNotifications_const_extract_protocols.json -Xcc -I/Users/runner/work/Tally/Tally/build/Build/Products/Debug-iphoneos/include -Xcc -I/Users/runner/work/Tally/Tally/build/Build/Intermediates.noindex/TallyPackages.build/Debug-iphoneos/TallyNotifications.build/DerivedSources-normal/arm64 -Xcc -I/Users/runner/work/Tally/Tally/build/Build/Intermediates.noindex/TallyPackages.build/Debug-iphoneos/TallyNotifications.build/DerivedSources/arm64 -Xcc -I/Users/runner/work/Tally/Tally/build/Build/Intermediates.noindex/TallyPackages.build/Debug-iphoneos/TallyNotifications.build/DerivedSources -Xcc -DSWIFT_PACKAGE -Xcc -DDEBUG\=1 -emit-objc-header -emit-objc-header-path /Users/runner/work/Tally/Tally/build/Build/Intermediates.noindex/TallyPackages.build/Debug-iphoneos/TallyNotifications.build/Objects-normal/arm64/TallyNotifications-Swift.h -working-directory /Users/runner/work/Tally/Tally/apps/TallyiOS/TallyApp.xcodeproj -experimental-emit-module-separately -disable-cmo
2026-08-27T01:06:46.6957950Z 
2026-08-27T01:06:46.7059400Z SwiftCompile normal arm64 Compiling\ Microsoft365Adapter.swift /Users/runner/work/Tally/Tally/packages/TallyCalendarSync/Sources/Microsoft365Adapter.swift (in target 'TallyCalendarSync' from project 'TallyPackages')
2026-08-27T01:06:46.7160850Z 
2026-08-27T01:06:46.7263660Z SwiftCompile normal arm64 /Users/runner/work/Tally/Tally/packages/TallyCalendarSync/Sources/Microsoft365Adapter.swift (in target 'TallyCalendarSync' from project 'TallyPackages')
2026-08-27T01:06:46.7376610Z     cd /Users/runner/work/Tally/Tally/apps/TallyiOS/TallyApp.xcodeproj
2026-08-27T01:06:46.7477670Z     
2026-08-27T01:06:46.7579100Z 
2026-08-27T01:06:46.7680550Z SwiftCompile normal arm64 Compiling\ GoogleWorkspaceAdapter.swift /Users/runner/work/Tally/Tally/packages/TallyCalendarSync/Sources/GoogleWorkspaceAdapter.swift (in target 'TallyCalendarSync' from project 'TallyPackages')
2026-08-27T01:06:46.7780430Z 
2026-08-27T01:06:46.7882090Z SwiftCompile normal arm64 /Users/runner/work/Tally/Tally/packages/TallyCalendarSync/Sources/GoogleWorkspaceAdapter.swift (in target 'TallyCalendarSync' from project 'TallyPackages')
2026-08-27T01:06:46.7983360Z     cd /Users/runner/work/Tally/Tally/apps/TallyiOS/TallyApp.xcodeproj
2026-08-27T01:06:46.8082830Z     
2026-08-27T01:06:46.8184180Z 
2026-08-27T01:06:46.8288360Z SwiftDriverJobDiscovery normal arm64 Compiling Microsoft365Adapter.swift (in target 'TallyCalendarSync' from project 'TallyPackages')
2026-08-27T01:06:46.8390640Z 
2026-08-27T01:06:46.8492430Z SwiftCompile normal arm64 Compiling\ AppleCalendarAdapter.swift,\ CalendarSyncManager.swift /Users/runner/work/Tally/Tally/packages/TallyCalendarSync/Sources/AppleCalendarAdapter.swift /Users/runner/work/Tally/Tally/packages/TallyCalendarSync/Sources/CalendarSyncManager.swift (in target 'TallyCalendarSync' from project 'TallyPackages')
2026-08-27T01:06:46.8593770Z SwiftCompile normal arm64 /Users/runner/work/Tally/Tally/packages/TallyCalendarSync/Sources/AppleCalendarAdapter.swift (in target 'TallyCalendarSync' from project 'TallyPackages')
2026-08-27T01:06:46.8695250Z     cd /Users/runner/work/Tally/Tally/apps/TallyiOS/TallyApp.xcodeproj
2026-08-27T01:06:46.8796520Z     
2026-08-27T01:06:46.8897100Z 
2026-08-27T01:06:46.8997640Z SwiftCompile normal arm64 /Users/runner/work/Tally/Tally/packages/TallyCalendarSync/Sources/CalendarSyncManager.swift (in target 'TallyCalendarSync' from project 'TallyPackages')
2026-08-27T01:06:46.9098190Z     cd /Users/runner/work/Tally/Tally/apps/TallyiOS/TallyApp.xcodeproj
2026-08-27T01:06:46.9198380Z     
2026-08-27T01:06:46.9299090Z 
2026-08-27T01:06:46.9399860Z SwiftDriverJobDiscovery normal arm64 Compiling CanvasAPIClient.swift, CanvasDTOs.swift (in target 'TallyCanvasKit' from project 'TallyPackages')
2026-08-27T01:06:46.9500210Z 
2026-08-27T01:06:46.9601430Z SwiftCompile normal arm64 Compiling\ TallyCache.swift /Users/runner/work/Tally/Tally/packages/TallyCache/Sources/TallyCache.swift (in target 'TallyCache' from project 'TallyPackages')
2026-08-27T01:06:46.9701220Z 
2026-08-27T01:06:46.9802480Z SwiftCompile normal arm64 /Users/runner/work/Tally/Tally/packages/TallyCache/Sources/TallyCache.swift (in target 'TallyCache' from project 'TallyPackages')
2026-08-27T01:06:46.9903240Z     cd /Users/runner/work/Tally/Tally/apps/TallyiOS/TallyApp.xcodeproj
2026-08-27T01:06:47.0003900Z     
2026-08-27T01:06:47.0104270Z 
2026-08-27T01:06:47.0205330Z SwiftDriverJobDiscovery normal arm64 Compiling GoogleWorkspaceAdapter.swift (in target 'TallyCalendarSync' from project 'TallyPackages')
2026-08-27T01:06:47.0304900Z 
2026-08-27T01:06:47.0405800Z SwiftCompile normal arm64 Compiling\ CacheManager.swift /Users/runner/work/Tally/Tally/packages/TallyCache/Sources/CacheManager.swift (in target 'TallyCache' from project 'TallyPackages')
2026-08-27T01:06:47.0506120Z SwiftCompile normal arm64 /Users/runner/work/Tally/Tally/packages/TallyCache/Sources/CacheManager.swift (in target 'TallyCache' from project 'TallyPackages')
2026-08-27T01:06:47.0606050Z     cd /Users/runner/work/Tally/Tally/apps/TallyiOS/TallyApp.xcodeproj
2026-08-27T01:06:47.0706960Z     
2026-08-27T01:06:47.0807450Z 
2026-08-27T01:06:47.0908160Z SwiftDriverJobDiscovery normal arm64 Compiling TallyCache.swift (in target 'TallyCache' from project 'TallyPackages')
2026-08-27T01:06:47.1007920Z 
2026-08-27T01:06:47.1108870Z SwiftCompile normal arm64 Compiling\ CacheMetadataManager.swift /Users/runner/work/Tally/Tally/packages/TallyCache/Sources/CacheMetadataManager.swift (in target 'TallyCache' from project 'TallyPackages')
2026-08-27T01:06:47.1209020Z SwiftCompile normal arm64 /Users/runner/work/Tally/Tally/packages/TallyCache/Sources/CacheMetadataManager.swift (in target 'TallyCache' from project 'TallyPackages')
2026-08-27T01:06:47.1309050Z     cd /Users/runner/work/Tally/Tally/apps/TallyiOS/TallyApp.xcodeproj
2026-08-27T01:06:47.1409100Z     
2026-08-27T01:06:47.1451200Z 
2026-08-27T01:06:47.1451950Z SwiftDriverJobDiscovery normal arm64 Compiling CanvasOAuthManager.swift (in target 'TallyCanvasKit' from project 'TallyPackages')
2026-08-27T01:06:47.1552710Z 
2026-08-27T01:06:47.1653640Z SwiftDriver\ Compilation TallyCanvasKit normal arm64 com.apple.xcode.tools.swift.compiler (in target 'TallyCanvasKit' from project 'TallyPackages')
2026-08-27T01:06:47.1692990Z     cd /Users/runner/work/Tally/Tally/apps/TallyiOS/TallyApp.xcodeproj
2026-08-27T01:06:47.1806150Z     builtin-Swift-Compilation -- /Applications/Xcode_16.4.app/Contents/Developer/Toolchains/XcodeDefault.xctoolchain/usr/bin/swiftc -module-name TallyCanvasKit -Onone -enforce-exclusivity\=checked @/Users/runner/work/Tally/Tally/build/Build/Intermediates.noindex/TallyPackages.build/Debug-iphoneos/TallyCanvasKit.build/Objects-normal/arm64/TallyCanvasKit.SwiftFileList -DSWIFT_PACKAGE -DDEBUG -DXcode -plugin-path /Applications/Xcode_16.4.app/Contents/Developer/Toolchains/XcodeDefault.xctoolchain/usr/lib/swift/host/plugins/testing -enable-experimental-feature DebugDescriptionMacro -sdk /Applications/Xcode_16.4.app/Contents/Developer/Platforms/iPhoneOS.platform/Developer/SDKs/iPhoneOS18.5.sdk -target arm64-apple-ios17.0 -g -module-cache-path /Users/runner/work/Tally/Tally/build/ModuleCache.noindex -Xfrontend -serialize-debugging-options -enable-testing -index-store-path /Users/runner/work/Tally/Tally/build/Index.noindex/DataStore -swift-version 5 -I /Users/runner/work/Tally/Tally/build/Build/Products/Debug-iphoneos -I /Applications/Xcode_16.4.app/Contents/Developer/Platforms/iPhoneOS.platform/Developer/usr/lib -F /Users/runner/work/Tally/Tally/build/Build/Products/Debug-iphoneos/PackageFrameworks -F /Users/runner/work/Tally/Tally/build/Build/Products/Debug-iphoneos/PackageFrameworks -F /Users/runner/work/Tally/Tally/build/Build/Products/Debug-iphoneos/PackageFrameworks -F /Users/runner/work/Tally/Tally/build/Build/Products/Debug-iphoneos -F /Applications/Xcode_16.4.app/Contents/Developer/Platforms/iPhoneOS.platform/Developer/Library/Frameworks -F /Applications/Xcode_16.4.app/Contents/Developer/Platforms/iPhoneOS.platform/Developer/SDKs/iPhoneOS18.5.sdk/Developer/Library/Frameworks -c -j3 -enable-batch-mode -incremental -Xcc -ivfsstatcache -Xcc /Users/runner/work/Tally/Tally/build/SDKStatCaches.noindex/iphoneos18.5-22F76-a529daf784b3616c7c04a36aeb7f5c05.sdkstatcache -output-file-map /Users/runner/work/Tally/Tally/build/Build/Intermediates.noindex/TallyPackages.build/Debug-iphoneos/TallyCanvasKit.build/Objects-normal/arm64/TallyCanvasKit-OutputFileMap.json -use-frontend-parseable-output -save-temps -no-color-diagnostics -serialize-diagnostics -emit-dependencies -emit-module -emit-module-path /Users/runner/work/Tally/Tally/build/Build/Intermediates.noindex/TallyPackages.build/Debug-iphoneos/TallyCanvasKit.build/Objects-normal/arm64/TallyCanvasKit.swiftmodule -validate-clang-modules-once -clang-build-session-file /Users/runner/work/Tally/Tally/build/ModuleCache.noindex/Session.modulevalidation -package-name tally -Xcc -I/Users/runner/work/Tally/Tally/build/Build/Intermediates.noindex/TallyPackages.build/Debug-iphoneos/TallyCanvasKit.build/swift-overrides.hmap -emit-const-values -Xfrontend -const-gather-protocols-file -Xfrontend /Users/runner/work/Tally/Tally/build/Build/Intermediates.noindex/TallyPackages.build/Debug-iphoneos/TallyCanvasKit.build/Objects-normal/arm64/TallyCanvasKit_const_extract_protocols.json -Xcc -I/Users/runner/work/Tally/Tally/build/Build/Products/Debug-iphoneos/include -Xcc -I/Users/runner/work/Tally/Tally/build/Build/Intermediates.noindex/TallyPackages.build/Debug-iphoneos/TallyCanvasKit.build/DerivedSources-normal/arm64 -Xcc -I/Users/runner/work/Tally/Tally/build/Build/Intermediates.noindex/TallyPackages.build/Debug-iphoneos/TallyCanvasKit.build/DerivedSources/arm64 -Xcc -I/Users/runner/work/Tally/Tally/build/Build/Intermediates.noindex/TallyPackages.build/Debug-iphoneos/TallyCanvasKit.build/DerivedSources -Xcc -DSWIFT_PACKAGE -Xcc -DDEBUG\=1 -emit-objc-header -emit-objc-header-path /Users/runner/work/Tally/Tally/build/Build/Intermediates.noindex/TallyPackages.build/Debug-iphoneos/TallyCanvasKit.build/Objects-normal/arm64/TallyCanvasKit-Swift.h -working-directory /Users/runner/work/Tally/Tally/apps/TallyiOS/TallyApp.xcodeproj -experimental-emit-module-separately -disable-cmo
2026-08-27T01:06:47.1895020Z 
2026-08-27T01:06:47.1996020Z SwiftDriverJobDiscovery normal arm64 Compiling AppleCalendarAdapter.swift, CalendarSyncManager.swift (in target 'TallyCalendarSync' from project 'TallyPackages')
2026-08-27T01:06:47.2096820Z 
2026-08-27T01:06:47.2160840Z SwiftDriver\ Compilation TallyCalendarSync normal arm64 com.apple.xcode.tools.swift.compiler (in target 'TallyCalendarSync' from project 'TallyPackages')
2026-08-27T01:06:47.2189760Z     cd /Users/runner/work/Tally/Tally/apps/TallyiOS/TallyApp.xcodeproj
2026-08-27T01:06:47.2301440Z     builtin-Swift-Compilation -- /Applications/Xcode_16.4.app/Contents/Developer/Toolchains/XcodeDefault.xctoolchain/usr/bin/swiftc -module-name TallyCalendarSync -Onone -enforce-exclusivity\=checked @/Users/runner/work/Tally/Tally/build/Build/Intermediates.noindex/TallyPackages.build/Debug-iphoneos/TallyCalendarSync.build/Objects-normal/arm64/TallyCalendarSync.SwiftFileList -DSWIFT_PACKAGE -DDEBUG -DXcode -plugin-path /Applications/Xcode_16.4.app/Contents/Developer/Toolchains/XcodeDefault.xctoolchain/usr/lib/swift/host/plugins/testing -enable-experimental-feature DebugDescriptionMacro -sdk /Applications/Xcode_16.4.app/Contents/Developer/Platforms/iPhoneOS.platform/Developer/SDKs/iPhoneOS18.5.sdk -target arm64-apple-ios17.0 -g -module-cache-path /Users/runner/work/Tally/Tally/build/ModuleCache.noindex -Xfrontend -serialize-debugging-options -enable-testing -index-store-path /Users/runner/work/Tally/Tally/build/Index.noindex/DataStore -swift-version 5 -I /Users/runner/work/Tally/Tally/build/Build/Products/Debug-iphoneos -I /Applications/Xcode_16.4.app/Contents/Developer/Platforms/iPhoneOS.platform/Developer/usr/lib -F /Users/runner/work/Tally/Tally/build/Build/Products/Debug-iphoneos/PackageFrameworks -F /Users/runner/work/Tally/Tally/build/Build/Products/Debug-iphoneos/PackageFrameworks -F /Users/runner/work/Tally/Tally/build/Build/Products/Debug-iphoneos -F /Applications/Xcode_16.4.app/Contents/Developer/Platforms/iPhoneOS.platform/Developer/Library/Frameworks -F /Applications/Xcode_16.4.app/Contents/Developer/Platforms/iPhoneOS.platform/Developer/SDKs/iPhoneOS18.5.sdk/Developer/Library/Frameworks -c -j3 -enable-batch-mode -incremental -Xcc -ivfsstatcache -Xcc /Users/runner/work/Tally/Tally/build/SDKStatCaches.noindex/iphoneos18.5-22F76-a529daf784b3616c7c04a36aeb7f5c05.sdkstatcache -output-file-map /Users/runner/work/Tally/Tally/build/Build/Intermediates.noindex/TallyPackages.build/Debug-iphoneos/TallyCalendarSync.build/Objects-normal/arm64/TallyCalendarSync-OutputFileMap.json -use-frontend-parseable-output -save-temps -no-color-diagnostics -serialize-diagnostics -emit-dependencies -emit-module -emit-module-path /Users/runner/work/Tally/Tally/build/Build/Intermediates.noindex/TallyPackages.build/Debug-iphoneos/TallyCalendarSync.build/Objects-normal/arm64/TallyCalendarSync.swiftmodule -validate-clang-modules-once -clang-build-session-file /Users/runner/work/Tally/Tally/build/ModuleCache.noindex/Session.modulevalidation -package-name tally -Xcc -I/Users/runner/work/Tally/Tally/build/Build/Intermediates.noindex/TallyPackages.build/Debug-iphoneos/TallyCalendarSync.build/swift-overrides.hmap -emit-const-values -Xfrontend -const-gather-protocols-file -Xfrontend /Users/runner/work/Tally/Tally/build/Build/Intermediates.noindex/TallyPackages.build/Debug-iphoneos/TallyCalendarSync.build/Objects-normal/arm64/TallyCalendarSync_const_extract_protocols.json -Xcc -I/Users/runner/work/Tally/Tally/build/Build/Products/Debug-iphoneos/include -Xcc -I/Users/runner/work/Tally/Tally/build/Build/Intermediates.noindex/TallyPackages.build/Debug-iphoneos/TallyCalendarSync.build/DerivedSources-normal/arm64 -Xcc -I/Users/runner/work/Tally/Tally/build/Build/Intermediates.noindex/TallyPackages.build/Debug-iphoneos/TallyCalendarSync.build/DerivedSources/arm64 -Xcc -I/Users/runner/work/Tally/Tally/build/Build/Intermediates.noindex/TallyPackages.build/Debug-iphoneos/TallyCalendarSync.build/DerivedSources -Xcc -DSWIFT_PACKAGE -Xcc -DDEBUG\=1 -emit-objc-header -emit-objc-header-path /Users/runner/work/Tally/Tally/build/Build/Intermediates.noindex/TallyPackages.build/Debug-iphoneos/TallyCalendarSync.build/Objects-normal/arm64/TallyCalendarSync-Swift.h -working-directory /Users/runner/work/Tally/Tally/apps/TallyiOS/TallyApp.xcodeproj -experimental-emit-module-separately -disable-cmo
2026-08-27T01:06:47.2313580Z 
2026-08-27T01:06:47.2328630Z ExtractAppIntentsMetadata (in target 'TallyDesignSystem' from project 'TallyPackages')
2026-08-27T01:06:47.2432590Z     cd /Users/runner/work/Tally/Tally
2026-08-27T01:06:47.2540050Z     /Applications/Xcode_16.4.app/Contents/Developer/Toolchains/XcodeDefault.xctoolchain/usr/bin/appintentsmetadataprocessor --toolchain-dir /Applications/Xcode_16.4.app/Contents/Developer/Toolchains/XcodeDefault.xctoolchain --module-name TallyDesignSystem --sdk-root /Applications/Xcode_16.4.app/Contents/Developer/Platforms/iPhoneOS.platform/Developer/SDKs/iPhoneOS18.5.sdk --xcode-version 16F6 --platform-family iOS --deployment-target 17.0 --bundle-identifier tally.TallyDesignSystem --output /Users/runner/work/Tally/Tally/build/Build/Products/Debug-iphoneos/TallyDesignSystem.appintents --target-triple arm64-apple-ios17.0 --binary-file /Users/runner/work/Tally/Tally/build/Build/Products/Debug-iphoneos/TallyDesignSystem.o --dependency-file /Users/runner/work/Tally/Tally/build/Build/Intermediates.noindex/TallyPackages.build/Debug-iphoneos/TallyDesignSystem.build/Objects-normal/arm64/TallyDesignSystem_dependency_info.dat --stringsdata-file /Users/runner/work/Tally/Tally/build/Build/Intermediates.noindex/TallyPackages.build/Debug-iphoneos/TallyDesignSystem.build/Objects-normal/arm64/ExtractedAppShortcutsMetadata.stringsdata --source-file-list /Users/runner/work/Tally/Tally/build/Build/Intermediates.noindex/TallyPackages.build/Debug-iphoneos/TallyDesignSystem.build/Objects-normal/arm64/TallyDesignSystem.SwiftFileList --metadata-file-list /Users/runner/work/Tally/Tally/build/Build/Intermediates.noindex/TallyPackages.build/Debug-iphoneos/TallyDesignSystem.build/TallyDesignSystem.DependencyMetadataFileList --static-metadata-file-list /Users/runner/work/Tally/Tally/build/Build/Intermediates.noindex/TallyPackages.build/Debug-iphoneos/TallyDesignSystem.build/TallyDesignSystem.DependencyStaticMetadataFileList --swift-const-vals-list /Users/runner/work/Tally/Tally/build/Build/Intermediates.noindex/TallyPackages.build/Debug-iphoneos/TallyDesignSystem.build/Objects-normal/arm64/TallyDesignSystem.SwiftConstValuesFileList --force --compile-time-extraction --deployment-aware-processing --validate-assistant-intents --no-app-shortcuts-localization
2026-08-27T01:06:47.2647510Z 2026-08-27 01:06:44.549 appintentsmetadataprocessor[5841:21800] Starting appintentsmetadataprocessor export
2026-08-27T01:06:47.2748680Z 2026-08-27 01:06:44.586 appintentsmetadataprocessor[5841:21800] Extracted no relevant App Intents symbols, skipping writing output
2026-08-27T01:06:47.2849440Z 
2026-08-27T01:06:47.2856610Z RegisterExecutionPolicyException /Users/runner/work/Tally/Tally/build/Build/Products/Debug-iphoneos/TallySecurity.o (in target 'TallySecurity' from project 'TallyPackages')
2026-08-27T01:06:47.2952340Z     cd /Users/runner/work/Tally/Tally
2026-08-27T01:06:47.2966040Z     builtin-RegisterExecutionPolicyException /Users/runner/work/Tally/Tally/build/Build/Products/Debug-iphoneos/TallySecurity.o
2026-08-27T01:06:47.2969090Z 
2026-08-27T01:06:47.2971050Z RegisterExecutionPolicyException /Users/runner/work/Tally/Tally/build/Build/Products/Debug-iphoneos/TallyObservability.o (in target 'TallyObservability' from project 'TallyPackages')
2026-08-27T01:06:47.2971830Z     cd /Users/runner/work/Tally/Tally
2026-08-27T01:06:47.2974220Z     builtin-RegisterExecutionPolicyException /Users/runner/work/Tally/Tally/build/Build/Products/Debug-iphoneos/TallyObservability.o
2026-08-27T01:06:47.2974860Z 
2026-08-27T01:06:47.2975470Z RegisterExecutionPolicyException /Users/runner/work/Tally/Tally/build/Build/Products/Debug-iphoneos/TallyDomain.o (in target 'TallyDomain' from project 'TallyPackages')
2026-08-27T01:06:47.2976180Z     cd /Users/runner/work/Tally/Tally
2026-08-27T01:06:47.2976710Z     builtin-RegisterExecutionPolicyException /Users/runner/work/Tally/Tally/build/Build/Products/Debug-iphoneos/TallyDomain.o
2026-08-27T01:06:47.2977220Z 
2026-08-27T01:06:47.2977600Z SwiftDriver TallyData normal arm64 com.apple.xcode.tools.swift.compiler (in target 'TallyData' from project 'TallyPackages')
2026-08-27T01:06:47.2978320Z     cd /Users/runner/work/Tally/Tally/apps/TallyiOS/TallyApp.xcodeproj
2026-08-27T01:06:47.2995200Z     builtin-SwiftDriver -- /Applications/Xcode_16.4.app/Contents/Developer/Toolchains/XcodeDefault.xctoolchain/usr/bin/swiftc -module-name TallyData -Onone -enforce-exclusivity\=checked @/Users/runner/work/Tally/Tally/build/Build/Intermediates.noindex/TallyPackages.build/Debug-iphoneos/TallyData.build/Objects-normal/arm64/TallyData.SwiftFileList -DSWIFT_PACKAGE -DDEBUG -DXcode -plugin-path /Applications/Xcode_16.4.app/Contents/Developer/Toolchains/XcodeDefault.xctoolchain/usr/lib/swift/host/plugins/testing -enable-experimental-feature DebugDescriptionMacro -sdk /Applications/Xcode_16.4.app/Contents/Developer/Platforms/iPhoneOS.platform/Developer/SDKs/iPhoneOS18.5.sdk -target arm64-apple-ios17.0 -g -module-cache-path /Users/runner/work/Tally/Tally/build/ModuleCache.noindex -Xfrontend -serialize-debugging-options -enable-testing -index-store-path /Users/runner/work/Tally/Tally/build/Index.noindex/DataStore -swift-version 5 -I /Users/runner/work/Tally/Tally/build/Build/Products/Debug-iphoneos -I /Applications/Xcode_16.4.app/Contents/Developer/Platforms/iPhoneOS.platform/Developer/usr/lib -F /Users/runner/work/Tally/Tally/build/Build/Products/Debug-iphoneos/PackageFrameworks -F /Users/runner/work/Tally/Tally/build/Build/Products/Debug-iphoneos/PackageFrameworks -F /Users/runner/work/Tally/Tally/build/Build/Products/Debug-iphoneos/PackageFrameworks -F /Users/runner/work/Tally/Tally/build/Build/Products/Debug-iphoneos/PackageFrameworks -F /Users/runner/work/Tally/Tally/build/Build/Products/Debug-iphoneos/PackageFrameworks -F /Users/runner/work/Tally/Tally/build/Build/Products/Debug-iphoneos -F /Applications/Xcode_16.4.app/Contents/Developer/Platforms/iPhoneOS.platform/Developer/Library/Frameworks -F /Applications/Xcode_16.4.app/Contents/Developer/Platforms/iPhoneOS.platform/Developer/SDKs/iPhoneOS18.5.sdk/Developer/Library/Frameworks -c -j3 -enable-batch-mode -incremental -Xcc -ivfsstatcache -Xcc /Users/runner/work/Tally/Tally/build/SDKStatCaches.noindex/iphoneos18.5-22F76-a529daf784b3616c7c04a36aeb7f5c05.sdkstatcache -output-file-map /Users/runner/work/Tally/Tally/build/Build/Intermediates.noindex/TallyPackages.build/Debug-iphoneos/TallyData.build/Objects-normal/arm64/TallyData-OutputFileMap.json -use-frontend-parseable-output -save-temps -no-color-diagnostics -serialize-diagnostics -emit-dependencies -emit-module -emit-module-path /Users/runner/work/Tally/Tally/build/Build/Intermediates.noindex/TallyPackages.build/Debug-iphoneos/TallyData.build/Objects-normal/arm64/TallyData.swiftmodule -validate-clang-modules-once -clang-build-session-file /Users/runner/work/Tally/Tally/build/ModuleCache.noindex/Session.modulevalidation -package-name tally -Xcc -I/Users/runner/work/Tally/Tally/build/Build/Intermediates.noindex/TallyPackages.build/Debug-iphoneos/TallyData.build/swift-overrides.hmap -emit-const-values -Xfrontend -const-gather-protocols-file -Xfrontend /Users/runner/work/Tally/Tally/build/Build/Intermediates.noindex/TallyPackages.build/Debug-iphoneos/TallyData.build/Objects-normal/arm64/TallyData_const_extract_protocols.json -Xcc -I/Users/runner/work/Tally/Tally/build/Build/Products/Debug-iphoneos/include -Xcc -I/Users/runner/work/Tally/Tally/build/Build/Intermediates.noindex/TallyPackages.build/Debug-iphoneos/TallyData.build/DerivedSources-normal/arm64 -Xcc -I/Users/runner/work/Tally/Tally/build/Build/Intermediates.noindex/TallyPackages.build/Debug-iphoneos/TallyData.build/DerivedSources/arm64 -Xcc -I/Users/runner/work/Tally/Tally/build/Build/Intermediates.noindex/TallyPackages.build/Debug-iphoneos/TallyData.build/DerivedSources -Xcc -DSWIFT_PACKAGE -Xcc -DDEBUG\=1 -emit-objc-header -emit-objc-header-path /Users/runner/work/Tally/Tally/build/Build/Intermediates.noindex/TallyPackages.build/Debug-iphoneos/TallyData.build/Objects-normal/arm64/TallyData-Swift.h -working-directory /Users/runner/work/Tally/Tally/apps/TallyiOS/TallyApp.xcodeproj -experimental-emit-module-separately -disable-cmo
2026-08-27T01:06:47.3008970Z 
2026-08-27T01:06:47.3009250Z SwiftEmitModule normal arm64 Emitting\ module\ for\ TallyData (in target 'TallyData' from project 'TallyPackages')
2026-08-27T01:06:47.3009690Z 
2026-08-27T01:06:47.3009890Z EmitSwiftModule normal arm64 (in target 'TallyData' from project 'TallyPackages')
2026-08-27T01:06:47.3010400Z     cd /Users/runner/work/Tally/Tally/apps/TallyiOS/TallyApp.xcodeproj
2026-08-27T01:06:47.3010820Z     
2026-08-27T01:06:47.3010900Z 
2026-08-27T01:06:47.3011510Z SwiftCompile normal arm64 Compiling\ RefreshOrchestrator.swift /Users/runner/work/Tally/Tally/packages/TallyData/Sources/RefreshOrchestrator.swift (in target 'TallyData' from project 'TallyPackages')
2026-08-27T01:06:47.3012980Z SwiftCompile normal arm64 /Users/runner/work/Tally/Tally/packages/TallyData/Sources/RefreshOrchestrator.swift (in target 'TallyData' from project 'TallyPackages')
2026-08-27T01:06:47.3013900Z     cd /Users/runner/work/Tally/Tally/apps/TallyiOS/TallyApp.xcodeproj
2026-08-27T01:06:47.3014230Z     
2026-08-27T01:06:47.3014360Z 
2026-08-27T01:06:47.3014660Z SwiftDriverJobDiscovery normal arm64 Compiling CacheManager.swift (in target 'TallyCache' from project 'TallyPackages')
2026-08-27T01:06:47.3015570Z 
2026-08-27T01:06:47.3016400Z SwiftCompile normal arm64 Compiling\ BackgroundSyncManager.swift /Users/runner/work/Tally/Tally/packages/TallyData/Sources/BackgroundSyncManager.swift (in target 'TallyData' from project 'TallyPackages')
2026-08-27T01:06:47.3017620Z SwiftCompile normal arm64 /Users/runner/work/Tally/Tally/packages/TallyData/Sources/BackgroundSyncManager.swift (in target 'TallyData' from project 'TallyPackages')
2026-08-27T01:06:47.3019210Z     cd /Users/runner/work/Tally/Tally/apps/TallyiOS/TallyApp.xcodeproj
2026-08-27T01:06:47.3019520Z     
2026-08-27T01:06:47.3019600Z 
2026-08-27T01:06:47.3019960Z SwiftDriverJobDiscovery normal arm64 Compiling CacheMetadataManager.swift (in target 'TallyCache' from project 'TallyPackages')
2026-08-27T01:06:47.3020410Z 
2026-08-27T01:06:47.3020900Z SwiftCompile normal arm64 Compiling\ TallyData.swift /Users/runner/work/Tally/Tally/packages/TallyData/Sources/TallyData.swift (in target 'TallyData' from project 'TallyPackages')
2026-08-27T01:06:47.3021470Z 
2026-08-27T01:06:47.3021880Z SwiftCompile normal arm64 /Users/runner/work/Tally/Tally/packages/TallyData/Sources/TallyData.swift (in target 'TallyData' from project 'TallyPackages')
2026-08-27T01:06:47.3022480Z     cd /Users/runner/work/Tally/Tally/apps/TallyiOS/TallyApp.xcodeproj
2026-08-27T01:06:47.3022760Z     
2026-08-27T01:06:47.3022830Z 
2026-08-27T01:06:47.3023290Z SwiftDriverJobDiscovery normal arm64 Emitting module for TallyData (in target 'TallyData' from project 'TallyPackages')
2026-08-27T01:06:47.3023680Z 
2026-08-27T01:06:47.3024140Z SwiftDriver\ Compilation\ Requirements TallyData normal arm64 com.apple.xcode.tools.swift.compiler (in target 'TallyData' from project 'TallyPackages')
2026-08-27T01:06:47.3024770Z     cd /Users/runner/work/Tally/Tally/apps/TallyiOS/TallyApp.xcodeproj
2026-08-27T01:06:47.3037250Z     builtin-Swift-Compilation-Requirements -- /Applications/Xcode_16.4.app/Contents/Developer/Toolchains/XcodeDefault.xctoolchain/usr/bin/swiftc -module-name TallyData -Onone -enforce-exclusivity\=checked @/Users/runner/work/Tally/Tally/build/Build/Intermediates.noindex/TallyPackages.build/Debug-iphoneos/TallyData.build/Objects-normal/arm64/TallyData.SwiftFileList -DSWIFT_PACKAGE -DDEBUG -DXcode -plugin-path /Applications/Xcode_16.4.app/Contents/Developer/Toolchains/XcodeDefault.xctoolchain/usr/lib/swift/host/plugins/testing -enable-experimental-feature DebugDescriptionMacro -sdk /Applications/Xcode_16.4.app/Contents/Developer/Platforms/iPhoneOS.platform/Developer/SDKs/iPhoneOS18.5.sdk -target arm64-apple-ios17.0 -g -module-cache-path /Users/runner/work/Tally/Tally/build/ModuleCache.noindex -Xfrontend -serialize-debugging-options -enable-testing -index-store-path /Users/runner/work/Tally/Tally/build/Index.noindex/DataStore -swift-version 5 -I /Users/runner/work/Tally/Tally/build/Build/Products/Debug-iphoneos -I /Applications/Xcode_16.4.app/Contents/Developer/Platforms/iPhoneOS.platform/Developer/usr/lib -F /Users/runner/work/Tally/Tally/build/Build/Products/Debug-iphoneos/PackageFrameworks -F /Users/runner/work/Tally/Tally/build/Build/Products/Debug-iphoneos/PackageFrameworks -F /Users/runner/work/Tally/Tally/build/Build/Products/Debug-iphoneos/PackageFrameworks -F /Users/runner/work/Tally/Tally/build/Build/Products/Debug-iphoneos/PackageFrameworks -F /Users/runner/work/Tally/Tally/build/Build/Products/Debug-iphoneos/PackageFrameworks -F /Users/runner/work/Tally/Tally/build/Build/Products/Debug-iphoneos -F /Applications/Xcode_16.4.app/Contents/Developer/Platforms/iPhoneOS.platform/Developer/Library/Frameworks -F /Applications/Xcode_16.4.app/Contents/Developer/Platforms/iPhoneOS.platform/Developer/SDKs/iPhoneOS18.5.sdk/Developer/Library/Frameworks -c -j3 -enable-batch-mode -incremental -Xcc -ivfsstatcache -Xcc /Users/runner/work/Tally/Tally/build/SDKStatCaches.noindex/iphoneos18.5-22F76-a529daf784b3616c7c04a36aeb7f5c05.sdkstatcache -output-file-map /Users/runner/work/Tally/Tally/build/Build/Intermediates.noindex/TallyPackages.build/Debug-iphoneos/TallyData.build/Objects-normal/arm64/TallyData-OutputFileMap.json -use-frontend-parseable-output -save-temps -no-color-diagnostics -serialize-diagnostics -emit-dependencies -emit-module -emit-module-path /Users/runner/work/Tally/Tally/build/Build/Intermediates.noindex/TallyPackages.build/Debug-iphoneos/TallyData.build/Objects-normal/arm64/TallyData.swiftmodule -validate-clang-modules-once -clang-build-session-file /Users/runner/work/Tally/Tally/build/ModuleCache.noindex/Session.modulevalidation -package-name tally -Xcc -I/Users/runner/work/Tally/Tally/build/Build/Intermediates.noindex/TallyPackages.build/Debug-iphoneos/TallyData.build/swift-overrides.hmap -emit-const-values -Xfrontend -const-gather-protocols-file -Xfrontend /Users/runner/work/Tally/Tally/build/Build/Intermediates.noindex/TallyPackages.build/Debug-iphoneos/TallyData.build/Objects-normal/arm64/TallyData_const_extract_protocols.json -Xcc -I/Users/runner/work/Tally/Tally/build/Build/Products/Debug-iphoneos/include -Xcc -I/Users/runner/work/Tally/Tally/build/Build/Intermediates.noindex/TallyPackages.build/Debug-iphoneos/TallyData.build/DerivedSources-normal/arm64 -Xcc -I/Users/runner/work/Tally/Tally/build/Build/Intermediates.noindex/TallyPackages.build/Debug-iphoneos/TallyData.build/DerivedSources/arm64 -Xcc -I/Users/runner/work/Tally/Tally/build/Build/Intermediates.noindex/TallyPackages.build/Debug-iphoneos/TallyData.build/DerivedSources -Xcc -DSWIFT_PACKAGE -Xcc -DDEBUG\=1 -emit-objc-header -emit-objc-header-path /Users/runner/work/Tally/Tally/build/Build/Intermediates.noindex/TallyPackages.build/Debug-iphoneos/TallyData.build/Objects-normal/arm64/TallyData-Swift.h -working-directory /Users/runner/work/Tally/Tally/apps/TallyiOS/TallyApp.xcodeproj -experimental-emit-module-separately -disable-cmo
2026-08-27T01:06:47.3050350Z 
2026-08-27T01:06:47.3050660Z SwiftDriverJobDiscovery normal arm64 Compiling TallyData.swift (in target 'TallyData' from project 'TallyPackages')
2026-08-27T01:06:47.3051030Z 
2026-08-27T01:06:47.3051380Z SwiftDriver\ Compilation TallyCache normal arm64 com.apple.xcode.tools.swift.compiler (in target 'TallyCache' from project 'TallyPackages')
2026-08-27T01:06:47.3051950Z     cd /Users/runner/work/Tally/Tally/apps/TallyiOS/TallyApp.xcodeproj
2026-08-27T01:06:47.3065020Z     builtin-Swift-Compilation -- /Applications/Xcode_16.4.app/Contents/Developer/Toolchains/XcodeDefault.xctoolchain/usr/bin/swiftc -module-name TallyCache -Onone -enforce-exclusivity\=checked @/Users/runner/work/Tally/Tally/build/Build/Intermediates.noindex/TallyPackages.build/Debug-iphoneos/TallyCache.build/Objects-normal/arm64/TallyCache.SwiftFileList -DSWIFT_PACKAGE -DDEBUG -DXcode -plugin-path /Applications/Xcode_16.4.app/Contents/Developer/Toolchains/XcodeDefault.xctoolchain/usr/lib/swift/host/plugins/testing -enable-experimental-feature DebugDescriptionMacro -sdk /Applications/Xcode_16.4.app/Contents/Developer/Platforms/iPhoneOS.platform/Developer/SDKs/iPhoneOS18.5.sdk -target arm64-apple-ios17.0 -g -module-cache-path /Users/runner/work/Tally/Tally/build/ModuleCache.noindex -Xfrontend -serialize-debugging-options -enable-testing -index-store-path /Users/runner/work/Tally/Tally/build/Index.noindex/DataStore -swift-version 5 -I /Users/runner/work/Tally/Tally/build/Build/Products/Debug-iphoneos -I /Applications/Xcode_16.4.app/Contents/Developer/Platforms/iPhoneOS.platform/Developer/usr/lib -F /Users/runner/work/Tally/Tally/build/Build/Products/Debug-iphoneos/PackageFrameworks -F /Users/runner/work/Tally/Tally/build/Build/Products/Debug-iphoneos/PackageFrameworks -F /Users/runner/work/Tally/Tally/build/Build/Products/Debug-iphoneos -F /Applications/Xcode_16.4.app/Contents/Developer/Platforms/iPhoneOS.platform/Developer/Library/Frameworks -F /Applications/Xcode_16.4.app/Contents/Developer/Platforms/iPhoneOS.platform/Developer/SDKs/iPhoneOS18.5.sdk/Developer/Library/Frameworks -c -j3 -enable-batch-mode -incremental -Xcc -ivfsstatcache -Xcc /Users/runner/work/Tally/Tally/build/SDKStatCaches.noindex/iphoneos18.5-22F76-a529daf784b3616c7c04a36aeb7f5c05.sdkstatcache -output-file-map /Users/runner/work/Tally/Tally/build/Build/Intermediates.noindex/TallyPackages.build/Debug-iphoneos/TallyCache.build/Objects-normal/arm64/TallyCache-OutputFileMap.json -use-frontend-parseable-output -save-temps -no-color-diagnostics -serialize-diagnostics -emit-dependencies -emit-module -emit-module-path /Users/runner/work/Tally/Tally/build/Build/Intermediates.noindex/TallyPackages.build/Debug-iphoneos/TallyCache.build/Objects-normal/arm64/TallyCache.swiftmodule -validate-clang-modules-once -clang-build-session-file /Users/runner/work/Tally/Tally/build/ModuleCache.noindex/Session.modulevalidation -package-name tally -Xcc -I/Users/runner/work/Tally/Tally/build/Build/Intermediates.noindex/TallyPackages.build/Debug-iphoneos/TallyCache.build/swift-overrides.hmap -emit-const-values -Xfrontend -const-gather-protocols-file -Xfrontend /Users/runner/work/Tally/Tally/build/Build/Intermediates.noindex/TallyPackages.build/Debug-iphoneos/TallyCache.build/Objects-normal/arm64/TallyCache_const_extract_protocols.json -Xcc -I/Users/runner/work/Tally/Tally/build/Build/Products/Debug-iphoneos/include -Xcc -I/Users/runner/work/Tally/Tally/build/Build/Intermediates.noindex/TallyPackages.build/Debug-iphoneos/TallyCache.build/DerivedSources-normal/arm64 -Xcc -I/Users/runner/work/Tally/Tally/build/Build/Intermediates.noindex/TallyPackages.build/Debug-iphoneos/TallyCache.build/DerivedSources/arm64 -Xcc -I/Users/runner/work/Tally/Tally/build/Build/Intermediates.noindex/TallyPackages.build/Debug-iphoneos/TallyCache.build/DerivedSources -Xcc -DSWIFT_PACKAGE -Xcc -DDEBUG\=1 -emit-objc-header -emit-objc-header-path /Users/runner/work/Tally/Tally/build/Build/Intermediates.noindex/TallyPackages.build/Debug-iphoneos/TallyCache.build/Objects-normal/arm64/TallyCache-Swift.h -working-directory /Users/runner/work/Tally/Tally/apps/TallyiOS/TallyApp.xcodeproj -experimental-emit-module-separately -disable-cmo
2026-08-27T01:06:47.3076620Z 
2026-08-27T01:06:47.3076990Z SwiftDriverJobDiscovery normal arm64 Compiling RefreshOrchestrator.swift (in target 'TallyData' from project 'TallyPackages')
2026-08-27T01:06:47.3077460Z 
2026-08-27T01:06:47.3078570Z SwiftMergeGeneratedHeaders /Users/runner/work/Tally/Tally/build/Build/Intermediates.noindex/GeneratedModuleMaps-iphoneos/TallyData-Swift.h /Users/runner/work/Tally/Tally/build/Build/Intermediates.noindex/TallyPackages.build/Debug-iphoneos/TallyData.build/Objects-normal/arm64/TallyData-Swift.h (in target 'TallyData' from project 'TallyPackages')
2026-08-27T01:06:47.3079820Z     cd /Users/runner/work/Tally/Tally
2026-08-27T01:06:47.3080810Z     builtin-swiftHeaderTool -arch arm64 /Users/runner/work/Tally/Tally/build/Build/Intermediates.noindex/TallyPackages.build/Debug-iphoneos/TallyData.build/Objects-normal/arm64/TallyData-Swift.h -o /Users/runner/work/Tally/Tally/build/Build/Intermediates.noindex/GeneratedModuleMaps-iphoneos/TallyData-Swift.h
2026-08-27T01:06:47.3081750Z 
2026-08-27T01:06:47.3082110Z Ld /Users/runner/work/Tally/Tally/build/Build/Products/Debug-iphoneos/TallyCache.o normal (in target 'TallyCache' from project 'TallyPackages')
2026-08-27T01:06:47.3082750Z     cd /Users/runner/work/Tally/Tally
2026-08-27T01:06:47.3089290Z     /Applications/Xcode_16.4.app/Contents/Developer/Toolchains/XcodeDefault.xctoolchain/usr/bin/clang -Xlinker -reproducible -target arm64-apple-ios17.0 -r -isysroot /Applications/Xcode_16.4.app/Contents/Developer/Platforms/iPhoneOS.platform/Developer/SDKs/iPhoneOS18.5.sdk -O0 -L/Users/runner/work/Tally/Tally/build/Build/Intermediates.noindex/EagerLinkingTBDs/Debug-iphoneos -L/Users/runner/work/Tally/Tally/build/Build/Products/Debug-iphoneos -L/Applications/Xcode_16.4.app/Contents/Developer/Platforms/iPhoneOS.platform/Developer/usr/lib -F/Users/runner/work/Tally/Tally/build/Build/Intermediates.noindex/EagerLinkingTBDs/Debug-iphoneos -F/Users/runner/work/Tally/Tally/build/Build/Products/Debug-iphoneos/PackageFrameworks -F/Users/runner/work/Tally/Tally/build/Build/Products/Debug-iphoneos/PackageFrameworks -F/Users/runner/work/Tally/Tally/build/Build/Products/Debug-iphoneos -iframework /Applications/Xcode_16.4.app/Contents/Developer/Platforms/iPhoneOS.platform/Developer/Library/Frameworks -iframework /Applications/Xcode_16.4.app/Contents/Developer/Platforms/iPhoneOS.platform/Developer/SDKs/iPhoneOS18.5.sdk/Developer/Library/Frameworks -filelist /Users/runner/work/Tally/Tally/build/Build/Intermediates.noindex/TallyPackages.build/Debug-iphoneos/TallyCache.build/Objects-normal/arm64/TallyCache.LinkFileList -nostdlib -Xlinker -object_path_lto -Xlinker /Users/runner/work/Tally/Tally/build/Build/Intermediates.noindex/TallyPackages.build/Debug-iphoneos/TallyCache.build/Objects-normal/arm64/TallyCache_lto.o -rdynamic -Xlinker -no_deduplicate -Xlinker -dependency_info -Xlinker /Users/runner/work/Tally/Tally/build/Build/Intermediates.noindex/TallyPackages.build/Debug-iphoneos/TallyCache.build/Objects-normal/arm64/TallyCache_dependency_info.dat -fobjc-link-runtime -L/Applications/Xcode_16.4.app/Contents/Developer/Toolchains/XcodeDefault.xctoolchain/usr/lib/swift/iphoneos -L/usr/lib/swift -Xlinker -add_ast_path -Xlinker /Users/runner/work/Tally/Tally/build/Build/Intermediates.noindex/TallyPackages.build/Debug-iphoneos/TallyCache.build/Objects-normal/arm64/TallyCache.swiftmodule -o /Users/runner/work/Tally/Tally/build/Build/Products/Debug-iphoneos/TallyCache.o
2026-08-27T01:06:47.3095770Z 
2026-08-27T01:06:47.3096790Z Copy /Users/runner/work/Tally/Tally/build/Build/Products/Debug-iphoneos/TallyData.swiftmodule/arm64-apple-ios.swiftmodule /Users/runner/work/Tally/Tally/build/Build/Intermediates.noindex/TallyPackages.build/Debug-iphoneos/TallyData.build/Objects-normal/arm64/TallyData.swiftmodule (in target 'TallyData' from project 'TallyPackages')
2026-08-27T01:06:47.3098030Z     cd /Users/runner/work/Tally/Tally
2026-08-27T01:06:47.3099230Z     builtin-copy -exclude .DS_Store -exclude CVS -exclude .svn -exclude .git -exclude .hg -resolve-src-symlinks -rename /Users/runner/work/Tally/Tally/build/Build/Intermediates.noindex/TallyPackages.build/Debug-iphoneos/TallyData.build/Objects-normal/arm64/TallyData.swiftmodule /Users/runner/work/Tally/Tally/build/Build/Products/Debug-iphoneos/TallyData.swiftmodule/arm64-apple-ios.swiftmodule
2026-08-27T01:06:47.3102800Z 
2026-08-27T01:06:47.3103930Z Copy /Users/runner/work/Tally/Tally/build/Build/Products/Debug-iphoneos/TallyData.swiftmodule/arm64-apple-ios.swiftdoc /Users/runner/work/Tally/Tally/build/Build/Intermediates.noindex/TallyPackages.build/Debug-iphoneos/TallyData.build/Objects-normal/arm64/TallyData.swiftdoc (in target 'TallyData' from project 'TallyPackages')
2026-08-27T01:06:47.3105130Z     cd /Users/runner/work/Tally/Tally
2026-08-27T01:06:47.3106420Z     builtin-copy -exclude .DS_Store -exclude CVS -exclude .svn -exclude .git -exclude .hg -resolve-src-symlinks -rename /Users/runner/work/Tally/Tally/build/Build/Intermediates.noindex/TallyPackages.build/Debug-iphoneos/TallyData.build/Objects-normal/arm64/TallyData.swiftdoc /Users/runner/work/Tally/Tally/build/Build/Products/Debug-iphoneos/TallyData.swiftmodule/arm64-apple-ios.swiftdoc
2026-08-27T01:06:47.3107720Z 
2026-08-27T01:06:47.3108630Z Copy /Users/runner/work/Tally/Tally/build/Build/Products/Debug-iphoneos/TallyData.swiftmodule/arm64-apple-ios.abi.json /Users/runner/work/Tally/Tally/build/Build/Intermediates.noindex/TallyPackages.build/Debug-iphoneos/TallyData.build/Objects-normal/arm64/TallyData.abi.json (in target 'TallyData' from project 'TallyPackages')
2026-08-27T01:06:47.3109650Z     cd /Users/runner/work/Tally/Tally
2026-08-27T01:06:47.3111690Z     builtin-copy -exclude .DS_Store -exclude CVS -exclude .svn -exclude .git -exclude .hg -resolve-src-symlinks -rename /Users/runner/work/Tally/Tally/build/Build/Intermediates.noindex/TallyPackages.build/Debug-iphoneos/TallyData.build/Objects-normal/arm64/TallyData.abi.json /Users/runner/work/Tally/Tally/build/Build/Products/Debug-iphoneos/TallyData.swiftmodule/arm64-apple-ios.abi.json
2026-08-27T01:06:47.3112840Z 
2026-08-27T01:06:47.3113800Z Copy /Users/runner/work/Tally/Tally/build/Build/Products/Debug-iphoneos/TallyData.swiftmodule/Project/arm64-apple-ios.swiftsourceinfo /Users/runner/work/Tally/Tally/build/Build/Intermediates.noindex/TallyPackages.build/Debug-iphoneos/TallyData.build/Objects-normal/arm64/TallyData.swiftsourceinfo (in target 'TallyData' from project 'TallyPackages')
2026-08-27T01:06:47.3114970Z     cd /Users/runner/work/Tally/Tally
2026-08-27T01:06:47.3116310Z     builtin-copy -exclude .DS_Store -exclude CVS -exclude .svn -exclude .git -exclude .hg -resolve-src-symlinks -rename /Users/runner/work/Tally/Tally/build/Build/Intermediates.noindex/TallyPackages.build/Debug-iphoneos/TallyData.build/Objects-normal/arm64/TallyData.swiftsourceinfo /Users/runner/work/Tally/Tally/build/Build/Products/Debug-iphoneos/TallyData.swiftmodule/Project/arm64-apple-ios.swiftsourceinfo
2026-08-27T01:06:47.3117560Z 
2026-08-27T01:06:47.3117880Z SwiftDriverJobDiscovery normal arm64 Compiling BackgroundSyncManager.swift (in target 'TallyData' from project 'TallyPackages')
2026-08-27T01:06:47.3118280Z 
2026-08-27T01:06:47.3118630Z SwiftDriver\ Compilation TallyData normal arm64 com.apple.xcode.tools.swift.compiler (in target 'TallyData' from project 'TallyPackages')
2026-08-27T01:06:47.3119190Z     cd /Users/runner/work/Tally/Tally/apps/TallyiOS/TallyApp.xcodeproj
2026-08-27T01:06:47.3131240Z     builtin-Swift-Compilation -- /Applications/Xcode_16.4.app/Contents/Developer/Toolchains/XcodeDefault.xctoolchain/usr/bin/swiftc -module-name TallyData -Onone -enforce-exclusivity\=checked @/Users/runner/work/Tally/Tally/build/Build/Intermediates.noindex/TallyPackages.build/Debug-iphoneos/TallyData.build/Objects-normal/arm64/TallyData.SwiftFileList -DSWIFT_PACKAGE -DDEBUG -DXcode -plugin-path /Applications/Xcode_16.4.app/Contents/Developer/Toolchains/XcodeDefault.xctoolchain/usr/lib/swift/host/plugins/testing -enable-experimental-feature DebugDescriptionMacro -sdk /Applications/Xcode_16.4.app/Contents/Developer/Platforms/iPhoneOS.platform/Developer/SDKs/iPhoneOS18.5.sdk -target arm64-apple-ios17.0 -g -module-cache-path /Users/runner/work/Tally/Tally/build/ModuleCache.noindex -Xfrontend -serialize-debugging-options -enable-testing -index-store-path /Users/runner/work/Tally/Tally/build/Index.noindex/DataStore -swift-version 5 -I /Users/runner/work/Tally/Tally/build/Build/Products/Debug-iphoneos -I /Applications/Xcode_16.4.app/Contents/Developer/Platforms/iPhoneOS.platform/Developer/usr/lib -F /Users/runner/work/Tally/Tally/build/Build/Products/Debug-iphoneos/PackageFrameworks -F /Users/runner/work/Tally/Tally/build/Build/Products/Debug-iphoneos/PackageFrameworks -F /Users/runner/work/Tally/Tally/build/Build/Products/Debug-iphoneos/PackageFrameworks -F /Users/runner/work/Tally/Tally/build/Build/Products/Debug-iphoneos/PackageFrameworks -F /Users/runner/work/Tally/Tally/build/Build/Products/Debug-iphoneos/PackageFrameworks -F /Users/runner/work/Tally/Tally/build/Build/Products/Debug-iphoneos -F /Applications/Xcode_16.4.app/Contents/Developer/Platforms/iPhoneOS.platform/Developer/Library/Frameworks -F /Applications/Xcode_16.4.app/Contents/Developer/Platforms/iPhoneOS.platform/Developer/SDKs/iPhoneOS18.5.sdk/Developer/Library/Frameworks -c -j3 -enable-batch-mode -incremental -Xcc -ivfsstatcache -Xcc /Users/runner/work/Tally/Tally/build/SDKStatCaches.noindex/iphoneos18.5-22F76-a529daf784b3616c7c04a36aeb7f5c05.sdkstatcache -output-file-map /Users/runner/work/Tally/Tally/build/Build/Intermediates.noindex/TallyPackages.build/Debug-iphoneos/TallyData.build/Objects-normal/arm64/TallyData-OutputFileMap.json -use-frontend-parseable-output -save-temps -no-color-diagnostics -serialize-diagnostics -emit-dependencies -emit-module -emit-module-path /Users/runner/work/Tally/Tally/build/Build/Intermediates.noindex/TallyPackages.build/Debug-iphoneos/TallyData.build/Objects-normal/arm64/TallyData.swiftmodule -validate-clang-modules-once -clang-build-session-file /Users/runner/work/Tally/Tally/build/ModuleCache.noindex/Session.modulevalidation -package-name tally -Xcc -I/Users/runner/work/Tally/Tally/build/Build/Intermediates.noindex/TallyPackages.build/Debug-iphoneos/TallyData.build/swift-overrides.hmap -emit-const-values -Xfrontend -const-gather-protocols-file -Xfrontend /Users/runner/work/Tally/Tally/build/Build/Intermediates.noindex/TallyPackages.build/Debug-iphoneos/TallyData.build/Objects-normal/arm64/TallyData_const_extract_protocols.json -Xcc -I/Users/runner/work/Tally/Tally/build/Build/Products/Debug-iphoneos/include -Xcc -I/Users/runner/work/Tally/Tally/build/Build/Intermediates.noindex/TallyPackages.build/Debug-iphoneos/TallyData.build/DerivedSources-normal/arm64 -Xcc -I/Users/runner/work/Tally/Tally/build/Build/Intermediates.noindex/TallyPackages.build/Debug-iphoneos/TallyData.build/DerivedSources/arm64 -Xcc -I/Users/runner/work/Tally/Tally/build/Build/Intermediates.noindex/TallyPackages.build/Debug-iphoneos/TallyData.build/DerivedSources -Xcc -DSWIFT_PACKAGE -Xcc -DDEBUG\=1 -emit-objc-header -emit-objc-header-path /Users/runner/work/Tally/Tally/build/Build/Intermediates.noindex/TallyPackages.build/Debug-iphoneos/TallyData.build/Objects-normal/arm64/TallyData-Swift.h -working-directory /Users/runner/work/Tally/Tally/apps/TallyiOS/TallyApp.xcodeproj -experimental-emit-module-separately -disable-cmo
2026-08-27T01:06:47.3143840Z 
2026-08-27T01:06:47.3144280Z Ld /Users/runner/work/Tally/Tally/build/Build/Products/Debug-iphoneos/TallyNotifications.o normal (in target 'TallyNotifications' from project 'TallyPackages')
2026-08-27T01:06:47.3144870Z     cd /Users/runner/work/Tally/Tally
2026-08-27T01:06:47.3151910Z     /Applications/Xcode_16.4.app/Contents/Developer/Toolchains/XcodeDefault.xctoolchain/usr/bin/clang -Xlinker -reproducible -target arm64-apple-ios17.0 -r -isysroot /Applications/Xcode_16.4.app/Contents/Developer/Platforms/iPhoneOS.platform/Developer/SDKs/iPhoneOS18.5.sdk -O0 -L/Users/runner/work/Tally/Tally/build/Build/Intermediates.noindex/EagerLinkingTBDs/Debug-iphoneos -L/Users/runner/work/Tally/Tally/build/Build/Products/Debug-iphoneos -L/Applications/Xcode_16.4.app/Contents/Developer/Platforms/iPhoneOS.platform/Developer/usr/lib -F/Users/runner/work/Tally/Tally/build/Build/Intermediates.noindex/EagerLinkingTBDs/Debug-iphoneos -F/Users/runner/work/Tally/Tally/build/Build/Products/Debug-iphoneos/PackageFrameworks -F/Users/runner/work/Tally/Tally/build/Build/Products/Debug-iphoneos/PackageFrameworks -F/Users/runner/work/Tally/Tally/build/Build/Products/Debug-iphoneos -iframework /Applications/Xcode_16.4.app/Contents/Developer/Platforms/iPhoneOS.platform/Developer/Library/Frameworks -iframework /Applications/Xcode_16.4.app/Contents/Developer/Platforms/iPhoneOS.platform/Developer/SDKs/iPhoneOS18.5.sdk/Developer/Library/Frameworks -filelist /Users/runner/work/Tally/Tally/build/Build/Intermediates.noindex/TallyPackages.build/Debug-iphoneos/TallyNotifications.build/Objects-normal/arm64/TallyNotifications.LinkFileList -nostdlib -Xlinker -object_path_lto -Xlinker /Users/runner/work/Tally/Tally/build/Build/Intermediates.noindex/TallyPackages.build/Debug-iphoneos/TallyNotifications.build/Objects-normal/arm64/TallyNotifications_lto.o -rdynamic -Xlinker -no_deduplicate -Xlinker -dependency_info -Xlinker /Users/runner/work/Tally/Tally/build/Build/Intermediates.noindex/TallyPackages.build/Debug-iphoneos/TallyNotifications.build/Objects-normal/arm64/TallyNotifications_dependency_info.dat -fobjc-link-runtime -L/Applications/Xcode_16.4.app/Contents/Developer/Toolchains/XcodeDefault.xctoolchain/usr/lib/swift/iphoneos -L/usr/lib/swift -Xlinker -add_ast_path -Xlinker /Users/runner/work/Tally/Tally/build/Build/Intermediates.noindex/TallyPackages.build/Debug-iphoneos/TallyNotifications.build/Objects-normal/arm64/TallyNotifications.swiftmodule -o /Users/runner/work/Tally/Tally/build/Build/Products/Debug-iphoneos/TallyNotifications.o
2026-08-27T01:06:47.3159290Z 
2026-08-27T01:06:47.3159690Z Ld /Users/runner/work/Tally/Tally/build/Build/Products/Debug-iphoneos/TallyCanvasKit.o normal (in target 'TallyCanvasKit' from project 'TallyPackages')
2026-08-27T01:06:47.3160220Z     cd /Users/runner/work/Tally/Tally
2026-08-27T01:06:47.3167770Z     /Applications/Xcode_16.4.app/Contents/Developer/Toolchains/XcodeDefault.xctoolchain/usr/bin/clang -Xlinker -reproducible -target arm64-apple-ios17.0 -r -isysroot /Applications/Xcode_16.4.app/Contents/Developer/Platforms/iPhoneOS.platform/Developer/SDKs/iPhoneOS18.5.sdk -O0 -L/Users/runner/work/Tally/Tally/build/Build/Intermediates.noindex/EagerLinkingTBDs/Debug-iphoneos -L/Users/runner/work/Tally/Tally/build/Build/Products/Debug-iphoneos -L/Applications/Xcode_16.4.app/Contents/Developer/Platforms/iPhoneOS.platform/Developer/usr/lib -F/Users/runner/work/Tally/Tally/build/Build/Intermediates.noindex/EagerLinkingTBDs/Debug-iphoneos -F/Users/runner/work/Tally/Tally/build/Build/Products/Debug-iphoneos/PackageFrameworks -F/Users/runner/work/Tally/Tally/build/Build/Products/Debug-iphoneos/PackageFrameworks -F/Users/runner/work/Tally/Tally/build/Build/Products/Debug-iphoneos/PackageFrameworks -F/Users/runner/work/Tally/Tally/build/Build/Products/Debug-iphoneos -iframework /Applications/Xcode_16.4.app/Contents/Developer/Platforms/iPhoneOS.platform/Developer/Library/Frameworks -iframework /Applications/Xcode_16.4.app/Contents/Developer/Platforms/iPhoneOS.platform/Developer/SDKs/iPhoneOS18.5.sdk/Developer/Library/Frameworks -filelist /Users/runner/work/Tally/Tally/build/Build/Intermediates.noindex/TallyPackages.build/Debug-iphoneos/TallyCanvasKit.build/Objects-normal/arm64/TallyCanvasKit.LinkFileList -nostdlib -Xlinker -object_path_lto -Xlinker /Users/runner/work/Tally/Tally/build/Build/Intermediates.noindex/TallyPackages.build/Debug-iphoneos/TallyCanvasKit.build/Objects-normal/arm64/TallyCanvasKit_lto.o -rdynamic -Xlinker -no_deduplicate -Xlinker -dependency_info -Xlinker /Users/runner/work/Tally/Tally/build/Build/Intermediates.noindex/TallyPackages.build/Debug-iphoneos/TallyCanvasKit.build/Objects-normal/arm64/TallyCanvasKit_dependency_info.dat -fobjc-link-runtime -L/Applications/Xcode_16.4.app/Contents/Developer/Toolchains/XcodeDefault.xctoolchain/usr/lib/swift/iphoneos -L/usr/lib/swift -Xlinker -add_ast_path -Xlinker /Users/runner/work/Tally/Tally/build/Build/Intermediates.noindex/TallyPackages.build/Debug-iphoneos/TallyCanvasKit.build/Objects-normal/arm64/TallyCanvasKit.swiftmodule -o /Users/runner/work/Tally/Tally/build/Build/Products/Debug-iphoneos/TallyCanvasKit.o
2026-08-27T01:06:47.3260560Z 
2026-08-27T01:06:47.3261070Z Ld /Users/runner/work/Tally/Tally/build/Build/Products/Debug-iphoneos/TallyCalendarSync.o normal (in target 'TallyCalendarSync' from project 'TallyPackages')
2026-08-27T01:06:47.3277510Z     cd /Users/runner/work/Tally/Tally
2026-08-27T01:06:47.3285250Z     /Applications/Xcode_16.4.app/Contents/Developer/Toolchains/XcodeDefault.xctoolchain/usr/bin/clang -Xlinker -reproducible -target arm64-apple-ios17.0 -r -isysroot /Applications/Xcode_16.4.app/Contents/Developer/Platforms/iPhoneOS.platform/Developer/SDKs/iPhoneOS18.5.sdk -O0 -L/Users/runner/work/Tally/Tally/build/Build/Intermediates.noindex/EagerLinkingTBDs/Debug-iphoneos -L/Users/runner/work/Tally/Tally/build/Build/Products/Debug-iphoneos -L/Applications/Xcode_16.4.app/Contents/Developer/Platforms/iPhoneOS.platform/Developer/usr/lib -F/Users/runner/work/Tally/Tally/build/Build/Intermediates.noindex/EagerLinkingTBDs/Debug-iphoneos -F/Users/runner/work/Tally/Tally/build/Build/Products/Debug-iphoneos/PackageFrameworks -F/Users/runner/work/Tally/Tally/build/Build/Products/Debug-iphoneos/PackageFrameworks -F/Users/runner/work/Tally/Tally/build/Build/Products/Debug-iphoneos -iframework /Applications/Xcode_16.4.app/Contents/Developer/Platforms/iPhoneOS.platform/Developer/Library/Frameworks -iframework /Applications/Xcode_16.4.app/Contents/Developer/Platforms/iPhoneOS.platform/Developer/SDKs/iPhoneOS18.5.sdk/Developer/Library/Frameworks -filelist /Users/runner/work/Tally/Tally/build/Build/Intermediates.noindex/TallyPackages.build/Debug-iphoneos/TallyCalendarSync.build/Objects-normal/arm64/TallyCalendarSync.LinkFileList -nostdlib -Xlinker -object_path_lto -Xlinker /Users/runner/work/Tally/Tally/build/Build/Intermediates.noindex/TallyPackages.build/Debug-iphoneos/TallyCalendarSync.build/Objects-normal/arm64/TallyCalendarSync_lto.o -rdynamic -Xlinker -no_deduplicate -Xlinker -dependency_info -Xlinker /Users/runner/work/Tally/Tally/build/Build/Intermediates.noindex/TallyPackages.build/Debug-iphoneos/TallyCalendarSync.build/Objects-normal/arm64/TallyCalendarSync_dependency_info.dat -fobjc-link-runtime -L/Applications/Xcode_16.4.app/Contents/Developer/Toolchains/XcodeDefault.xctoolchain/usr/lib/swift/iphoneos -L/usr/lib/swift -Xlinker -add_ast_path -Xlinker /Users/runner/work/Tally/Tally/build/Build/Intermediates.noindex/TallyPackages.build/Debug-iphoneos/TallyCalendarSync.build/Objects-normal/arm64/TallyCalendarSync.swiftmodule -o /Users/runner/work/Tally/Tally/build/Build/Products/Debug-iphoneos/TallyCalendarSync.o
2026-08-27T01:06:47.3292750Z 
2026-08-27T01:06:47.3293240Z RegisterExecutionPolicyException /Users/runner/work/Tally/Tally/build/Build/Products/Debug-iphoneos/TallyDesignSystem.o (in target 'TallyDesignSystem' from project 'TallyPackages')
2026-08-27T01:06:47.3293980Z     cd /Users/runner/work/Tally/Tally
2026-08-27T01:06:47.3294480Z     builtin-RegisterExecutionPolicyException /Users/runner/work/Tally/Tally/build/Build/Products/Debug-iphoneos/TallyDesignSystem.o
2026-08-27T01:06:47.3295210Z 
2026-08-27T01:06:47.3295510Z ExtractAppIntentsMetadata (in target 'TallyCache' from project 'TallyPackages')
2026-08-27T01:06:47.3295870Z     cd /Users/runner/work/Tally/Tally
2026-08-27T01:06:47.3316720Z     /Applications/Xcode_16.4.app/Contents/Developer/Toolchains/XcodeDefault.xctoolchain/usr/bin/appintentsmetadataprocessor --toolchain-dir /Applications/Xcode_16.4.app/Contents/Developer/Toolchains/XcodeDefault.xctoolchain --module-name TallyCache --sdk-root /Applications/Xcode_16.4.app/Contents/Developer/Platforms/iPhoneOS.platform/Developer/SDKs/iPhoneOS18.5.sdk --xcode-version 16F6 --platform-family iOS --deployment-target 17.0 --bundle-identifier tally.TallyCache --output /Users/runner/work/Tally/Tally/build/Build/Products/Debug-iphoneos/TallyCache.appintents --target-triple arm64-apple-ios17.0 --binary-file /Users/runner/work/Tally/Tally/build/Build/Products/Debug-iphoneos/TallyCache.o --dependency-file /Users/runner/work/Tally/Tally/build/Build/Intermediates.noindex/TallyPackages.build/Debug-iphoneos/TallyCache.build/Objects-normal/arm64/TallyCache_dependency_info.dat --stringsdata-file /Users/runner/work/Tally/Tally/build/Build/Intermediates.noindex/TallyPackages.build/Debug-iphoneos/TallyCache.build/Objects-normal/arm64/ExtractedAppShortcutsMetadata.stringsdata --source-file-list /Users/runner/work/Tally/Tally/build/Build/Intermediates.noindex/TallyPackages.build/Debug-iphoneos/TallyCache.build/Objects-normal/arm64/TallyCache.SwiftFileList --metadata-file-list /Users/runner/work/Tally/Tally/build/Build/Intermediates.noindex/TallyPackages.build/Debug-iphoneos/TallyCache.build/TallyCache.DependencyMetadataFileList --static-metadata-file-list /Users/runner/work/Tally/Tally/build/Build/Intermediates.noindex/TallyPackages.build/Debug-iphoneos/TallyCache.build/TallyCache.DependencyStaticMetadataFileList --swift-const-vals-list /Users/runner/work/Tally/Tally/build/Build/Intermediates.noindex/TallyPackages.build/Debug-iphoneos/TallyCache.build/Objects-normal/arm64/TallyCache.SwiftConstValuesFileList --force --compile-time-extraction --deployment-aware-processing --validate-assistant-intents --no-app-shortcuts-localization
2026-08-27T01:06:47.3325450Z 2026-08-27 01:06:44.894 appintentsmetadataprocessor[5856:21847] Starting appintentsmetadataprocessor export
2026-08-27T01:06:47.3326120Z 2026-08-27 01:06:44.930 appintentsmetadataprocessor[5856:21847] Extracted no relevant App Intents symbols, skipping writing output
2026-08-27T01:06:47.3326500Z 
2026-08-27T01:06:47.3326950Z ExtractAppIntentsMetadata (in target 'TallyNotifications' from project 'TallyPackages')
2026-08-27T01:06:47.3327380Z     cd /Users/runner/work/Tally/Tally
2026-08-27T01:06:47.3334330Z     /Applications/Xcode_16.4.app/Contents/Developer/Toolchains/XcodeDefault.xctoolchain/usr/bin/appintentsmetadataprocessor --toolchain-dir /Applications/Xcode_16.4.app/Contents/Developer/Toolchains/XcodeDefault.xctoolchain --module-name TallyNotifications --sdk-root /Applications/Xcode_16.4.app/Contents/Developer/Platforms/iPhoneOS.platform/Developer/SDKs/iPhoneOS18.5.sdk --xcode-version 16F6 --platform-family iOS --deployment-target 17.0 --bundle-identifier tally.TallyNotifications --output /Users/runner/work/Tally/Tally/build/Build/Products/Debug-iphoneos/TallyNotifications.appintents --target-triple arm64-apple-ios17.0 --binary-file /Users/runner/work/Tally/Tally/build/Build/Products/Debug-iphoneos/TallyNotifications.o --dependency-file /Users/runner/work/Tally/Tally/build/Build/Intermediates.noindex/TallyPackages.build/Debug-iphoneos/TallyNotifications.build/Objects-normal/arm64/TallyNotifications_dependency_info.dat --stringsdata-file /Users/runner/work/Tally/Tally/build/Build/Intermediates.noindex/TallyPackages.build/Debug-iphoneos/TallyNotifications.build/Objects-normal/arm64/ExtractedAppShortcutsMetadata.stringsdata --source-file-list /Users/runner/work/Tally/Tally/build/Build/Intermediates.noindex/TallyPackages.build/Debug-iphoneos/TallyNotifications.build/Objects-normal/arm64/TallyNotifications.SwiftFileList --metadata-file-list /Users/runner/work/Tally/Tally/build/Build/Intermediates.noindex/TallyPackages.build/Debug-iphoneos/TallyNotifications.build/TallyNotifications.DependencyMetadataFileList --static-metadata-file-list /Users/runner/work/Tally/Tally/build/Build/Intermediates.noindex/TallyPackages.build/Debug-iphoneos/TallyNotifications.build/TallyNotifications.DependencyStaticMetadataFileList --swift-const-vals-list /Users/runner/work/Tally/Tally/build/Build/Intermediates.noindex/TallyPackages.build/Debug-iphoneos/TallyNotifications.build/Objects-normal/arm64/TallyNotifications.SwiftConstValuesFileList --force --compile-time-extraction --deployment-aware-processing --validate-assistant-intents --no-app-shortcuts-localization
2026-08-27T01:06:47.3352370Z 2026-08-27 01:06:44.900 appintentsmetadataprocessor[5857:21848] Starting appintentsmetadataprocessor export
2026-08-27T01:06:47.3353870Z 2026-08-27 01:06:44.932 appintentsmetadataprocessor[5857:21848] Extracted no relevant App Intents symbols, skipping writing output
2026-08-27T01:06:47.3354480Z 
2026-08-27T01:06:47.3354690Z ExtractAppIntentsMetadata (in target 'TallyCanvasKit' from project 'TallyPackages')
2026-08-27T01:06:47.3377410Z     cd /Users/runner/work/Tally/Tally
2026-08-27T01:06:47.3390440Z     /Applications/Xcode_16.4.app/Contents/Developer/Toolchains/XcodeDefault.xctoolchain/usr/bin/appintentsmetadataprocessor --toolchain-dir /Applications/Xcode_16.4.app/Contents/Developer/Toolchains/XcodeDefault.xctoolchain --module-name TallyCanvasKit --sdk-root /Applications/Xcode_16.4.app/Contents/Developer/Platforms/iPhoneOS.platform/Developer/SDKs/iPhoneOS18.5.sdk --xcode-version 16F6 --platform-family iOS --deployment-target 17.0 --bundle-identifier tally.TallyCanvasKit --output /Users/runner/work/Tally/Tally/build/Build/Products/Debug-iphoneos/TallyCanvasKit.appintents --target-triple arm64-apple-ios17.0 --binary-file /Users/runner/work/Tally/Tally/build/Build/Products/Debug-iphoneos/TallyCanvasKit.o --dependency-file /Users/runner/work/Tally/Tally/build/Build/Intermediates.noindex/TallyPackages.build/Debug-iphoneos/TallyCanvasKit.build/Objects-normal/arm64/TallyCanvasKit_dependency_info.dat --stringsdata-file /Users/runner/work/Tally/Tally/build/Build/Intermediates.noindex/TallyPackages.build/Debug-iphoneos/TallyCanvasKit.build/Objects-normal/arm64/ExtractedAppShortcutsMetadata.stringsdata --source-file-list /Users/runner/work/Tally/Tally/build/Build/Intermediates.noindex/TallyPackages.build/Debug-iphoneos/TallyCanvasKit.build/Objects-normal/arm64/TallyCanvasKit.SwiftFileList --metadata-file-list /Users/runner/work/Tally/Tally/build/Build/Intermediates.noindex/TallyPackages.build/Debug-iphoneos/TallyCanvasKit.build/TallyCanvasKit.DependencyMetadataFileList --static-metadata-file-list /Users/runner/work/Tally/Tally/build/Build/Intermediates.noindex/TallyPackages.build/Debug-iphoneos/TallyCanvasKit.build/TallyCanvasKit.DependencyStaticMetadataFileList --swift-const-vals-list /Users/runner/work/Tally/Tally/build/Build/Intermediates.noindex/TallyPackages.build/Debug-iphoneos/TallyCanvasKit.build/Objects-normal/arm64/TallyCanvasKit.SwiftConstValuesFileList --force --compile-time-extraction --deployment-aware-processing --validate-assistant-intents --no-app-shortcuts-localization
2026-08-27T01:06:47.3413880Z 2026-08-27 01:06:44.912 appintentsmetadataprocessor[5858:21852] Starting appintentsmetadataprocessor export
2026-08-27T01:06:47.3414580Z 2026-08-27 01:06:44.945 appintentsmetadataprocessor[5858:21852] Extracted no relevant App Intents symbols, skipping writing output
2026-08-27T01:06:47.3414980Z 
2026-08-27T01:06:47.3415180Z ExtractAppIntentsMetadata (in target 'TallyCalendarSync' from project 'TallyPackages')
2026-08-27T01:06:47.3415560Z     cd /Users/runner/work/Tally/Tally
2026-08-27T01:06:47.3423500Z     /Applications/Xcode_16.4.app/Contents/Developer/Toolchains/XcodeDefault.xctoolchain/usr/bin/appintentsmetadataprocessor --toolchain-dir /Applications/Xcode_16.4.app/Contents/Developer/Toolchains/XcodeDefault.xctoolchain --module-name TallyCalendarSync --sdk-root /Applications/Xcode_16.4.app/Contents/Developer/Platforms/iPhoneOS.platform/Developer/SDKs/iPhoneOS18.5.sdk --xcode-version 16F6 --platform-family iOS --deployment-target 17.0 --bundle-identifier tally.TallyCalendarSync --output /Users/runner/work/Tally/Tally/build/Build/Products/Debug-iphoneos/TallyCalendarSync.appintents --target-triple arm64-apple-ios17.0 --binary-file /Users/runner/work/Tally/Tally/build/Build/Products/Debug-iphoneos/TallyCalendarSync.o --dependency-file /Users/runner/work/Tally/Tally/build/Build/Intermediates.noindex/TallyPackages.build/Debug-iphoneos/TallyCalendarSync.build/Objects-normal/arm64/TallyCalendarSync_dependency_info.dat --stringsdata-file /Users/runner/work/Tally/Tally/build/Build/Intermediates.noindex/TallyPackages.build/Debug-iphoneos/TallyCalendarSync.build/Objects-normal/arm64/ExtractedAppShortcutsMetadata.stringsdata --source-file-list /Users/runner/work/Tally/Tally/build/Build/Intermediates.noindex/TallyPackages.build/Debug-iphoneos/TallyCalendarSync.build/Objects-normal/arm64/TallyCalendarSync.SwiftFileList --metadata-file-list /Users/runner/work/Tally/Tally/build/Build/Intermediates.noindex/TallyPackages.build/Debug-iphoneos/TallyCalendarSync.build/TallyCalendarSync.DependencyMetadataFileList --static-metadata-file-list /Users/runner/work/Tally/Tally/build/Build/Intermediates.noindex/TallyPackages.build/Debug-iphoneos/TallyCalendarSync.build/TallyCalendarSync.DependencyStaticMetadataFileList --swift-const-vals-list /Users/runner/work/Tally/Tally/build/Build/Intermediates.noindex/TallyPackages.build/Debug-iphoneos/TallyCalendarSync.build/Objects-normal/arm64/TallyCalendarSync.SwiftConstValuesFileList --force --compile-time-extraction --deployment-aware-processing --validate-assistant-intents --no-app-shortcuts-localization
2026-08-27T01:06:47.3431510Z 2026-08-27 01:06:44.945 appintentsmetadataprocessor[5859:21859] Starting appintentsmetadataprocessor export
2026-08-27T01:06:47.3433520Z 2026-08-27 01:06:44.981 appintentsmetadataprocessor[5859:21859] Extracted no relevant App Intents symbols, skipping writing output
2026-08-27T01:06:47.3434590Z 
2026-08-27T01:06:47.3434980Z SwiftDriver TallyAppFeature normal arm64 com.apple.xcode.tools.swift.compiler (in target 'TallyAppFeature' from project 'TallyPackages')
2026-08-27T01:06:47.3435950Z     cd /Users/runner/work/Tally/Tally/apps/TallyiOS/TallyApp.xcodeproj
2026-08-27T01:06:47.3465700Z     builtin-SwiftDriver -- /Applications/Xcode_16.4.app/Contents/Developer/Toolchains/XcodeDefault.xctoolchain/usr/bin/swiftc -module-name TallyAppFeature -Onone -enforce-exclusivity\=checked @/Users/runner/work/Tally/Tally/build/Build/Intermediates.noindex/TallyPackages.build/Debug-iphoneos/TallyAppFeature.build/Objects-normal/arm64/TallyAppFeature.SwiftFileList -DSWIFT_PACKAGE -DDEBUG -DXcode -plugin-path /Applications/Xcode_16.4.app/Contents/Developer/Toolchains/XcodeDefault.xctoolchain/usr/lib/swift/host/plugins/testing -enable-experimental-feature DebugDescriptionMacro -sdk /Applications/Xcode_16.4.app/Contents/Developer/Platforms/iPhoneOS.platform/Developer/SDKs/iPhoneOS18.5.sdk -target arm64-apple-ios17.0 -g -module-cache-path /Users/runner/work/Tally/Tally/build/ModuleCache.noindex -Xfrontend -serialize-debugging-options -enable-testing -index-store-path /Users/runner/work/Tally/Tally/build/Index.noindex/DataStore -swift-version 5 -I /Users/runner/work/Tally/Tally/build/Build/Products/Debug-iphoneos -I /Applications/Xcode_16.4.app/Contents/Developer/Platforms/iPhoneOS.platform/Developer/usr/lib -F /Users/runner/work/Tally/Tally/build/Build/Products/Debug-iphoneos/PackageFrameworks -F /Users/runner/work/Tally/Tally/build/Build/Products/Debug-iphoneos/PackageFrameworks -F /Users/runner/work/Tally/Tally/build/Build/Products/Debug-iphoneos/PackageFrameworks -F /Users/runner/work/Tally/Tally/build/Build/Products/Debug-iphoneos/PackageFrameworks -F /Users/runner/work/Tally/Tally/build/Build/Products/Debug-iphoneos/PackageFrameworks -F /Users/runner/work/Tally/Tally/build/Build/Products/Debug-iphoneos/PackageFrameworks -F /Users/runner/work/Tally/Tally/build/Build/Products/Debug-iphoneos/PackageFrameworks -F /Users/runner/work/Tally/Tally/build/Build/Products/Debug-iphoneos/PackageFrameworks -F /Users/runner/work/Tally/Tally/build/Build/Products/Debug-iphoneos/PackageFrameworks -F /Users/runner/work/Tally/Tally/build/Build/Products/Debug-iphoneos -F /Applications/Xcode_16.4.app/Contents/Developer/Platforms/iPhoneOS.platform/Developer/Library/Frameworks -F /Applications/Xcode_16.4.app/Contents/Developer/Platforms/iPhoneOS.platform/Developer/SDKs/iPhoneOS18.5.sdk/Developer/Library/Frameworks -c -j3 -enable-batch-mode -incremental -Xcc -ivfsstatcache -Xcc /Users/runner/work/Tally/Tally/build/SDKStatCaches.noindex/iphoneos18.5-22F76-a529daf784b3616c7c04a36aeb7f5c05.sdkstatcache -output-file-map /Users/runner/work/Tally/Tally/build/Build/Intermediates.noindex/TallyPackages.build/Debug-iphoneos/TallyAppFeature.build/Objects-normal/arm64/TallyAppFeature-OutputFileMap.json -use-frontend-parseable-output -save-temps -no-color-diagnostics -serialize-diagnostics -emit-dependencies -emit-module -emit-module-path /Users/runner/work/Tally/Tally/build/Build/Intermediates.noindex/TallyPackages.build/Debug-iphoneos/TallyAppFeature.build/Objects-normal/arm64/TallyAppFeature.swiftmodule -validate-clang-modules-once -clang-build-session-file /Users/runner/work/Tally/Tally/build/ModuleCache.noindex/Session.modulevalidation -package-name tally -Xcc -I/Users/runner/work/Tally/Tally/build/Build/Intermediates.noindex/TallyPackages.build/Debug-iphoneos/TallyAppFeature.build/swift-overrides.hmap -emit-const-values -Xfrontend -const-gather-protocols-file -Xfrontend /Users/runner/work/Tally/Tally/build/Build/Intermediates.noindex/TallyPackages.build/Debug-iphoneos/TallyAppFeature.build/Objects-normal/arm64/TallyAppFeature_const_extract_protocols.json -Xcc -I/Users/runner/work/Tally/Tally/build/Build/Products/Debug-iphoneos/include -Xcc -I/Users/runner/work/Tally/Tally/build/Build/Intermediates.noindex/TallyPackages.build/Debug-iphoneos/TallyAppFeature.build/DerivedSources-normal/arm64 -Xcc -I/Users/runner/work/Tally/Tally/build/Build/Intermediates.noindex/TallyPackages.build/Debug-iphoneos/TallyAppFeature.build/DerivedSources/arm64 -Xcc -I/Users/runner/work/Tally/Tally/build/Build/Intermediates.noindex/TallyPackages.build/Debug-iphoneos/TallyAppFeature.build/DerivedSources -Xcc -DSWIFT_PACKAGE -Xcc -DDEBUG\=1 -emit-objc-header -emit-objc-header-path /Users/runner/work/Tally/Tally/build/Build/Intermediates.noindex/TallyPackages.build/Debug-iphoneos/TallyAppFeature.build/Objects-normal/arm64/TallyAppFeature-Swift.h -working-directory /Users/runner/work/Tally/Tally/apps/TallyiOS/TallyApp.xcodeproj -experimental-emit-module-separately -disable-cmo
2026-08-27T01:06:47.3492200Z 
2026-08-27T01:06:47.3493060Z RegisterExecutionPolicyException /Users/runner/work/Tally/Tally/build/Build/Products/Debug-iphoneos/TallyCache.o (in target 'TallyCache' from project 'TallyPackages')
2026-08-27T01:06:47.3493870Z     cd /Users/runner/work/Tally/Tally
2026-08-27T01:06:47.3494500Z     builtin-RegisterExecutionPolicyException /Users/runner/work/Tally/Tally/build/Build/Products/Debug-iphoneos/TallyCache.o
2026-08-27T01:06:47.3494960Z 
2026-08-27T01:06:47.3495520Z RegisterExecutionPolicyException /Users/runner/work/Tally/Tally/build/Build/Products/Debug-iphoneos/TallyNotifications.o (in target 'TallyNotifications' from project 'TallyPackages')
2026-08-27T01:06:47.3496310Z     cd /Users/runner/work/Tally/Tally
2026-08-27T01:06:47.3497560Z     builtin-RegisterExecutionPolicyException /Users/runner/work/Tally/Tally/build/Build/Products/Debug-iphoneos/TallyNotifications.o
2026-08-27T01:06:47.3498230Z 
2026-08-27T01:06:47.3498650Z SwiftEmitModule normal arm64 Emitting\ module\ for\ TallyAppFeature (in target 'TallyAppFeature' from project 'TallyPackages')
2026-08-27T01:06:47.3499230Z 
2026-08-27T01:06:47.3499500Z EmitSwiftModule normal arm64 (in target 'TallyAppFeature' from project 'TallyPackages')
2026-08-27T01:06:47.3500400Z     cd /Users/runner/work/Tally/Tally/apps/TallyiOS/TallyApp.xcodeproj
2026-08-27T01:06:47.3500820Z     
2026-08-27T01:06:47.3500940Z 
2026-08-27T01:06:47.3506280Z SwiftCompile normal arm64 Compiling\ AppRootView.swift,\ BiometricLockView.swift,\ CalendarView.swift,\ CalendarViewModel.swift,\ CourseDetailView.swift,\ CourseDetailViewModel.swift /Users/runner/work/Tally/Tally/packages/TallyAppFeature/Sources/AppRootView.swift /Users/runner/work/Tally/Tally/packages/TallyAppFeature/Sources/BiometricLockView.swift /Users/runner/work/Tally/Tally/packages/TallyAppFeature/Sources/CalendarView.swift /Users/runner/work/Tally/Tally/packages/TallyAppFeature/Sources/CalendarViewModel.swift /Users/runner/work/Tally/Tally/packages/TallyAppFeature/Sources/CourseDetailView.swift /Users/runner/work/Tally/Tally/packages/TallyAppFeature/Sources/CourseDetailViewModel.swift (in target 'TallyAppFeature' from project 'TallyPackages')
2026-08-27T01:06:47.3509980Z SwiftCompile normal arm64 /Users/runner/work/Tally/Tally/packages/TallyAppFeature/Sources/AppRootView.swift (in target 'TallyAppFeature' from project 'TallyPackages')
2026-08-27T01:06:47.3512450Z     cd /Users/runner/work/Tally/Tally/apps/TallyiOS/TallyApp.xcodeproj
2026-08-27T01:06:47.3513700Z     
2026-08-27T01:06:47.3513830Z 
2026-08-27T01:06:47.3514420Z SwiftCompile normal arm64 /Users/runner/work/Tally/Tally/packages/TallyAppFeature/Sources/BiometricLockView.swift (in target 'TallyAppFeature' from project 'TallyPackages')
2026-08-27T01:06:47.3515290Z     cd /Users/runner/work/Tally/Tally/apps/TallyiOS/TallyApp.xcodeproj
2026-08-27T01:06:47.3515640Z     
2026-08-27T01:06:47.3515760Z 
2026-08-27T01:06:47.3516450Z SwiftCompile normal arm64 /Users/runner/work/Tally/Tally/packages/TallyAppFeature/Sources/CalendarView.swift (in target 'TallyAppFeature' from project 'TallyPackages')
2026-08-27T01:06:47.3517930Z     cd /Users/runner/work/Tally/Tally/apps/TallyiOS/TallyApp.xcodeproj
2026-08-27T01:06:47.3518300Z     
2026-08-27T01:06:47.3518810Z 
2026-08-27T01:06:47.3519580Z SwiftCompile normal arm64 /Users/runner/work/Tally/Tally/packages/TallyAppFeature/Sources/CalendarViewModel.swift (in target 'TallyAppFeature' from project 'TallyPackages')
2026-08-27T01:06:47.3521210Z     cd /Users/runner/work/Tally/Tally/apps/TallyiOS/TallyApp.xcodeproj
2026-08-27T01:06:47.3522180Z     
2026-08-27T01:06:47.3522260Z 
2026-08-27T01:06:47.3522990Z SwiftCompile normal arm64 /Users/runner/work/Tally/Tally/packages/TallyAppFeature/Sources/CourseDetailView.swift (in target 'TallyAppFeature' from project 'TallyPackages')
2026-08-27T01:06:47.3526200Z     cd /Users/runner/work/Tally/Tally/apps/TallyiOS/TallyApp.xcodeproj
2026-08-27T01:06:47.3526670Z     
2026-08-27T01:06:47.3526780Z 
2026-08-27T01:06:47.3528100Z SwiftCompile normal arm64 /Users/runner/work/Tally/Tally/packages/TallyAppFeature/Sources/CourseDetailViewModel.swift (in target 'TallyAppFeature' from project 'TallyPackages')
2026-08-27T01:06:47.3529950Z     cd /Users/runner/work/Tally/Tally/apps/TallyiOS/TallyApp.xcodeproj
2026-08-27T01:06:47.3530240Z     
2026-08-27T01:06:47.3530410Z 
2026-08-27T01:06:47.3532340Z SwiftCompile normal arm64 Compiling\ LoginView.swift,\ MainTabView.swift,\ SettingsView.swift,\ TodoView.swift,\ TodoViewModel.swift /Users/runner/work/Tally/Tally/packages/TallyAppFeature/Sources/LoginView.swift /Users/runner/work/Tally/Tally/packages/TallyAppFeature/Sources/MainTabView.swift /Users/runner/work/Tally/Tally/packages/TallyAppFeature/Sources/SettingsView.swift /Users/runner/work/Tally/Tally/packages/TallyAppFeature/Sources/TodoView.swift /Users/runner/work/Tally/Tally/packages/TallyAppFeature/Sources/TodoViewModel.swift (in target 'TallyAppFeature' from project 'TallyPackages')
2026-08-27T01:06:47.3534830Z Failed frontend command:
2026-08-27T01:06:47.3577870Z /Applications/Xcode_16.4.app/Contents/Developer/Toolchains/XcodeDefault.xctoolchain/usr/bin/swift-frontend -frontend -c /Users/runner/work/Tally/Tally/packages/TallyAppFeature/Sources/AppRootView.swift /Users/runner/work/Tally/Tally/packages/TallyAppFeature/Sources/BiometricLockView.swift /Users/runner/work/Tally/Tally/packages/TallyAppFeature/Sources/CalendarView.swift /Users/runner/work/Tally/Tally/packages/TallyAppFeature/Sources/CalendarViewModel.swift /Users/runner/work/Tally/Tally/packages/TallyAppFeature/Sources/CourseDetailView.swift /Users/runner/work/Tally/Tally/packages/TallyAppFeature/Sources/CourseDetailViewModel.swift /Users/runner/work/Tally/Tally/packages/TallyAppFeature/Sources/CoursesView.swift /Users/runner/work/Tally/Tally/packages/TallyAppFeature/Sources/CoursesViewModel.swift /Users/runner/work/Tally/Tally/packages/TallyAppFeature/Sources/DashboardView.swift /Users/runner/work/Tally/Tally/packages/TallyAppFeature/Sources/DashboardViewModel.swift /Users/runner/work/Tally/Tally/packages/TallyAppFeature/Sources/InsightsView.swift /Users/runner/work/Tally/Tally/packages/TallyAppFeature/Sources/InsightsViewModel.swift -primary-file /Users/runner/work/Tally/Tally/packages/TallyAppFeature/Sources/LoginView.swift -primary-file /Users/runner/work/Tally/Tally/packages/TallyAppFeature/Sources/MainTabView.swift -primary-file /Users/runner/work/Tally/Tally/packages/TallyAppFeature/Sources/SettingsView.swift -primary-file /Users/runner/work/Tally/Tally/packages/TallyAppFeature/Sources/TodoView.swift -primary-file /Users/runner/work/Tally/Tally/packages/TallyAppFeature/Sources/TodoViewModel.swift -supplementary-output-file-map /Users/runner/work/Tally/Tally/build/Build/Intermediates.noindex/TallyPackages.build/Debug-iphoneos/TallyAppFeature.build/Objects-normal/arm64/supplementaryOutputs-3 -target arm64-apple-ios17.0 -Xllvm -aarch64-use-tbi -enable-objc-interop -stack-check -sdk /Applications/Xcode_16.4.app/Contents/Developer/Platforms/iPhoneOS.platform/Developer/SDKs/iPhoneOS18.5.sdk -I /Users/runner/work/Tally/Tally/build/Build/Products/Debug-iphoneos -I /Applications/Xcode_16.4.app/Contents/Developer/Platforms/iPhoneOS.platform/Developer/usr/lib -F /Users/runner/work/Tally/Tally/build/Build/Products/Debug-iphoneos/PackageFrameworks -F /Users/runner/work/Tally/Tally/build/Build/Products/Debug-iphoneos/PackageFrameworks -F /Users/runner/work/Tally/Tally/build/Build/Products/Debug-iphoneos/PackageFrameworks -F /Users/runner/work/Tally/Tally/build/Build/Products/Debug-iphoneos/PackageFrameworks -F /Users/runner/work/Tally/Tally/build/Build/Products/Debug-iphoneos/PackageFrameworks -F /Users/runner/work/Tally/Tally/build/Build/Products/Debug-iphoneos/PackageFrameworks -F /Users/runner/work/Tally/Tally/build/Build/Products/Debug-iphoneos/PackageFrameworks -F /Users/runner/work/Tally/Tally/build/Build/Products/Debug-iphoneos/PackageFrameworks -F /Users/runner/work/Tally/Tally/build/Build/Products/Debug-iphoneos/PackageFrameworks -F /Users/runner/work/Tally/Tally/build/Build/Products/Debug-iphoneos -F /Applications/Xcode_16.4.app/Contents/Developer/Platforms/iPhoneOS.platform/Developer/Library/Frameworks -F /Applications/Xcode_16.4.app/Contents/Developer/Platforms/iPhoneOS.platform/Developer/SDKs/iPhoneOS18.5.sdk/Developer/Library/Frameworks -no-color-diagnostics -enable-testing -g -debug-info-format\=dwarf -dwarf-version\=4 -module-cache-path /Users/runner/work/Tally/Tally/build/ModuleCache.noindex -swift-version 5 -enforce-exclusivity\=checked -Onone -D SWIFT_PACKAGE -D DEBUG -D Xcode -serialize-debugging-options -const-gather-protocols-file /Users/runner/work/Tally/Tally/build/Build/Intermediates.noindex/TallyPackages.build/Debug-iphoneos/TallyAppFeature.build/Objects-normal/arm64/TallyAppFeature_const_extract_protocols.json -enable-experimental-feature DebugDescriptionMacro -empty-abi-descriptor -plugin-path /Applications/Xcode_16.4.app/Contents/Developer/Toolchains/XcodeDefault.xctoolchain/usr/lib/swift/host/plugins/testing -validate-clang-modules-once -clang-build-session-file /Users/runner/work/Tally/Tally/build/ModuleCache.noindex/Session.modulevalidation -Xcc -working-directory -Xcc /Users/runner/work/Tally/Tally/apps/TallyiOS/TallyApp.xcodeproj -resource-dir /Applications/Xcode_16.4.app/Contents/Developer/Toolchains/XcodeDefault.xctoolchain/usr/lib/swift -enable-anonymous-context-mangled-names -file-compilation-dir /Users/runner/work/Tally/Tally/apps/TallyiOS/TallyApp.xcodeproj -Xcc -ivfsstatcache -Xcc /Users/runner/work/Tally/Tally/build/SDKStatCaches.noindex/iphoneos18.5-22F76-a529daf784b3616c7c04a36aeb7f5c05.sdkstatcache -Xcc -I/Users/runner/work/Tally/Tally/build/Build/Intermediates.noindex/TallyPackages.build/Debug-iphoneos/TallyAppFeature.build/swift-overrides.hmap -Xcc -I/Users/runner/work/Tally/Tally/build/Build/Products/Debug-iphoneos/include -Xcc -I/Users/runner/work/Tally/Tally/build/Build/Intermediates.noindex/TallyPackages.build/Debug-iphoneos/TallyAppFeature.build/DerivedSources-normal/arm64 -Xcc -I/Users/runner/work/Tally/Tally/build/Build/Intermediates.noindex/TallyPackages.build/Debug-iphoneos/TallyAppFeature.build/DerivedSources/arm64 -Xcc -I/Users/runner/work/Tally/Tally/build/Build/Intermediates.noindex/TallyPackages.build/Debug-iphoneos/TallyAppFeature.build/DerivedSources -Xcc -DSWIFT_PACKAGE -Xcc -DDEBUG\=1 -module-name TallyAppFeature -package-name tally -frontend-parseable-output -disable-clang-spi -target-sdk-version 18.5 -target-sdk-name iphoneos18.5 -external-plugin-path /Applications/Xcode_16.4.app/Contents/Developer/Platforms/iPhoneOS.platform/Developer/usr/lib/swift/host/plugins\#/Applications/Xcode_16.4.app/Contents/Developer/Platforms/iPhoneOS.platform/Developer/usr/bin/swift-plugin-server -external-plugin-path /Applications/Xcode_16.4.app/Contents/Developer/Platforms/iPhoneOS.platform/Developer/usr/local/lib/swift/host/plugins\#/Applications/Xcode_16.4.app/Contents/Developer/Platforms/iPhoneOS.platform/Developer/usr/bin/swift-plugin-server -in-process-plugin-server-path /Applications/Xcode_16.4.app/Contents/Developer/Toolchains/XcodeDefault.xctoolchain/usr/lib/swift/host/libSwiftInProcPluginServer.dylib -plugin-path /Applications/Xcode_16.4.app/Contents/Developer/Toolchains/XcodeDefault.xctoolchain/usr/lib/swift/host/plugins -plugin-path /Applications/Xcode_16.4.app/Contents/Developer/Toolchains/XcodeDefault.xctoolchain/usr/local/lib/swift/host/plugins -o /Users/runner/work/Tally/Tally/build/Build/Intermediates.noindex/TallyPackages.build/Debug-iphoneos/TallyAppFeature.build/Objects-normal/arm64/LoginView.o -o /Users/runner/work/Tally/Tally/build/Build/Intermediates.noindex/TallyPackages.build/Debug-iphoneos/TallyAppFeature.build/Objects-normal/arm64/MainTabView.o -o /Users/runner/work/Tally/Tally/build/Build/Intermediates.noindex/TallyPackages.build/Debug-iphoneos/TallyAppFeature.build/Objects-normal/arm64/SettingsView.o -o /Users/runner/work/Tally/Tally/build/Build/Intermediates.noindex/TallyPackages.build/Debug-iphoneos/TallyAppFeature.build/Objects-normal/arm64/TodoView.o -o /Users/runner/work/Tally/Tally/build/Build/Intermediates.noindex/TallyPackages.build/Debug-iphoneos/TallyAppFeature.build/Objects-normal/arm64/TodoViewModel.o -index-unit-output-path /TallyPackages.build/Debug-iphoneos/TallyAppFeature.build/Objects-normal/arm64/LoginView.o -index-unit-output-path /TallyPackages.build/Debug-iphoneos/TallyAppFeature.build/Objects-normal/arm64/MainTabView.o -index-unit-output-path /TallyPackages.build/Debug-iphoneos/TallyAppFeature.build/Objects-normal/arm64/SettingsView.o -index-unit-output-path /TallyPackages.build/Debug-iphoneos/TallyAppFeature.build/Objects-normal/arm64/TodoView.o -index-unit-output-path /TallyPackages.build/Debug-iphoneos/TallyAppFeature.build/Objects-normal/arm64/TodoViewModel.o -index-store-path /Users/runner/work/Tally/Tally/build/Index.noindex/DataStore -index-system-modules
2026-08-27T01:06:47.3604180Z 
2026-08-27T01:06:47.3604640Z SwiftCompile normal arm64 /Users/runner/work/Tally/Tally/packages/TallyAppFeature/Sources/LoginView.swift (in target 'TallyAppFeature' from project 'TallyPackages')
2026-08-27T01:06:47.3605610Z     cd /Users/runner/work/Tally/Tally/apps/TallyiOS/TallyApp.xcodeproj
2026-08-27T01:06:47.3605920Z     
2026-08-27T01:06:47.3606000Z 
2026-08-27T01:06:47.3606470Z SwiftCompile normal arm64 /Users/runner/work/Tally/Tally/packages/TallyAppFeature/Sources/MainTabView.swift (in target 'TallyAppFeature' from project 'TallyPackages')
2026-08-27T01:06:47.3607250Z     cd /Users/runner/work/Tally/Tally/apps/TallyiOS/TallyApp.xcodeproj
2026-08-27T01:06:47.3607560Z     
2026-08-27T01:06:47.3607830Z 
2026-08-27T01:06:47.3608350Z SwiftCompile normal arm64 /Users/runner/work/Tally/Tally/packages/TallyAppFeature/Sources/SettingsView.swift (in target 'TallyAppFeature' from project 'TallyPackages')
2026-08-27T01:06:47.3609110Z     cd /Users/runner/work/Tally/Tally/apps/TallyiOS/TallyApp.xcodeproj
2026-08-27T01:06:47.3609980Z     
2026-08-27T01:06:47.3610080Z 
2026-08-27T01:06:47.3610560Z SwiftCompile normal arm64 /Users/runner/work/Tally/Tally/packages/TallyAppFeature/Sources/TodoView.swift (in target 'TallyAppFeature' from project 'TallyPackages')
2026-08-27T01:06:47.3612530Z     cd /Users/runner/work/Tally/Tally/apps/TallyiOS/TallyApp.xcodeproj
2026-08-27T01:06:47.3612850Z     
2026-08-27T01:06:47.3613540Z /Users/runner/work/Tally/Tally/packages/TallyAppFeature/Sources/TodoView.swift:17:72: error: cannot convert value of type 'Binding<Subject>' to expected argument type '[TodoItem]'
2026-08-27T01:06:47.3614230Z                         todoSection(title: "Missing", items: viewModel.missing)
2026-08-27T01:06:47.3614580Z                                                                        ^
2026-08-27T01:06:47.3615370Z /Users/runner/work/Tally/Tally/packages/TallyAppFeature/Sources/TodoView.swift:17:72: error: value of type 'TodoViewModel' has no dynamic member 'missing' using key path from root type 'TodoViewModel'
2026-08-27T01:06:47.3616280Z                         todoSection(title: "Missing", items: viewModel.missing)
2026-08-27T01:06:47.3616670Z                                                              ~~~~~~~~~ ^~~~~~~
2026-08-27T01:06:47.3617410Z /Users/runner/work/Tally/Tally/packages/TallyAppFeature/Sources/TodoView.swift:17:62: error: referencing subscript 'subscript(dynamicMember:)' requires wrapper 'ObservedObject<TodoViewModel>.Wrapper'
2026-08-27T01:06:47.3618180Z                         todoSection(title: "Missing", items: viewModel.missing)
2026-08-27T01:06:47.3618500Z                                                              ^
2026-08-27T01:06:47.3618770Z                                                              $
2026-08-27T01:06:47.3618950Z 
2026-08-27T01:06:47.3619430Z SwiftCompile normal arm64 /Users/runner/work/Tally/Tally/packages/TallyAppFeature/Sources/TodoViewModel.swift (in target 'TallyAppFeature' from project 'TallyPackages')
2026-08-27T01:06:47.3620390Z     cd /Users/runner/work/Tally/Tally/apps/TallyiOS/TallyApp.xcodeproj
2026-08-27T01:06:47.3620720Z     
2026-08-27T01:06:47.3620820Z 
2026-08-27T01:06:47.3623310Z SwiftCompile normal arm64 Compiling\ CoursesView.swift,\ CoursesViewModel.swift,\ DashboardView.swift,\ DashboardViewModel.swift,\ InsightsView.swift,\ InsightsViewModel.swift /Users/runner/work/Tally/Tally/packages/TallyAppFeature/Sources/CoursesView.swift /Users/runner/work/Tally/Tally/packages/TallyAppFeature/Sources/CoursesViewModel.swift /Users/runner/work/Tally/Tally/packages/TallyAppFeature/Sources/DashboardView.swift /Users/runner/work/Tally/Tally/packages/TallyAppFeature/Sources/DashboardViewModel.swift /Users/runner/work/Tally/Tally/packages/TallyAppFeature/Sources/InsightsView.swift /Users/runner/work/Tally/Tally/packages/TallyAppFeature/Sources/InsightsViewModel.swift (in target 'TallyAppFeature' from project 'TallyPackages')
2026-08-27T01:06:47.3625750Z 
2026-08-27T01:06:47.3626270Z SwiftCompile normal arm64 /Users/runner/work/Tally/Tally/packages/TallyAppFeature/Sources/CoursesView.swift (in target 'TallyAppFeature' from project 'TallyPackages')
2026-08-27T01:06:47.3627070Z     cd /Users/runner/work/Tally/Tally/apps/TallyiOS/TallyApp.xcodeproj
2026-08-27T01:06:47.3627420Z     
2026-08-27T01:06:47.3627520Z 
2026-08-27T01:06:47.3628150Z SwiftCompile normal arm64 /Users/runner/work/Tally/Tally/packages/TallyAppFeature/Sources/CoursesViewModel.swift (in target 'TallyAppFeature' from project 'TallyPackages')
2026-08-27T01:06:47.3629090Z     cd /Users/runner/work/Tally/Tally/apps/TallyiOS/TallyApp.xcodeproj
2026-08-27T01:06:47.3642170Z     
2026-08-27T01:06:47.3642330Z 
2026-08-27T01:06:47.3642790Z SwiftCompile normal arm64 /Users/runner/work/Tally/Tally/packages/TallyAppFeature/Sources/DashboardView.swift (in target 'TallyAppFeature' from project 'TallyPackages')
2026-08-27T01:06:47.3643940Z     cd /Users/runner/work/Tally/Tally/apps/TallyiOS/TallyApp.xcodeproj
2026-08-27T01:06:47.3644250Z     
2026-08-27T01:06:47.3644610Z 
2026-08-27T01:06:47.3645090Z SwiftCompile normal arm64 /Users/runner/work/Tally/Tally/packages/TallyAppFeature/Sources/DashboardViewModel.swift (in target 'TallyAppFeature' from project 'TallyPackages')
2026-08-27T01:06:47.3646060Z     cd /Users/runner/work/Tally/Tally/apps/TallyiOS/TallyApp.xcodeproj
2026-08-27T01:06:47.3646480Z     
2026-08-27T01:06:47.3646570Z 
2026-08-27T01:06:47.3647060Z SwiftCompile normal arm64 /Users/runner/work/Tally/Tally/packages/TallyAppFeature/Sources/InsightsView.swift (in target 'TallyAppFeature' from project 'TallyPackages')
2026-08-27T01:06:47.3648830Z     cd /Users/runner/work/Tally/Tally/apps/TallyiOS/TallyApp.xcodeproj
2026-08-27T01:06:47.3649140Z     
2026-08-27T01:06:47.3649220Z 
2026-08-27T01:06:47.3649720Z SwiftCompile normal arm64 /Users/runner/work/Tally/Tally/packages/TallyAppFeature/Sources/InsightsViewModel.swift (in target 'TallyAppFeature' from project 'TallyPackages')
2026-08-27T01:06:47.3650530Z     cd /Users/runner/work/Tally/Tally/apps/TallyiOS/TallyApp.xcodeproj
2026-08-27T01:06:47.3650820Z     
2026-08-27T01:06:47.3650900Z 
2026-08-27T01:06:47.3651250Z SwiftDriverJobDiscovery normal arm64 Emitting module for TallyAppFeature (in target 'TallyAppFeature' from project 'TallyPackages')
2026-08-27T01:06:47.3652140Z 
2026-08-27T01:06:47.3652620Z SwiftDriver\ Compilation\ Requirements TallyAppFeature normal arm64 com.apple.xcode.tools.swift.compiler (in target 'TallyAppFeature' from project 'TallyPackages')
2026-08-27T01:06:47.3653810Z     cd /Users/runner/work/Tally/Tally/apps/TallyiOS/TallyApp.xcodeproj
2026-08-27T01:06:47.3671840Z     builtin-Swift-Compilation-Requirements -- /Applications/Xcode_16.4.app/Contents/Developer/Toolchains/XcodeDefault.xctoolchain/usr/bin/swiftc -module-name TallyAppFeature -Onone -enforce-exclusivity\=checked @/Users/runner/work/Tally/Tally/build/Build/Intermediates.noindex/TallyPackages.build/Debug-iphoneos/TallyAppFeature.build/Objects-normal/arm64/TallyAppFeature.SwiftFileList -DSWIFT_PACKAGE -DDEBUG -DXcode -plugin-path /Applications/Xcode_16.4.app/Contents/Developer/Toolchains/XcodeDefault.xctoolchain/usr/lib/swift/host/plugins/testing -enable-experimental-feature DebugDescriptionMacro -sdk /Applications/Xcode_16.4.app/Contents/Developer/Platforms/iPhoneOS.platform/Developer/SDKs/iPhoneOS18.5.sdk -target arm64-apple-ios17.0 -g -module-cache-path /Users/runner/work/Tally/Tally/build/ModuleCache.noindex -Xfrontend -serialize-debugging-options -enable-testing -index-store-path /Users/runner/work/Tally/Tally/build/Index.noindex/DataStore -swift-version 5 -I /Users/runner/work/Tally/Tally/build/Build/Products/Debug-iphoneos -I /Applications/Xcode_16.4.app/Contents/Developer/Platforms/iPhoneOS.platform/Developer/usr/lib -F /Users/runner/work/Tally/Tally/build/Build/Products/Debug-iphoneos/PackageFrameworks -F /Users/runner/work/Tally/Tally/build/Build/Products/Debug-iphoneos/PackageFrameworks -F /Users/runner/work/Tally/Tally/build/Build/Products/Debug-iphoneos/PackageFrameworks -F /Users/runner/work/Tally/Tally/build/Build/Products/Debug-iphoneos/PackageFrameworks -F /Users/runner/work/Tally/Tally/build/Build/Products/Debug-iphoneos/PackageFrameworks -F /Users/runner/work/Tally/Tally/build/Build/Products/Debug-iphoneos/PackageFrameworks -F /Users/runner/work/Tally/Tally/build/Build/Products/Debug-iphoneos/PackageFrameworks -F /Users/runner/work/Tally/Tally/build/Build/Products/Debug-iphoneos/PackageFrameworks -F /Users/runner/work/Tally/Tally/build/Build/Products/Debug-iphoneos/PackageFrameworks -F /Users/runner/work/Tally/Tally/build/Build/Products/Debug-iphoneos -F /Applications/Xcode_16.4.app/Contents/Developer/Platforms/iPhoneOS.platform/Developer/Library/Frameworks -F /Applications/Xcode_16.4.app/Contents/Developer/Platforms/iPhoneOS.platform/Developer/SDKs/iPhoneOS18.5.sdk/Developer/Library/Frameworks -c -j3 -enable-batch-mode -incremental -Xcc -ivfsstatcache -Xcc /Users/runner/work/Tally/Tally/build/SDKStatCaches.noindex/iphoneos18.5-22F76-a529daf784b3616c7c04a36aeb7f5c05.sdkstatcache -output-file-map /Users/runner/work/Tally/Tally/build/Build/Intermediates.noindex/TallyPackages.build/Debug-iphoneos/TallyAppFeature.build/Objects-normal/arm64/TallyAppFeature-OutputFileMap.json -use-frontend-parseable-output -save-temps -no-color-diagnostics -serialize-diagnostics -emit-dependencies -emit-module -emit-module-path /Users/runner/work/Tally/Tally/build/Build/Intermediates.noindex/TallyPackages.build/Debug-iphoneos/TallyAppFeature.build/Objects-normal/arm64/TallyAppFeature.swiftmodule -validate-clang-modules-once -clang-build-session-file /Users/runner/work/Tally/Tally/build/ModuleCache.noindex/Session.modulevalidation -package-name tally -Xcc -I/Users/runner/work/Tally/Tally/build/Build/Intermediates.noindex/TallyPackages.build/Debug-iphoneos/TallyAppFeature.build/swift-overrides.hmap -emit-const-values -Xfrontend -const-gather-protocols-file -Xfrontend /Users/runner/work/Tally/Tally/build/Build/Intermediates.noindex/TallyPackages.build/Debug-iphoneos/TallyAppFeature.build/Objects-normal/arm64/TallyAppFeature_const_extract_protocols.json -Xcc -I/Users/runner/work/Tally/Tally/build/Build/Products/Debug-iphoneos/include -Xcc -I/Users/runner/work/Tally/Tally/build/Build/Intermediates.noindex/TallyPackages.build/Debug-iphoneos/TallyAppFeature.build/DerivedSources-normal/arm64 -Xcc -I/Users/runner/work/Tally/Tally/build/Build/Intermediates.noindex/TallyPackages.build/Debug-iphoneos/TallyAppFeature.build/DerivedSources/arm64 -Xcc -I/Users/runner/work/Tally/Tally/build/Build/Intermediates.noindex/TallyPackages.build/Debug-iphoneos/TallyAppFeature.build/DerivedSources -Xcc -DSWIFT_PACKAGE -Xcc -DDEBUG\=1 -emit-objc-header -emit-objc-header-path /Users/runner/work/Tally/Tally/build/Build/Intermediates.noindex/TallyPackages.build/Debug-iphoneos/TallyAppFeature.build/Objects-normal/arm64/TallyAppFeature-Swift.h -working-directory /Users/runner/work/Tally/Tally/apps/TallyiOS/TallyApp.xcodeproj -experimental-emit-module-separately -disable-cmo
2026-08-27T01:06:47.3687090Z 
2026-08-27T01:06:47.3687240Z ** BUILD FAILED **
2026-08-27T01:06:47.3687360Z 
2026-08-27T01:06:47.3687360Z 
2026-08-27T01:06:47.3687430Z The following build commands failed:
2026-08-27T01:06:47.3692000Z 	SwiftCompile normal arm64 Compiling\ LoginView.swift,\ MainTabView.swift,\ SettingsView.swift,\ TodoView.swift,\ TodoViewModel.swift /Users/runner/work/Tally/Tally/packages/TallyAppFeature/Sources/LoginView.swift /Users/runner/work/Tally/Tally/packages/TallyAppFeature/Sources/MainTabView.swift /Users/runner/work/Tally/Tally/packages/TallyAppFeature/Sources/SettingsView.swift /Users/runner/work/Tally/Tally/packages/TallyAppFeature/Sources/TodoView.swift /Users/runner/work/Tally/Tally/packages/TallyAppFeature/Sources/TodoViewModel.swift (in target 'TallyAppFeature' from project 'TallyPackages')
2026-08-27T01:06:47.3695820Z 	SwiftCompile normal arm64 /Users/runner/work/Tally/Tally/packages/TallyAppFeature/Sources/TodoView.swift (in target 'TallyAppFeature' from project 'TallyPackages')
2026-08-27T01:06:47.3696590Z 	Building project TallyApp with scheme TallyApp and configuration Debug
2026-08-27T01:06:47.3696940Z (3 failures)
2026-08-27T01:06:47.4972950Z ##[error]Process completed with exit code 65.
2026-08-27T01:06:47.5313780Z Node 20 is being deprecated. This workflow is running with Node 24 by default. If you need to temporarily use Node 20, you can set the ACTIONS_ALLOW_USE_UNSECURE_NODE_VERSION=true environment variable. For more information see: https://github.blog/changelog/2025-09-19-deprecation-of-node-20-on-github-actions-runners/
2026-08-27T01:06:47.5315210Z Post job cleanup.
2026-08-27T01:06:47.9346740Z [command]/opt/homebrew/bin/git version
2026-08-27T01:06:47.9548490Z git version 2.55.0
2026-08-27T01:06:48.0054450Z Copying '/Users/runner/.gitconfig' to '/Users/runner/work/_temp/3ce27c98-90f2-49e2-bcf9-5b44a2219b58/.gitconfig'
2026-08-27T01:06:48.0155200Z Temporarily overriding HOME='/Users/runner/work/_temp/3ce27c98-90f2-49e2-bcf9-5b44a2219b58' before making global git config changes
2026-08-27T01:06:48.0256390Z Adding repository directory to the temporary git global config as a safe directory
2026-08-27T01:06:48.0357820Z [command]/opt/homebrew/bin/git config --global --add safe.directory /Users/runner/work/Tally/Tally
2026-08-27T01:06:48.0660130Z [command]/opt/homebrew/bin/git config --local --name-only --get-regexp core\.sshCommand
2026-08-27T01:06:48.0963610Z [command]/opt/homebrew/bin/git submodule foreach --recursive sh -c "git config --local --name-only --get-regexp 'core\.sshCommand' && git config --local --unset-all 'core.sshCommand' || :"
2026-08-27T01:06:48.1623550Z [command]/opt/homebrew/bin/git config --local --name-only --get-regexp http\.https\:\/\/github\.com\/\.extraheader
2026-08-27T01:06:48.1724790Z http.https://github.com/.extraheader
2026-08-27T01:06:48.2028810Z [command]/opt/homebrew/bin/git config --local --unset-all http.https://github.com/.extraheader
2026-08-27T01:06:48.2332700Z [command]/opt/homebrew/bin/git submodule foreach --recursive sh -c "git config --local --name-only --get-regexp 'http\.https\:\/\/github\.com\/\.extraheader' && git config --local --unset-all 'http.https://github.com/.extraheader' || :"
2026-08-27T01:06:48.3253610Z [command]/opt/homebrew/bin/git config --local --name-only --get-regexp ^includeIf\.gitdir:
2026-08-27T01:06:48.3289150Z [command]/opt/homebrew/bin/git submodule foreach --recursive git config --local --show-origin --name-only --get-regexp remote.origin.url
2026-08-27T01:06:48.4879310Z Cleaning up orphan processes
2026-08-27T01:06:49.1104040Z Terminate orphan process: pid (5773) (ibtoold)
2026-08-27T01:06:49.8152830Z ##[warning]Node.js 20 is deprecated. The following actions target Node.js 20 but are being forced to run on Node.js 24: actions/checkout@v4. For more information see: https://github.blog/changelog/2025-09-19-deprecation-of-node-20-on-github-actions-runners/
